depth,entry_lookup_calls,entry_hit_win,entry_hit_loss,entry_miss,prefetch_calls,prefetch_hit_win,prefetch_hit_loss,prefetch_miss,put_win,put_loss,child_eval_from_cache_win,child_eval_from_cache_loss,child_eval_recursive,visited_nonterminal_nodes,nodes_with_any_prefetch_hit,nodes_cache_changes_first_child,nodes_cache_changes_full_order,actual_first_cached_loss,fallback_first_cached_loss,solved_win_nodes,win_return_from_cached_loss_child
3,1,0,0,1,96,0,0,96,1,0,0,0,1,1,0,0,0,0,0,1,0
4,1,0,0,1,80,0,0,80,0,1,0,0,80,1,0,0,0,0,0,0,0
5,80,0,0,80,5680,0,0,5680,80,0,0,0,285,80,0,0,0,0,0,80,0
6,285,0,0,285,13899,0,0,13899,205,80,0,0,6660,285,0,0,0,0,0,205,0
7,6660,0,0,6660,254208,0,0,254208,6455,205,0,0,47893,6660,0,0,0,0,0,6455,0
8,47893,0,0,47893,1183088,229981,33580,919527,41438,6455,65332,24069,192293,47893,44536,26389,41595,24069,6428,41438,24069
9,192293,0,0,192293,3491912,307836,81961,3102115,174924,17369,37193,63639,667024,192293,156745,87188,151937,63639,20666,174924,63639
10,667024,0,0,667024,7528597,827152,285045,6416400,555739,111285,195699,219957,1871011,667021,504856,248950,472146,219957,97732,555739,219957
11,1871011,0,0,1871011,12854973,1354439,889407,10611127,1535229,335782,398592,671374,3014391,1870056,1235886,601646,1029344,671374,346407,1535229,671374
12,3014391,0,0,3014391,11422804,1511150,1409937,8501717,2150536,863855,748873,1052975,3260700,2963401,1787125,754027,1122093,1052975,696374,2150536,1052975
13,3260700,0,0,3260700,5977385,832828,1736660,3407897,2163139,1097561,592020,1272835,2009331,2857692,1749221,412518,531883,1272835,1113649,2163139,1272835
14,2009331,0,0,2009331,1820018,190732,950779,678507,1119027,890304,170231,769158,550554,1292629,894004,81987,91539,769158,747828,1119027,769158
15,550554,0,0,550554,245709,14564,170878,60267,200685,349869,14169,155123,55708,212595,164832,5013,5168,155123,154127,200685,155123
16,55708,0,0,55708,10858,219,8790,1849,10146,45562,219,8469,1786,10310,8617,67,67,8469,8456,10146,8469
17,1786,0,0,1786,109,0,0,109,109,1677,0,0,109,109,0,0,0,0,0,109,0
18,109,0,0,109,0,0,0,0,0,109,0,0,0,0,0,0,0,0,0,0,0
