parent,batch,state,order,outcome_probe,visited,maxdepth,memo,seconds
"9,12,33",0,0-9-12-33,independent,PROBE,1000000,18,998756,4.19024
"9,12,33",0,1-9-12-33,independent,PROBE,1000000,18,998342,4.10401
"9,12,33",0,3-9-12-33,independent,PROBE,1000000,18,998375,4.49977
"9,12,33",0,4-9-12-33,independent,PROBE,1000000,18,998849,4.90633
"9,12,33",0,5-9-12-33,independent,PROBE,1000000,18,997986,4.15785
"9,12,33",0,6-9-12-33,independent,PROBE,1000000,18,998177,4.20159
"9,12,33",0,7-9-12-33,independent,PROBE,1000000,17,998717,4.76271
"9,12,33",0,8-9-12-33,independent,PROBE,1000000,18,998822,4.22257
"9,12,33",0,9-10-12-33,independent,PROBE,1000000,18,998887,5.64126
"9,12,33",0,9-11-12-33,independent,PROBE,1000000,18,999057,8.58931
"9,12,33",0,9-12-13-33,independent,PROBE,1000000,18,998385,5.06119
"9,12,33",0,9-12-14-33,independent,PROBE,1000000,17,997895,5.29911
"9,12,33",0,9-12-15-33,independent,PROBE,1000000,18,997483,4.63505
"9,12,33",0,9-12-16-33,independent,PROBE,1000000,18,997820,4.92734
"9,12,33",0,9-12-17-33,independent,PROBE,1000000,18,998465,4.66365
"9,12,33",0,9-12-18-33,independent,PROBE,1000000,18,997601,4.52869
"9,12,33",0,9-12-20-33,independent,PROBE,1000000,18,998742,4.62039
"9,12,33",0,9-12-21-33,independent,PROBE,1000000,17,996677,4.47626
"9,12,33",0,9-12-22-33,independent,PROBE,1000000,18,998842,4.64829
"9,12,33",0,9-12-23-33,independent,PROBE,1000000,18,998713,5.21876
