state,outcome,visited,maxdepth,memo,seconds
0-2-13-23,WIN,8819721,18,8808700,34.3411
0-2-13-24,WIN,3178861,18,3174692,15.3192
0-2-13-25,WIN,9914875,18,9901002,38.0904
0-2-13-26,WIN,8102526,18,8092151,29.7618
0-2-13-27,WIN,9501480,18,9489725,34.3991
0-2-13-28,WIN,7674244,18,7665455,29.9212
0-2-13-29,WIN,8123531,18,8114911,32.5031
0-2-13-30,WIN,6265073,18,6256723,25.1396
0-2-13-31,WIN,3484921,18,3479612,15.7373
0-2-13-32,WIN,5160296,18,5153035,23.4523
0-2-13-34,WIN,7602854,18,7593153,32.3555
0-2-13-35,WIN,4374375,18,4368795,18.7748
0-2-13-36,WIN,7418441,18,7406363,30.0382
0-2-13-37,WIN,4662415,18,4656307,19.9552
0-2-13-38,WIN,6410068,18,6399097,26.3894
0-2-13-39,WIN,6112470,18,6103862,25.512
0-2-13-41,WIN,14850772,18,14831870,63.4215
0-2-13-43,WIN,8286475,18,8276384,32.5059
0-2-13-44,WIN,8199105,18,8186280,37.3276
0-2-13-45,WIN,7986043,19,7977330,36.7615
