state,visited,maxdepth,memo,seconds,depth_visited_0,depth_visited_1,depth_visited_2,depth_visited_3,depth_visited_4,depth_visited_5,depth_visited_6,depth_visited_7,depth_visited_8,depth_visited_9,depth_visited_10,depth_visited_11,depth_visited_12,depth_visited_13,depth_visited_14,depth_visited_15,depth_visited_16,depth_visited_17,depth_visited_18,depth_visited_19,memo_used_d9,memo_used_d10,memo_used_d11,memo_used_d12,memo_used_d13,memo_used_d14,memo_used_d15,memo_used_d16,memo_used_d17,memo_used_d18,memo_used_d19,memo_used_d20,memo_used_d21,memo_capacity_d9,memo_capacity_d10,memo_capacity_d11,memo_capacity_d12,memo_capacity_d13,memo_capacity_d14,memo_capacity_d15,memo_capacity_d16,memo_capacity_d17,memo_capacity_d18,memo_capacity_d19,memo_capacity_d20,memo_capacity_d21,probe_status,executable_seal_sha256,solver_sha256,runner_sha256
0-9-12-33,1000000,18,998756,1.66083,0,0,0,0,1,1,14,105,1113,6064,28819,98977,217151,293556,249460,93059,11325,349,6,0,6063,28818,98976,0,217150,0,293556,0,249460,0,93059,11325,349,1048576,4194304,8388608,2097152,16777216,2097152,33554432,8388608,16777216,2097152,8388608,1048576,65536,BUDGET_EXHAUSTED,2a81eaaf47ccdb95d5a1f818dce2749099c5b5234c6c68c20bb2e0a4170a9970,c268a39a4a851635437cf93d91d2c9ad79e0a3817f9490c6c7f66c3ed590c77d,563f5fe6994d7532cf4e073f7158305b0db385a503d1afc3e8979283fdde8925
1-9-12-33,1000000,18,998342,1.63565,0,0,0,0,1,1,15,150,1470,7554,33449,110965,227703,294975,233039,80652,9661,349,16,0,7553,33448,110964,0,227702,0,294974,0,233039,0,80652,9661,349,1048576,4194304,8388608,2097152,16777216,2097152,33554432,8388608,16777216,2097152,8388608,1048576,65536,BUDGET_EXHAUSTED,2a81eaaf47ccdb95d5a1f818dce2749099c5b5234c6c68c20bb2e0a4170a9970,c268a39a4a851635437cf93d91d2c9ad79e0a3817f9490c6c7f66c3ed590c77d,563f5fe6994d7532cf4e073f7158305b0db385a503d1afc3e8979283fdde8925
3-9-12-33,1000000,18,998375,1.6522,0,0,0,0,1,3,16,193,1399,8288,33758,111225,223717,291637,231993,85664,11646,450,10,0,8287,33757,111224,0,223717,0,291637,0,231993,0,85664,11646,450,1048576,4194304,8388608,2097152,16777216,2097152,33554432,8388608,16777216,2097152,8388608,1048576,65536,BUDGET_EXHAUSTED,2a81eaaf47ccdb95d5a1f818dce2749099c5b5234c6c68c20bb2e0a4170a9970,c268a39a4a851635437cf93d91d2c9ad79e0a3817f9490c6c7f66c3ed590c77d,563f5fe6994d7532cf4e073f7158305b0db385a503d1afc3e8979283fdde8925
4-9-12-33,1000000,18,998849,1.67913,0,0,0,0,1,2,12,94,990,5185,25293,88052,205025,289812,261419,107750,15656,663,46,0,5184,25292,88051,0,205024,0,289811,0,261418,0,107750,15656,663,1048576,4194304,8388608,2097152,16777216,2097152,33554432,8388608,16777216,2097152,8388608,1048576,65536,BUDGET_EXHAUSTED,2a81eaaf47ccdb95d5a1f818dce2749099c5b5234c6c68c20bb2e0a4170a9970,c268a39a4a851635437cf93d91d2c9ad79e0a3817f9490c6c7f66c3ed590c77d,563f5fe6994d7532cf4e073f7158305b0db385a503d1afc3e8979283fdde8925
5-9-12-33,1000000,18,997986,1.63315,0,0,0,0,1,3,12,239,1716,10500,41143,130301,240388,292252,208978,66639,7511,280,37,0,10499,41142,130300,0,240387,0,292251,0,208977,0,66639,7511,280,1048576,4194304,8388608,2097152,16777216,2097152,33554432,8388608,16777216,2097152,8388608,1048576,65536,BUDGET_EXHAUSTED,2a81eaaf47ccdb95d5a1f818dce2749099c5b5234c6c68c20bb2e0a4170a9970,c268a39a4a851635437cf93d91d2c9ad79e0a3817f9490c6c7f66c3ed590c77d,563f5fe6994d7532cf4e073f7158305b0db385a503d1afc3e8979283fdde8925
6-9-12-33,1000000,18,998177,1.66088,0,0,0,0,1,4,14,206,1521,7430,31620,105907,217033,287021,237560,95776,15095,741,71,0,7429,31619,105906,0,217032,0,287020,0,237559,0,95776,15095,741,1048576,4194304,8388608,2097152,16777216,2097152,33554432,8388608,16777216,2097152,8388608,1048576,65536,BUDGET_EXHAUSTED,2a81eaaf47ccdb95d5a1f818dce2749099c5b5234c6c68c20bb2e0a4170a9970,c268a39a4a851635437cf93d91d2c9ad79e0a3817f9490c6c7f66c3ed590c77d,563f5fe6994d7532cf4e073f7158305b0db385a503d1afc3e8979283fdde8925
7-9-12-33,1000000,17,998717,1.66375,0,0,0,0,1,2,11,128,1138,6832,30750,104865,220746,294749,241698,87606,11066,408,0,0,6831,30749,104864,0,220746,0,294749,0,241698,0,87606,11066,408,1048576,4194304,8388608,2097152,16777216,2097152,33554432,8388608,16777216,2097152,8388608,1048576,65536,BUDGET_EXHAUSTED,2a81eaaf47ccdb95d5a1f818dce2749099c5b5234c6c68c20bb2e0a4170a9970,c268a39a4a851635437cf93d91d2c9ad79e0a3817f9490c6c7f66c3ed590c77d,563f5fe6994d7532cf4e073f7158305b0db385a503d1afc3e8979283fdde8925
8-9-12-33,1000000,18,998822,1.63831,0,0,0,0,1,2,10,136,1017,6813,30372,106895,224058,298838,238935,83071,9580,265,7,0,6812,30371,106894,0,224057,0,298837,0,238935,0,83071,9580,265,1048576,4194304,8388608,2097152,16777216,2097152,33554432,8388608,16777216,2097152,8388608,1048576,65536,BUDGET_EXHAUSTED,2a81eaaf47ccdb95d5a1f818dce2749099c5b5234c6c68c20bb2e0a4170a9970,c268a39a4a851635437cf93d91d2c9ad79e0a3817f9490c6c7f66c3ed590c77d,563f5fe6994d7532cf4e073f7158305b0db385a503d1afc3e8979283fdde8925
9-10-12-33,1000000,18,998887,1.64232,0,0,0,0,1,2,9,109,972,6481,29009,102348,216780,293244,242913,94391,13241,485,15,0,6480,29008,102347,0,216779,0,293243,0,242913,0,94391,13241,485,1048576,4194304,8388608,2097152,16777216,2097152,33554432,8388608,16777216,2097152,8388608,1048576,65536,BUDGET_EXHAUSTED,2a81eaaf47ccdb95d5a1f818dce2749099c5b5234c6c68c20bb2e0a4170a9970,c268a39a4a851635437cf93d91d2c9ad79e0a3817f9490c6c7f66c3ed590c77d,563f5fe6994d7532cf4e073f7158305b0db385a503d1afc3e8979283fdde8925
9-11-12-33,1000000,18,999057,1.63901,0,0,0,0,1,1,16,57,848,4136,23108,80781,198748,287244,270551,116521,17302,672,14,0,4135,23107,80780,0,198747,0,287243,0,270550,0,116521,17302,672,1048576,4194304,8388608,2097152,16777216,2097152,33554432,8388608,16777216,2097152,8388608,1048576,65536,BUDGET_EXHAUSTED,2a81eaaf47ccdb95d5a1f818dce2749099c5b5234c6c68c20bb2e0a4170a9970,c268a39a4a851635437cf93d91d2c9ad79e0a3817f9490c6c7f66c3ed590c77d,563f5fe6994d7532cf4e073f7158305b0db385a503d1afc3e8979283fdde8925
9-12-13-33,1000000,18,998385,1.67025,0,0,0,0,1,2,18,154,1420,7509,31748,105930,220942,292256,239542,89049,11076,340,13,0,7508,31747,105929,0,220941,0,292255,0,239541,0,89048,11076,340,1048576,4194304,8388608,2097152,16777216,2097152,33554432,8388608,16777216,2097152,8388608,1048576,65536,BUDGET_EXHAUSTED,2a81eaaf47ccdb95d5a1f818dce2749099c5b5234c6c68c20bb2e0a4170a9970,c268a39a4a851635437cf93d91d2c9ad79e0a3817f9490c6c7f66c3ed590c77d,563f5fe6994d7532cf4e073f7158305b0db385a503d1afc3e8979283fdde8925
9-12-14-33,1000000,17,997895,1.64397,0,0,0,0,1,4,11,274,1810,11244,42776,134940,243295,293345,205141,61036,5985,138,0,0,11243,42775,134939,0,243294,0,293344,0,205141,0,61036,5985,138,1048576,4194304,8388608,2097152,16777216,2097152,33554432,8388608,16777216,2097152,8388608,1048576,65536,BUDGET_EXHAUSTED,2a81eaaf47ccdb95d5a1f818dce2749099c5b5234c6c68c20bb2e0a4170a9970,c268a39a4a851635437cf93d91d2c9ad79e0a3817f9490c6c7f66c3ed590c77d,563f5fe6994d7532cf4e073f7158305b0db385a503d1afc3e8979283fdde8925
9-12-15-33,1000000,18,997483,1.63893,0,0,0,0,1,6,11,315,2132,12860,48006,142665,246391,285315,192710,61493,7719,330,46,0,12859,48005,142664,0,246390,0,285314,0,192709,0,61493,7719,330,1048576,4194304,8388608,2097152,16777216,2097152,33554432,8388608,16777216,2097152,8388608,1048576,65536,BUDGET_EXHAUSTED,2a81eaaf47ccdb95d5a1f818dce2749099c5b5234c6c68c20bb2e0a4170a9970,c268a39a4a851635437cf93d91d2c9ad79e0a3817f9490c6c7f66c3ed590c77d,563f5fe6994d7532cf4e073f7158305b0db385a503d1afc3e8979283fdde8925
9-12-16-33,1000000,18,997820,1.66362,0,0,0,0,1,3,13,263,1854,10603,41213,131280,241491,293408,209073,63693,6771,293,41,0,10602,41212,131279,0,241490,0,293407,0,209073,0,63693,6771,293,1048576,4194304,8388608,2097152,16777216,2097152,33554432,8388608,16777216,2097152,8388608,1048576,65536,BUDGET_EXHAUSTED,2a81eaaf47ccdb95d5a1f818dce2749099c5b5234c6c68c20bb2e0a4170a9970,c268a39a4a851635437cf93d91d2c9ad79e0a3817f9490c6c7f66c3ed590c77d,563f5fe6994d7532cf4e073f7158305b0db385a503d1afc3e8979283fdde8925
9-12-17-33,1000000,18,998465,1.69397,0,0,0,0,1,4,8,199,1303,9614,37180,126827,239564,299363,214037,64756,6885,244,15,0,9613,37179,126826,0,239563,0,299362,0,214037,0,64756,6885,244,1048576,4194304,8388608,2097152,16777216,2097152,33554432,8388608,16777216,2097152,8388608,1048576,65536,BUDGET_EXHAUSTED,2a81eaaf47ccdb95d5a1f818dce2749099c5b5234c6c68c20bb2e0a4170a9970,c268a39a4a851635437cf93d91d2c9ad79e0a3817f9490c6c7f66c3ed590c77d,563f5fe6994d7532cf4e073f7158305b0db385a503d1afc3e8979283fdde8925
9-12-18-33,1000000,18,997601,1.63836,0,0,0,0,1,6,12,341,2017,10982,40872,129427,236477,293125,210761,67897,7840,227,15,0,10981,40871,129426,0,236476,0,293124,0,210760,0,67896,7840,227,1048576,4194304,8388608,2097152,16777216,2097152,33554432,8388608,16777216,2097152,8388608,1048576,65536,BUDGET_EXHAUSTED,2a81eaaf47ccdb95d5a1f818dce2749099c5b5234c6c68c20bb2e0a4170a9970,c268a39a4a851635437cf93d91d2c9ad79e0a3817f9490c6c7f66c3ed590c77d,563f5fe6994d7532cf4e073f7158305b0db385a503d1afc3e8979283fdde8925
9-12-20-33,1000000,18,998742,1.65374,0,0,0,0,1,2,8,161,1043,7407,31024,109271,224611,298437,235886,81737,9978,397,37,0,7406,31023,109270,0,224610,0,298436,0,235885,0,81737,9978,397,1048576,4194304,8388608,2097152,16777216,2097152,33554432,8388608,16777216,2097152,8388608,1048576,65536,BUDGET_EXHAUSTED,2a81eaaf47ccdb95d5a1f818dce2749099c5b5234c6c68c20bb2e0a4170a9970,c268a39a4a851635437cf93d91d2c9ad79e0a3817f9490c6c7f66c3ed590c77d,563f5fe6994d7532cf4e073f7158305b0db385a503d1afc3e8979283fdde8925
9-12-21-33,1000000,17,996677,1.63366,0,0,0,0,1,4,13,398,2904,13445,49845,149823,255351,293258,183355,47412,4113,78,0,0,13444,49844,149822,0,255351,0,293258,0,183355,0,47412,4113,78,1048576,4194304,8388608,2097152,16777216,2097152,33554432,8388608,16777216,2097152,8388608,1048576,65536,BUDGET_EXHAUSTED,2a81eaaf47ccdb95d5a1f818dce2749099c5b5234c6c68c20bb2e0a4170a9970,c268a39a4a851635437cf93d91d2c9ad79e0a3817f9490c6c7f66c3ed590c77d,563f5fe6994d7532cf4e073f7158305b0db385a503d1afc3e8979283fdde8925
9-12-22-33,1000000,18,998842,1.63737,0,0,0,0,1,1,14,86,999,5352,26374,91338,206862,289004,256935,106322,15931,727,54,0,5351,26373,91337,0,206862,0,289004,0,256935,0,106322,15931,727,1048576,4194304,8388608,2097152,16777216,2097152,33554432,8388608,16777216,2097152,8388608,1048576,65536,BUDGET_EXHAUSTED,2a81eaaf47ccdb95d5a1f818dce2749099c5b5234c6c68c20bb2e0a4170a9970,c268a39a4a851635437cf93d91d2c9ad79e0a3817f9490c6c7f66c3ed590c77d,563f5fe6994d7532cf4e073f7158305b0db385a503d1afc3e8979283fdde8925
9-12-23-33,1000000,18,998713,1.68222,0,0,0,0,1,1,13,106,1142,6290,28838,100045,217260,294230,245216,93672,12698,468,20,0,6289,28837,100044,0,217259,0,294230,0,245216,0,93672,12698,468,1048576,4194304,8388608,2097152,16777216,2097152,33554432,8388608,16777216,2097152,8388608,1048576,65536,BUDGET_EXHAUSTED,2a81eaaf47ccdb95d5a1f818dce2749099c5b5234c6c68c20bb2e0a4170a9970,c268a39a4a851635437cf93d91d2c9ad79e0a3817f9490c6c7f66c3ed590c77d,563f5fe6994d7532cf4e073f7158305b0db385a503d1afc3e8979283fdde8925
