state,outcome,visited,maxdepth,memo,seconds,depth_visited_0,depth_visited_1,depth_visited_2,depth_visited_3,depth_visited_4,depth_visited_5,depth_visited_6,depth_visited_7,depth_visited_8,depth_visited_9,depth_visited_10,depth_visited_11,depth_visited_12,depth_visited_13,depth_visited_14,depth_visited_15,depth_visited_16,depth_visited_17,depth_visited_18,depth_visited_19,memo_used_d9,memo_used_d10,memo_used_d11,memo_used_d12,memo_used_d13,memo_used_d14,memo_used_d15,memo_used_d16,memo_used_d17,memo_used_d18,memo_used_d19,memo_used_d20,memo_used_d21,memo_capacity_d9,memo_capacity_d10,memo_capacity_d11,memo_capacity_d12,memo_capacity_d13,memo_capacity_d14,memo_capacity_d15,memo_capacity_d16,memo_capacity_d17,memo_capacity_d18,memo_capacity_d19,memo_capacity_d20,memo_capacity_d21
0-13-21-66,PROBE,1000000,18,998129,3.91103,0,0,0,0,1,3,9,217,1541,9975,39315,127849,238374,293771,210574,68952,8855,470,94,0,9974,39314,127848,0,238373,0,293770,0,210573,0,68952,8855,470,1048576,4194304,8388608,2097152,16777216,2097152,33554432,8388608,16777216,2097152,8388608,1048576,65536
0-13-21-67,PROBE,1000000,18,1996613,7.56045,0,0,0,0,1,2,9,171,1274,8198,34648,115726,229115,294484,226935,79029,9926,428,54,0,18171,73961,243573,0,467487,0,588253,0,437508,0,147981,18781,898,1048576,4194304,8388608,2097152,16777216,2097152,33554432,8388608,16777216,2097152,8388608,1048576,65536
0-13-21-68,PROBE,1000000,17,2993878,11.1396,0,0,0,0,1,4,20,297,2408,13015,50318,147633,254584,291072,184424,51144,4956,124,0,0,31185,124278,391205,0,722070,0,879324,0,621932,0,199125,23737,1022,1048576,4194304,8388608,2097152,16777216,2097152,33554432,8388608,16777216,2097152,8388608,1048576,65536
0-13-21-69,PROBE,1000000,18,3992600,14.8654,0,0,0,0,1,1,9,120,1138,7415,32622,114488,230170,298270,228207,77531,9662,363,3,0,38599,156899,505692,0,952239,0,1177593,0,850138,0,276656,33399,1385,1048576,4194304,8388608,2097152,16777216,2097152,33554432,8388608,16777216,2097152,8388608,1048576,65536
0-13-21-70,PROBE,1000000,18,4990372,18.6861,0,0,0,0,1,7,12,297,1831,10733,40050,128243,235176,288281,209499,74139,11042,616,73,0,49331,196948,633934,0,1187414,0,1465873,0,1059636,0,350794,44441,2001,1048576,4194304,8388608,2097152,16777216,2097152,33554432,8388608,16777216,2097152,8388608,1048576,65536
0-13-21-71,PROBE,1000000,18,5988818,22.5352,0,0,0,0,1,1,14,129,1305,6501,29000,101730,218142,293485,242917,92511,13434,731,99,0,55831,225947,735663,0,1405555,0,1759357,0,1302553,0,443305,57875,2732,1048576,4194304,8388608,2097152,16777216,2097152,33554432,8388608,16777216,2097152,8388608,1048576,65536
0-13-21-72,PROBE,1000000,17,6986893,26.2637,0,0,0,0,1,4,8,257,1649,11061,43202,139071,248876,296891,198095,55496,5245,144,0,0,66891,269148,874733,0,1654430,0,2056247,0,1500647,0,498801,63120,2876,1048576,4194304,8388608,2097152,16777216,2097152,33554432,8388608,16777216,2097152,8388608,1048576,65536
0-13-21-73,PROBE,1000000,17,7984546,30.0393,0,0,0,0,1,4,12,272,2054,11933,46081,143230,251223,292890,192533,54207,5393,167,0,0,78823,315228,1017962,0,1905652,0,2349137,0,1693180,0,553008,68513,3043,1048576,4194304,8388608,2097152,16777216,2097152,33554432,8388608,16777216,2097152,8388608,1048576,65536
0-13-21-74,PROBE,1000000,18,8983074,34.0162,0,0,0,0,1,1,12,147,1274,7244,31316,107897,222819,293024,235470,87619,12544,598,34,0,86066,346543,1125858,0,2128471,0,2642161,0,1928650,0,640627,81057,3641,1048576,4194304,8388608,2097152,16777216,2097152,33554432,8388608,16777216,2097152,8388608,1048576,65536
0-13-21-75,PROBE,1000000,18,9980897,37.9662,0,0,0,0,1,3,11,230,1858,7540,32427,109467,224626,294325,234172,84105,10728,439,68,0,93605,378969,1235324,0,2353096,0,2936485,0,2162821,0,724732,91785,4080,1048576,4194304,8388608,2097152,16777216,2097152,33554432,8388608,16777216,2097152,8388608,1048576,65536
0-13-21-76,PROBE,1000000,17,10978722,41.8918,0,0,0,0,1,2,17,224,1926,9744,39745,126157,239050,292676,213679,68910,7661,208,0,0,103348,418713,1361480,0,2592145,0,3229160,0,2376500,0,793642,99446,4288,1048576,4194304,8388608,2097152,16777216,2097152,33554432,8388608,16777216,2097152,8388608,1048576,65536
0-13-21-77,PROBE,1000000,18,11976891,45.705,0,0,0,0,1,3,7,234,1562,10150,39882,133401,244357,299529,204663,59722,6243,227,19,0,113497,458594,1494880,0,2836501,0,3528688,0,2581163,0,853364,105689,4515,1048576,4194304,8388608,2097152,16777216,2097152,33554432,8388608,16777216,2097152,8388608,1048576,65536
0-13-21-78,PROBE,1000000,18,12975356,49.6249,0,0,0,0,1,1,10,164,1274,6983,30217,106115,222104,295408,238309,86766,11987,580,81,0,120479,488810,1600994,0,3058604,0,3824096,0,2819472,0,940130,117676,5095,1048576,4194304,8388608,2097152,16777216,2097152,33554432,8388608,16777216,2097152,8388608,1048576,65536
0-13-21-79,PROBE,1000000,18,13973291,53.4715,0,0,0,0,1,3,11,260,1779,10932,42078,134498,243449,293818,204450,62026,6504,185,6,0,131410,530887,1735491,0,3302052,0,4117913,0,3023922,0,1002156,124180,5280,1048576,4194304,8388608,2097152,16777216,2097152,33554432,8388608,16777216,2097152,8388608,1048576,65536
0-13-21-80,PROBE,1000000,18,14971839,57.3475,0,0,0,0,1,2,9,173,1241,8170,35071,116985,230446,294278,223071,79346,10767,417,23,0,139579,565957,1852475,0,3532498,0,4412191,0,3246993,0,1081502,134947,5697,1048576,4194304,8388608,2097152,16777216,2097152,33554432,8388608,16777216,2097152,8388608,1048576,65536
0-13-21-81,PROBE,1000000,18,15970254,61.425,0,0,0,0,1,1,13,125,1415,7079,32847,109830,227194,294666,234480,82008,9918,399,24,0,146657,598803,1962304,0,3759691,0,4706856,0,3481472,0,1163510,144865,6096,1048576,4194304,8388608,2097152,16777216,2097152,33554432,8388608,16777216,2097152,8388608,1048576,65536
0-13-21-82,PROBE,1000000,18,16968997,65.4069,0,0,0,0,1,2,7,172,1065,8125,33139,118528,232595,302267,225088,71217,7565,221,8,0,154781,631941,2080832,0,3992286,0,5009123,0,3706560,0,1234727,152430,6317,1048576,4194304,8388608,2097152,16777216,2097152,33554432,8388608,16777216,2097152,8388608,1048576,65536
0-13-21-83,PROBE,1000000,17,17964666,69.2661,0,0,0,0,1,11,19,562,3733,18185,64061,173758,268331,279621,153766,35117,2771,64,0,0,172965,696001,2254589,0,4260616,0,5288743,0,3860326,0,1269844,155201,6381,1048576,4194304,8388608,2097152,16777216,2097152,33554432,8388608,16777216,2097152,8388608,1048576,65536
0-13-21-84,PROBE,1000000,17,18962058,73.1848,0,0,0,0,1,6,15,351,2231,10851,41942,137707,249990,299504,199751,53244,4323,84,0,0,183815,737942,2392295,0,4510605,0,5588247,0,4060077,0,1323088,159524,6465,1048576,4194304,8388608,2097152,16777216,2097152,33554432,8388608,16777216,2097152,8388608,1048576,65536
0-13-21-85,PROBE,1000000,18,19960691,77.1208,0,0,0,0,1,2,5,162,1186,8671,34568,122088,235586,302587,221432,66968,6566,173,5,0,192485,772509,2514382,0,4746190,0,5890833,0,4281508,0,1390056,166090,6638,1048576,4194304,8388608,2097152,16777216,2097152,33554432,8388608,16777216,2097152,8388608,1048576,65536
