parent,batch,batch_position,state
"12,57,58",0,0,"0,12,57,58"
"12,57,58",0,1,"1,12,57,58"
"12,57,58",0,2,"10,12,57,58"
"12,57,58",0,3,"11,12,57,58"
"12,57,58",0,4,"12,13,57,58"
"12,57,58",0,5,"12,14,57,58"
"12,57,58",0,6,"12,15,57,58"
"12,57,58",0,7,"12,16,57,58"
"12,57,58",0,8,"12,17,57,58"
"12,57,58",0,9,"12,18,57,58"
"12,57,58",0,10,"12,19,57,58"
"12,57,58",0,11,"12,20,57,58"
"12,57,58",0,12,"12,21,57,58"
"12,57,58",0,13,"12,22,57,58"
"12,57,58",0,14,"12,23,57,58"
"12,57,58",0,15,"12,24,57,58"
"12,57,58",0,16,"12,25,57,58"
"12,57,58",0,17,"12,26,57,58"
"12,57,58",0,18,"12,27,57,58"
"12,57,58",0,19,"12,28,57,58"
"12,57,58",1,0,"12,29,57,58"
"12,57,58",1,1,"12,30,57,58"
"12,57,58",1,2,"12,31,57,58"
"12,57,58",1,3,"12,32,57,58"
"12,57,58",1,4,"12,33,57,58"
"12,57,58",1,5,"12,34,57,58"
"12,57,58",1,6,"12,35,57,58"
"12,57,58",1,7,"12,36,57,58"
"12,57,58",1,8,"12,37,57,58"
"12,57,58",1,9,"12,38,57,58"
"12,57,58",1,10,"12,39,57,58"
"12,57,58",1,11,"12,40,57,58"
"12,57,58",1,12,"12,41,57,58"
"12,57,58",1,13,"12,42,57,58"
"12,57,58",1,14,"12,43,57,58"
"12,57,58",1,15,"12,44,57,58"
"12,57,58",1,16,"12,45,57,58"
"12,57,58",1,17,"12,46,57,58"
"12,57,58",1,18,"12,47,57,58"
"12,57,58",1,19,"12,48,57,58"
"12,57,58",2,0,"12,49,57,58"
"12,57,58",2,1,"12,50,57,58"
"12,57,58",2,2,"12,51,57,58"
"12,57,58",2,3,"12,52,57,58"
"12,57,58",2,4,"12,53,57,58"
"12,57,58",2,5,"12,54,57,58"
"12,57,58",2,6,"12,55,57,58"
"12,57,58",2,7,"12,56,57,58"
"12,57,58",2,8,"12,57,58,59"
"12,57,58",2,9,"12,57,58,60"
"12,57,58",2,10,"12,57,58,61"
"12,57,58",2,11,"12,57,58,62"
"12,57,58",2,12,"12,57,58,63"
"12,57,58",2,13,"12,57,58,64"
"12,57,58",2,14,"12,57,58,65"
"12,57,58",2,15,"12,57,58,66"
"12,57,58",2,16,"12,57,58,67"
"12,57,58",2,17,"12,57,58,68"
"12,57,58",2,18,"12,57,58,69"
"12,57,58",2,19,"12,57,58,70"
"12,57,58",3,0,"12,57,58,71"
"12,57,58",3,1,"12,57,58,72"
"12,57,58",3,2,"12,57,58,73"
"12,57,58",3,3,"12,57,58,74"
"12,57,58",3,4,"12,57,58,75"
"12,57,58",3,5,"12,57,58,76"
"12,57,58",3,6,"12,57,58,77"
"12,57,58",3,7,"12,57,58,78"
"12,57,58",3,8,"12,57,58,79"
"12,57,58",3,9,"12,57,58,80"
"12,57,58",3,10,"12,57,58,81"
"12,57,58",3,11,"12,57,58,82"
"12,57,58",3,12,"12,57,58,83"
"12,57,58",3,13,"12,57,58,84"
"12,57,58",3,14,"12,57,58,85"
"12,57,58",3,15,"12,57,58,86"
"12,57,58",3,16,"12,57,58,87"
"12,57,58",3,17,"12,57,58,88"
"12,57,58",3,18,"12,57,58,89"
"12,57,58",3,19,"12,57,58,90"
"12,57,58",4,0,"12,57,58,91"
"12,57,58",4,1,"12,57,58,92"
"12,57,58",4,2,"12,57,58,93"
"12,57,58",4,3,"12,57,58,94"
"12,57,58",4,4,"12,57,58,95"
"12,57,58",4,5,"12,57,58,96"
"12,57,58",4,6,"12,57,58,97"
"12,57,58",4,7,"12,57,58,98"
"12,57,58",4,8,"12,57,58,99"
"12,57,58",4,9,"2,12,57,58"
"12,57,58",4,10,"3,12,57,58"
"12,57,58",4,11,"4,12,57,58"
"12,57,58",4,12,"5,12,57,58"
"12,57,58",4,13,"6,12,57,58"
"12,57,58",4,14,"7,12,57,58"
"12,57,58",4,15,"8,12,57,58"
"12,57,58",4,16,"9,12,57,58"
"4,15,23",0,0,"0,4,15,23"
"4,15,23",0,1,"1,4,15,23"
"4,15,23",0,2,"2,4,15,23"
"4,15,23",0,3,"3,4,15,23"
"4,15,23",0,4,"4,10,15,23"
"4,15,23",0,5,"4,11,15,23"
"4,15,23",0,6,"4,12,15,23"
"4,15,23",0,7,"4,13,15,23"
"4,15,23",0,8,"4,14,15,23"
"4,15,23",0,9,"4,15,16,23"
"4,15,23",0,10,"4,15,17,23"
"4,15,23",0,11,"4,15,18,23"
"4,15,23",0,12,"4,15,19,23"
"4,15,23",0,13,"4,15,20,23"
"4,15,23",0,14,"4,15,21,23"
"4,15,23",0,15,"4,15,22,23"
"4,15,23",0,16,"4,15,23,24"
"4,15,23",0,17,"4,15,23,25"
"4,15,23",0,18,"4,15,23,26"
"4,15,23",0,19,"4,15,23,27"
"4,15,23",1,0,"4,15,23,28"
"4,15,23",1,1,"4,15,23,29"
"4,15,23",1,2,"4,15,23,30"
"4,15,23",1,3,"4,15,23,31"
"4,15,23",1,4,"4,15,23,32"
"4,15,23",1,5,"4,15,23,33"
"4,15,23",1,6,"4,15,23,34"
"4,15,23",1,7,"4,15,23,35"
"4,15,23",1,8,"4,15,23,36"
"4,15,23",1,9,"4,15,23,37"
"4,15,23",1,10,"4,15,23,38"
"4,15,23",1,11,"4,15,23,39"
"4,15,23",1,12,"4,15,23,40"
"4,15,23",1,13,"4,15,23,41"
"4,15,23",1,14,"4,15,23,42"
"4,15,23",1,15,"4,15,23,43"
"4,15,23",1,16,"4,15,23,44"
"4,15,23",1,17,"4,15,23,45"
"4,15,23",1,18,"4,15,23,46"
"4,15,23",1,19,"4,15,23,47"
"4,15,23",2,0,"4,15,23,48"
"4,15,23",2,1,"4,15,23,49"
"4,15,23",2,2,"4,15,23,50"
"4,15,23",2,3,"4,15,23,51"
"4,15,23",2,4,"4,15,23,52"
"4,15,23",2,5,"4,15,23,53"
"4,15,23",2,6,"4,15,23,54"
"4,15,23",2,7,"4,15,23,55"
"4,15,23",2,8,"4,15,23,56"
"4,15,23",2,9,"4,15,23,57"
"4,15,23",2,10,"4,15,23,58"
"4,15,23",2,11,"4,15,23,59"
"4,15,23",2,12,"4,15,23,60"
"4,15,23",2,13,"4,15,23,61"
"4,15,23",2,14,"4,15,23,62"
"4,15,23",2,15,"4,15,23,63"
"4,15,23",2,16,"4,15,23,64"
"4,15,23",2,17,"4,15,23,65"
"4,15,23",2,18,"4,15,23,66"
"4,15,23",2,19,"4,15,23,67"
"4,15,23",3,0,"4,15,23,68"
"4,15,23",3,1,"4,15,23,69"
"4,15,23",3,2,"4,15,23,70"
"4,15,23",3,3,"4,15,23,71"
"4,15,23",3,4,"4,15,23,72"
"4,15,23",3,5,"4,15,23,73"
"4,15,23",3,6,"4,15,23,74"
"4,15,23",3,7,"4,15,23,75"
"4,15,23",3,8,"4,15,23,76"
"4,15,23",3,9,"4,15,23,77"
"4,15,23",3,10,"4,15,23,78"
"4,15,23",3,11,"4,15,23,79"
"4,15,23",3,12,"4,15,23,80"
"4,15,23",3,13,"4,15,23,81"
"4,15,23",3,14,"4,15,23,82"
"4,15,23",3,15,"4,15,23,83"
"4,15,23",3,16,"4,15,23,84"
"4,15,23",3,17,"4,15,23,85"
"4,15,23",3,18,"4,15,23,86"
"4,15,23",3,19,"4,15,23,87"
"4,15,23",4,0,"4,15,23,88"
"4,15,23",4,1,"4,15,23,89"
"4,15,23",4,2,"4,15,23,90"
"4,15,23",4,3,"4,15,23,91"
"4,15,23",4,4,"4,15,23,92"
"4,15,23",4,5,"4,15,23,93"
"4,15,23",4,6,"4,15,23,94"
"4,15,23",4,7,"4,15,23,95"
"4,15,23",4,8,"4,15,23,96"
"4,15,23",4,9,"4,15,23,97"
"4,15,23",4,10,"4,15,23,98"
"4,15,23",4,11,"4,15,23,99"
"4,15,23",4,12,"4,5,15,23"
"4,15,23",4,13,"4,6,15,23"
"4,15,23",4,14,"4,7,15,23"
"4,15,23",4,15,"4,8,15,23"
"4,15,23",4,16,"4,9,15,23"
"11,25,64",0,0,"0,11,25,64"
"11,25,64",0,1,"1,11,25,64"
"11,25,64",0,2,"10,11,25,64"
"11,25,64",0,3,"11,12,25,64"
"11,25,64",0,4,"11,13,25,64"
"11,25,64",0,5,"11,15,25,64"
"11,25,64",0,6,"11,16,25,64"
"11,25,64",0,7,"11,17,25,64"
"11,25,64",0,8,"11,18,25,64"
"11,25,64",0,9,"11,19,25,64"
"11,25,64",0,10,"11,21,25,64"
"11,25,64",0,11,"11,22,25,64"
"11,25,64",0,12,"11,23,25,64"
"11,25,64",0,13,"11,24,25,64"
"11,25,64",0,14,"11,25,26,64"
"11,25,64",0,15,"11,25,27,64"
"11,25,64",0,16,"11,25,28,64"
"11,25,64",0,17,"11,25,29,64"
"11,25,64",0,18,"11,25,30,64"
"11,25,64",0,19,"11,25,31,64"
"11,25,64",1,0,"11,25,32,64"
"11,25,64",1,1,"11,25,33,64"
"11,25,64",1,2,"11,25,34,64"
"11,25,64",1,3,"11,25,35,64"
"11,25,64",1,4,"11,25,36,64"
"11,25,64",1,5,"11,25,37,64"
"11,25,64",1,6,"11,25,38,64"
"11,25,64",1,7,"11,25,39,64"
"11,25,64",1,8,"11,25,40,64"
"11,25,64",1,9,"11,25,41,64"
"11,25,64",1,10,"11,25,42,64"
"11,25,64",1,11,"11,25,43,64"
"11,25,64",1,12,"11,25,44,64"
"11,25,64",1,13,"11,25,45,64"
"11,25,64",1,14,"11,25,46,64"
"11,25,64",1,15,"11,25,47,64"
"11,25,64",1,16,"11,25,48,64"
"11,25,64",1,17,"11,25,49,64"
"11,25,64",1,18,"11,25,51,64"
"11,25,64",1,19,"11,25,52,64"
"11,25,64",2,0,"11,25,53,64"
"11,25,64",2,1,"11,25,54,64"
"11,25,64",2,2,"11,25,56,64"
"11,25,64",2,3,"11,25,57,64"
"11,25,64",2,4,"11,25,58,64"
"11,25,64",2,5,"11,25,59,64"
"11,25,64",2,6,"11,25,60,64"
"11,25,64",2,7,"11,25,62,64"
"11,25,64",2,8,"11,25,63,64"
"11,25,64",2,9,"11,25,64,65"
"11,25,64",2,10,"11,25,64,66"
"11,25,64",2,11,"11,25,64,67"
"11,25,64",2,12,"11,25,64,68"
"11,25,64",2,13,"11,25,64,69"
"11,25,64",2,14,"11,25,64,70"
"11,25,64",2,15,"11,25,64,71"
"11,25,64",2,16,"11,25,64,72"
"11,25,64",2,17,"11,25,64,73"
"11,25,64",2,18,"11,25,64,74"
"11,25,64",2,19,"11,25,64,75"
"11,25,64",3,0,"11,25,64,76"
"11,25,64",3,1,"11,25,64,77"
"11,25,64",3,2,"11,25,64,78"
"11,25,64",3,3,"11,25,64,79"
"11,25,64",3,4,"11,25,64,80"
"11,25,64",3,5,"11,25,64,81"
"11,25,64",3,6,"11,25,64,82"
"11,25,64",3,7,"11,25,64,83"
"11,25,64",3,8,"11,25,64,84"
"11,25,64",3,9,"11,25,64,85"
"11,25,64",3,10,"11,25,64,86"
"11,25,64",3,11,"11,25,64,87"
"11,25,64",3,12,"11,25,64,88"
"11,25,64",3,13,"11,25,64,89"
"11,25,64",3,14,"11,25,64,90"
"11,25,64",3,15,"11,25,64,91"
"11,25,64",3,16,"11,25,64,92"
"11,25,64",3,17,"11,25,64,93"
"11,25,64",3,18,"11,25,64,94"
"11,25,64",3,19,"11,25,64,95"
"11,25,64",4,0,"11,25,64,96"
"11,25,64",4,1,"11,25,64,97"
"11,25,64",4,2,"11,25,64,98"
"11,25,64",4,3,"11,25,64,99"
"11,25,64",4,4,"2,11,25,64"
"11,25,64",4,5,"3,11,25,64"
"11,25,64",4,6,"4,11,25,64"
"11,25,64",4,7,"5,11,25,64"
"11,25,64",4,8,"6,11,25,64"
"11,25,64",4,9,"7,11,25,64"
"11,25,64",4,10,"8,11,25,64"
"11,25,64",4,11,"9,11,25,64"
"4,45,68",0,0,"0,4,45,68"
"4,45,68",0,1,"1,4,45,68"
"4,45,68",0,2,"2,4,45,68"
"4,45,68",0,3,"3,4,45,68"
"4,45,68",0,4,"4,10,45,68"
"4,45,68",0,5,"4,11,45,68"
"4,45,68",0,6,"4,12,45,68"
"4,45,68",0,7,"4,13,45,68"
"4,45,68",0,8,"4,14,45,68"
"4,45,68",0,9,"4,15,45,68"
"4,45,68",0,10,"4,16,45,68"
"4,45,68",0,11,"4,17,45,68"
"4,45,68",0,12,"4,18,45,68"
"4,45,68",0,13,"4,19,45,68"
"4,45,68",0,14,"4,20,45,68"
"4,45,68",0,15,"4,21,45,68"
"4,45,68",0,16,"4,22,45,68"
"4,45,68",0,17,"4,23,45,68"
"4,45,68",0,18,"4,24,45,68"
"4,45,68",0,19,"4,25,45,68"
"4,45,68",1,0,"4,26,45,68"
"4,45,68",1,1,"4,27,45,68"
"4,45,68",1,2,"4,28,45,68"
"4,45,68",1,3,"4,29,45,68"
"4,45,68",1,4,"4,30,45,68"
"4,45,68",1,5,"4,31,45,68"
"4,45,68",1,6,"4,32,45,68"
"4,45,68",1,7,"4,33,45,68"
"4,45,68",1,8,"4,34,45,68"
"4,45,68",1,9,"4,35,45,68"
"4,45,68",1,10,"4,36,45,68"
"4,45,68",1,11,"4,37,45,68"
"4,45,68",1,12,"4,38,45,68"
"4,45,68",1,13,"4,39,45,68"
"4,45,68",1,14,"4,40,45,68"
"4,45,68",1,15,"4,41,45,68"
"4,45,68",1,16,"4,42,45,68"
"4,45,68",1,17,"4,43,45,68"
"4,45,68",1,18,"4,44,45,68"
"4,45,68",1,19,"4,45,46,68"
"4,45,68",2,0,"4,45,47,68"
"4,45,68",2,1,"4,45,48,68"
"4,45,68",2,2,"4,45,49,68"
"4,45,68",2,3,"4,45,50,68"
"4,45,68",2,4,"4,45,51,68"
"4,45,68",2,5,"4,45,52,68"
"4,45,68",2,6,"4,45,53,68"
"4,45,68",2,7,"4,45,54,68"
"4,45,68",2,8,"4,45,55,68"
"4,45,68",2,9,"4,45,56,68"
"4,45,68",2,10,"4,45,57,68"
"4,45,68",2,11,"4,45,58,68"
"4,45,68",2,12,"4,45,59,68"
"4,45,68",2,13,"4,45,60,68"
"4,45,68",2,14,"4,45,61,68"
"4,45,68",2,15,"4,45,62,68"
"4,45,68",2,16,"4,45,63,68"
"4,45,68",2,17,"4,45,64,68"
"4,45,68",2,18,"4,45,65,68"
"4,45,68",2,19,"4,45,66,68"
"4,45,68",3,0,"4,45,67,68"
"4,45,68",3,1,"4,45,68,69"
"4,45,68",3,2,"4,45,68,70"
"4,45,68",3,3,"4,45,68,71"
"4,45,68",3,4,"4,45,68,72"
"4,45,68",3,5,"4,45,68,73"
"4,45,68",3,6,"4,45,68,74"
"4,45,68",3,7,"4,45,68,75"
"4,45,68",3,8,"4,45,68,76"
"4,45,68",3,9,"4,45,68,77"
"4,45,68",3,10,"4,45,68,78"
"4,45,68",3,11,"4,45,68,79"
"4,45,68",3,12,"4,45,68,80"
"4,45,68",3,13,"4,45,68,81"
"4,45,68",3,14,"4,45,68,82"
"4,45,68",3,15,"4,45,68,83"
"4,45,68",3,16,"4,45,68,84"
"4,45,68",3,17,"4,45,68,85"
"4,45,68",3,18,"4,45,68,86"
"4,45,68",3,19,"4,45,68,87"
"4,45,68",4,0,"4,45,68,88"
"4,45,68",4,1,"4,45,68,89"
"4,45,68",4,2,"4,45,68,90"
"4,45,68",4,3,"4,45,68,91"
"4,45,68",4,4,"4,45,68,92"
"4,45,68",4,5,"4,45,68,93"
"4,45,68",4,6,"4,45,68,94"
"4,45,68",4,7,"4,45,68,95"
"4,45,68",4,8,"4,45,68,96"
"4,45,68",4,9,"4,45,68,97"
"4,45,68",4,10,"4,45,68,98"
"4,45,68",4,11,"4,45,68,99"
"4,45,68",4,12,"4,5,45,68"
"4,45,68",4,13,"4,6,45,68"
"4,45,68",4,14,"4,7,45,68"
"4,45,68",4,15,"4,8,45,68"
"4,45,68",4,16,"4,9,45,68"
"3,58,81",0,0,"0,3,58,81"
"3,58,81",0,1,"1,3,58,81"
"3,58,81",0,2,"2,3,58,81"
"3,58,81",0,3,"3,10,58,81"
"3,58,81",0,4,"3,11,58,81"
"3,58,81",0,5,"3,12,58,81"
"3,58,81",0,6,"3,13,58,81"
"3,58,81",0,7,"3,14,58,81"
"3,58,81",0,8,"3,15,58,81"
"3,58,81",0,9,"3,16,58,81"
"3,58,81",0,10,"3,17,58,81"
"3,58,81",0,11,"3,18,58,81"
"3,58,81",0,12,"3,19,58,81"
"3,58,81",0,13,"3,20,58,81"
"3,58,81",0,14,"3,21,58,81"
"3,58,81",0,15,"3,22,58,81"
"3,58,81",0,16,"3,23,58,81"
"3,58,81",0,17,"3,24,58,81"
"3,58,81",0,18,"3,25,58,81"
"3,58,81",0,19,"3,26,58,81"
"3,58,81",1,0,"3,27,58,81"
"3,58,81",1,1,"3,28,58,81"
"3,58,81",1,2,"3,29,58,81"
"3,58,81",1,3,"3,30,58,81"
"3,58,81",1,4,"3,31,58,81"
"3,58,81",1,5,"3,32,58,81"
"3,58,81",1,6,"3,33,58,81"
"3,58,81",1,7,"3,34,58,81"
"3,58,81",1,8,"3,35,58,81"
"3,58,81",1,9,"3,36,58,81"
"3,58,81",1,10,"3,37,58,81"
"3,58,81",1,11,"3,38,58,81"
"3,58,81",1,12,"3,39,58,81"
"3,58,81",1,13,"3,4,58,81"
"3,58,81",1,14,"3,40,58,81"
"3,58,81",1,15,"3,41,58,81"
"3,58,81",1,16,"3,42,58,81"
"3,58,81",1,17,"3,43,58,81"
"3,58,81",1,18,"3,44,58,81"
"3,58,81",1,19,"3,45,58,81"
"3,58,81",2,0,"3,46,58,81"
"3,58,81",2,1,"3,47,58,81"
"3,58,81",2,2,"3,48,58,81"
"3,58,81",2,3,"3,49,58,81"
"3,58,81",2,4,"3,5,58,81"
"3,58,81",2,5,"3,50,58,81"
"3,58,81",2,6,"3,51,58,81"
"3,58,81",2,7,"3,52,58,81"
"3,58,81",2,8,"3,53,58,81"
"3,58,81",2,9,"3,54,58,81"
"3,58,81",2,10,"3,55,58,81"
"3,58,81",2,11,"3,56,58,81"
"3,58,81",2,12,"3,57,58,81"
"3,58,81",2,13,"3,58,59,81"
"3,58,81",2,14,"3,58,60,81"
"3,58,81",2,15,"3,58,61,81"
"3,58,81",2,16,"3,58,62,81"
"3,58,81",2,17,"3,58,63,81"
"3,58,81",2,18,"3,58,64,81"
"3,58,81",2,19,"3,58,65,81"
"3,58,81",3,0,"3,58,66,81"
"3,58,81",3,1,"3,58,67,81"
"3,58,81",3,2,"3,58,68,81"
"3,58,81",3,3,"3,58,69,81"
"3,58,81",3,4,"3,58,71,81"
"3,58,81",3,5,"3,58,72,81"
"3,58,81",3,6,"3,58,73,81"
"3,58,81",3,7,"3,58,74,81"
"3,58,81",3,8,"3,58,75,81"
"3,58,81",3,9,"3,58,76,81"
"3,58,81",3,10,"3,58,77,81"
"3,58,81",3,11,"3,58,78,81"
"3,58,81",3,12,"3,58,79,81"
"3,58,81",3,13,"3,58,80,81"
"3,58,81",3,14,"3,58,81,82"
"3,58,81",3,15,"3,58,81,83"
"3,58,81",3,16,"3,58,81,84"
"3,58,81",3,17,"3,58,81,85"
"3,58,81",3,18,"3,58,81,86"
"3,58,81",3,19,"3,58,81,87"
"3,58,81",4,0,"3,58,81,88"
"3,58,81",4,1,"3,58,81,89"
"3,58,81",4,2,"3,58,81,90"
"3,58,81",4,3,"3,58,81,91"
"3,58,81",4,4,"3,58,81,92"
"3,58,81",4,5,"3,58,81,93"
"3,58,81",4,6,"3,58,81,94"
"3,58,81",4,7,"3,58,81,95"
"3,58,81",4,8,"3,58,81,96"
"3,58,81",4,9,"3,58,81,97"
"3,58,81",4,10,"3,58,81,98"
"3,58,81",4,11,"3,58,81,99"
"3,58,81",4,12,"3,6,58,81"
"3,58,81",4,13,"3,7,58,81"
"3,58,81",4,14,"3,8,58,81"
"3,58,81",4,15,"3,9,58,81"
"2,30,53",0,0,"0,2,30,53"
"2,30,53",0,1,"1,2,30,53"
"2,30,53",0,2,"2,10,30,53"
"2,30,53",0,3,"2,11,30,53"
"2,30,53",0,4,"2,12,30,53"
"2,30,53",0,5,"2,13,30,53"
"2,30,53",0,6,"2,14,30,53"
"2,30,53",0,7,"2,15,30,53"
"2,30,53",0,8,"2,16,30,53"
"2,30,53",0,9,"2,17,30,53"
"2,30,53",0,10,"2,18,30,53"
"2,30,53",0,11,"2,19,30,53"
"2,30,53",0,12,"2,21,30,53"
"2,30,53",0,13,"2,22,30,53"
"2,30,53",0,14,"2,23,30,53"
"2,30,53",0,15,"2,24,30,53"
"2,30,53",0,16,"2,26,30,53"
"2,30,53",0,17,"2,27,30,53"
"2,30,53",0,18,"2,28,30,53"
"2,30,53",0,19,"2,29,30,53"
"2,30,53",1,0,"2,30,31,53"
"2,30,53",1,1,"2,30,32,53"
"2,30,53",1,2,"2,30,33,53"
"2,30,53",1,3,"2,30,34,53"
"2,30,53",1,4,"2,30,36,53"
"2,30,53",1,5,"2,30,37,53"
"2,30,53",1,6,"2,30,38,53"
"2,30,53",1,7,"2,30,39,53"
"2,30,53",1,8,"2,30,40,53"
"2,30,53",1,9,"2,30,41,53"
"2,30,53",1,10,"2,30,42,53"
"2,30,53",1,11,"2,30,43,53"
"2,30,53",1,12,"2,30,44,53"
"2,30,53",1,13,"2,30,45,53"
"2,30,53",1,14,"2,30,46,53"
"2,30,53",1,15,"2,30,47,53"
"2,30,53",1,16,"2,30,48,53"
"2,30,53",1,17,"2,30,49,53"
"2,30,53",1,18,"2,30,50,53"
"2,30,53",1,19,"2,30,51,53"
"2,30,53",2,0,"2,30,53,54"
"2,30,53",2,1,"2,30,53,55"
"2,30,53",2,2,"2,30,53,56"
"2,30,53",2,3,"2,30,53,57"
"2,30,53",2,4,"2,30,53,58"
"2,30,53",2,5,"2,30,53,59"
"2,30,53",2,6,"2,30,53,60"
"2,30,53",2,7,"2,30,53,61"
"2,30,53",2,8,"2,30,53,62"
"2,30,53",2,9,"2,30,53,63"
"2,30,53",2,10,"2,30,53,64"
"2,30,53",2,11,"2,30,53,65"
"2,30,53",2,12,"2,30,53,66"
"2,30,53",2,13,"2,30,53,67"
"2,30,53",2,14,"2,30,53,68"
"2,30,53",2,15,"2,30,53,69"
"2,30,53",2,16,"2,30,53,70"
"2,30,53",2,17,"2,30,53,71"
"2,30,53",2,18,"2,30,53,72"
"2,30,53",2,19,"2,30,53,73"
"2,30,53",3,0,"2,30,53,74"
"2,30,53",3,1,"2,30,53,75"
"2,30,53",3,2,"2,30,53,76"
"2,30,53",3,3,"2,30,53,77"
"2,30,53",3,4,"2,30,53,78"
"2,30,53",3,5,"2,30,53,79"
"2,30,53",3,6,"2,30,53,80"
"2,30,53",3,7,"2,30,53,81"
"2,30,53",3,8,"2,30,53,82"
"2,30,53",3,9,"2,30,53,83"
"2,30,53",3,10,"2,30,53,84"
"2,30,53",3,11,"2,30,53,85"
"2,30,53",3,12,"2,30,53,86"
"2,30,53",3,13,"2,30,53,87"
"2,30,53",3,14,"2,30,53,88"
"2,30,53",3,15,"2,30,53,89"
"2,30,53",3,16,"2,30,53,90"
"2,30,53",3,17,"2,30,53,91"
"2,30,53",3,18,"2,30,53,92"
"2,30,53",3,19,"2,30,53,93"
"2,30,53",4,0,"2,30,53,94"
"2,30,53",4,1,"2,30,53,95"
"2,30,53",4,2,"2,30,53,96"
"2,30,53",4,3,"2,30,53,97"
"2,30,53",4,4,"2,30,53,98"
"2,30,53",4,5,"2,30,53,99"
"2,30,53",4,6,"2,4,30,53"
"2,30,53",4,7,"2,5,30,53"
"2,30,53",4,8,"2,6,30,53"
"2,30,53",4,9,"2,7,30,53"
"2,30,53",4,10,"2,8,30,53"
"2,30,53",4,11,"2,9,30,53"
"22,44,55",0,0,"1,22,44,55"
"22,44,55",0,1,"10,22,44,55"
"22,44,55",0,2,"12,22,44,55"
"22,44,55",0,3,"13,22,44,55"
"22,44,55",0,4,"14,22,44,55"
"22,44,55",0,5,"15,22,44,55"
"22,44,55",0,6,"16,22,44,55"
"22,44,55",0,7,"17,22,44,55"
"22,44,55",0,8,"18,22,44,55"
"22,44,55",0,9,"19,22,44,55"
"22,44,55",0,10,"2,22,44,55"
"22,44,55",0,11,"20,22,44,55"
"22,44,55",0,12,"21,22,44,55"
"22,44,55",0,13,"22,23,44,55"
"22,44,55",0,14,"22,24,44,55"
"22,44,55",0,15,"22,25,44,55"
"22,44,55",0,16,"22,26,44,55"
"22,44,55",0,17,"22,27,44,55"
"22,44,55",0,18,"22,28,44,55"
"22,44,55",0,19,"22,29,44,55"
"22,44,55",1,0,"22,30,44,55"
"22,44,55",1,1,"22,31,44,55"
"22,44,55",1,2,"22,32,44,55"
"22,44,55",1,3,"22,34,44,55"
"22,44,55",1,4,"22,35,44,55"
"22,44,55",1,5,"22,36,44,55"
"22,44,55",1,6,"22,37,44,55"
"22,44,55",1,7,"22,38,44,55"
"22,44,55",1,8,"22,39,44,55"
"22,44,55",1,9,"22,40,44,55"
"22,44,55",1,10,"22,41,44,55"
"22,44,55",1,11,"22,42,44,55"
"22,44,55",1,12,"22,43,44,55"
"22,44,55",1,13,"22,44,45,55"
"22,44,55",1,14,"22,44,46,55"
"22,44,55",1,15,"22,44,47,55"
"22,44,55",1,16,"22,44,48,55"
"22,44,55",1,17,"22,44,49,55"
"22,44,55",1,18,"22,44,50,55"
"22,44,55",1,19,"22,44,51,55"
"22,44,55",2,0,"22,44,52,55"
"22,44,55",2,1,"22,44,53,55"
"22,44,55",2,2,"22,44,54,55"
"22,44,55",2,3,"22,44,55,56"
"22,44,55",2,4,"22,44,55,57"
"22,44,55",2,5,"22,44,55,58"
"22,44,55",2,6,"22,44,55,59"
"22,44,55",2,7,"22,44,55,60"
"22,44,55",2,8,"22,44,55,61"
"22,44,55",2,9,"22,44,55,62"
"22,44,55",2,10,"22,44,55,63"
"22,44,55",2,11,"22,44,55,64"
"22,44,55",2,12,"22,44,55,65"
"22,44,55",2,13,"22,44,55,67"
"22,44,55",2,14,"22,44,55,68"
"22,44,55",2,15,"22,44,55,69"
"22,44,55",2,16,"22,44,55,70"
"22,44,55",2,17,"22,44,55,71"
"22,44,55",2,18,"22,44,55,72"
"22,44,55",2,19,"22,44,55,73"
"22,44,55",3,0,"22,44,55,74"
"22,44,55",3,1,"22,44,55,75"
"22,44,55",3,2,"22,44,55,76"
"22,44,55",3,3,"22,44,55,78"
"22,44,55",3,4,"22,44,55,79"
"22,44,55",3,5,"22,44,55,80"
"22,44,55",3,6,"22,44,55,81"
"22,44,55",3,7,"22,44,55,82"
"22,44,55",3,8,"22,44,55,83"
"22,44,55",3,9,"22,44,55,84"
"22,44,55",3,10,"22,44,55,85"
"22,44,55",3,11,"22,44,55,86"
"22,44,55",3,12,"22,44,55,87"
"22,44,55",3,13,"22,44,55,89"
"22,44,55",3,14,"22,44,55,90"
"22,44,55",3,15,"22,44,55,91"
"22,44,55",3,16,"22,44,55,92"
"22,44,55",3,17,"22,44,55,93"
"22,44,55",3,18,"22,44,55,94"
"22,44,55",3,19,"22,44,55,95"
"22,44,55",4,0,"22,44,55,96"
"22,44,55",4,1,"22,44,55,97"
"22,44,55",4,2,"22,44,55,98"
"22,44,55",4,3,"3,22,44,55"
"22,44,55",4,4,"4,22,44,55"
"22,44,55",4,5,"5,22,44,55"
"22,44,55",4,6,"6,22,44,55"
"22,44,55",4,7,"7,22,44,55"
"22,44,55",4,8,"8,22,44,55"
"22,44,55",4,9,"9,22,44,55"
"4,32,64",0,0,"0,4,32,64"
"4,32,64",0,1,"1,4,32,64"
"4,32,64",0,2,"2,4,32,64"
"4,32,64",0,3,"3,4,32,64"
"4,32,64",0,4,"4,10,32,64"
"4,32,64",0,5,"4,11,32,64"
"4,32,64",0,6,"4,12,32,64"
"4,32,64",0,7,"4,13,32,64"
"4,32,64",0,8,"4,14,32,64"
"4,32,64",0,9,"4,15,32,64"
"4,32,64",0,10,"4,16,32,64"
"4,32,64",0,11,"4,17,32,64"
"4,32,64",0,12,"4,18,32,64"
"4,32,64",0,13,"4,19,32,64"
"4,32,64",0,14,"4,20,32,64"
"4,32,64",0,15,"4,21,32,64"
"4,32,64",0,16,"4,22,32,64"
"4,32,64",0,17,"4,23,32,64"
"4,32,64",0,18,"4,24,32,64"
"4,32,64",0,19,"4,25,32,64"
"4,32,64",1,0,"4,26,32,64"
"4,32,64",1,1,"4,27,32,64"
"4,32,64",1,2,"4,28,32,64"
"4,32,64",1,3,"4,29,32,64"
"4,32,64",1,4,"4,30,32,64"
"4,32,64",1,5,"4,31,32,64"
"4,32,64",1,6,"4,32,33,64"
"4,32,64",1,7,"4,32,34,64"
"4,32,64",1,8,"4,32,35,64"
"4,32,64",1,9,"4,32,36,64"
"4,32,64",1,10,"4,32,37,64"
"4,32,64",1,11,"4,32,38,64"
"4,32,64",1,12,"4,32,39,64"
"4,32,64",1,13,"4,32,40,64"
"4,32,64",1,14,"4,32,41,64"
"4,32,64",1,15,"4,32,42,64"
"4,32,64",1,16,"4,32,43,64"
"4,32,64",1,17,"4,32,44,64"
"4,32,64",1,18,"4,32,45,64"
"4,32,64",1,19,"4,32,46,64"
"4,32,64",2,0,"4,32,47,64"
"4,32,64",2,1,"4,32,48,64"
"4,32,64",2,2,"4,32,49,64"
"4,32,64",2,3,"4,32,50,64"
"4,32,64",2,4,"4,32,51,64"
"4,32,64",2,5,"4,32,52,64"
"4,32,64",2,6,"4,32,53,64"
"4,32,64",2,7,"4,32,54,64"
"4,32,64",2,8,"4,32,55,64"
"4,32,64",2,9,"4,32,56,64"
"4,32,64",2,10,"4,32,57,64"
"4,32,64",2,11,"4,32,58,64"
"4,32,64",2,12,"4,32,59,64"
"4,32,64",2,13,"4,32,60,64"
"4,32,64",2,14,"4,32,61,64"
"4,32,64",2,15,"4,32,62,64"
"4,32,64",2,16,"4,32,63,64"
"4,32,64",2,17,"4,32,64,65"
"4,32,64",2,18,"4,32,64,66"
"4,32,64",2,19,"4,32,64,67"
"4,32,64",3,0,"4,32,64,68"
"4,32,64",3,1,"4,32,64,69"
"4,32,64",3,2,"4,32,64,70"
"4,32,64",3,3,"4,32,64,71"
"4,32,64",3,4,"4,32,64,72"
"4,32,64",3,5,"4,32,64,73"
"4,32,64",3,6,"4,32,64,74"
"4,32,64",3,7,"4,32,64,75"
"4,32,64",3,8,"4,32,64,76"
"4,32,64",3,9,"4,32,64,77"
"4,32,64",3,10,"4,32,64,78"
"4,32,64",3,11,"4,32,64,79"
"4,32,64",3,12,"4,32,64,80"
"4,32,64",3,13,"4,32,64,81"
"4,32,64",3,14,"4,32,64,82"
"4,32,64",3,15,"4,32,64,83"
"4,32,64",3,16,"4,32,64,84"
"4,32,64",3,17,"4,32,64,85"
"4,32,64",3,18,"4,32,64,86"
"4,32,64",3,19,"4,32,64,87"
"4,32,64",4,0,"4,32,64,88"
"4,32,64",4,1,"4,32,64,89"
"4,32,64",4,2,"4,32,64,90"
"4,32,64",4,3,"4,32,64,91"
"4,32,64",4,4,"4,32,64,92"
"4,32,64",4,5,"4,32,64,93"
"4,32,64",4,6,"4,32,64,94"
"4,32,64",4,7,"4,32,64,95"
"4,32,64",4,8,"4,32,64,96"
"4,32,64",4,9,"4,32,64,97"
"4,32,64",4,10,"4,32,64,98"
"4,32,64",4,11,"4,32,64,99"
"4,32,64",4,12,"4,5,32,64"
"4,32,64",4,13,"4,6,32,64"
"4,32,64",4,14,"4,7,32,64"
"4,32,64",4,15,"4,8,32,64"
"4,32,64",4,16,"4,9,32,64"
"12,44,46",0,0,"0,12,44,46"
"12,44,46",0,1,"1,12,44,46"
"12,44,46",0,2,"10,12,44,46"
"12,44,46",0,3,"11,12,44,46"
"12,44,46",0,4,"12,13,44,46"
"12,44,46",0,5,"12,14,44,46"
"12,44,46",0,6,"12,15,44,46"
"12,44,46",0,7,"12,16,44,46"
"12,44,46",0,8,"12,17,44,46"
"12,44,46",0,9,"12,19,44,46"
"12,44,46",0,10,"12,20,44,46"
"12,44,46",0,11,"12,21,44,46"
"12,44,46",0,12,"12,22,44,46"
"12,44,46",0,13,"12,23,44,46"
"12,44,46",0,14,"12,24,44,46"
"12,44,46",0,15,"12,25,44,46"
"12,44,46",0,16,"12,26,44,46"
"12,44,46",0,17,"12,27,44,46"
"12,44,46",0,18,"12,28,44,46"
"12,44,46",0,19,"12,29,44,46"
"12,44,46",1,0,"12,30,44,46"
"12,44,46",1,1,"12,31,44,46"
"12,44,46",1,2,"12,32,44,46"
"12,44,46",1,3,"12,33,44,46"
"12,44,46",1,4,"12,34,44,46"
"12,44,46",1,5,"12,35,44,46"
"12,44,46",1,6,"12,36,44,46"
"12,44,46",1,7,"12,37,44,46"
"12,44,46",1,8,"12,38,44,46"
"12,44,46",1,9,"12,39,44,46"
"12,44,46",1,10,"12,40,44,46"
"12,44,46",1,11,"12,41,44,46"
"12,44,46",1,12,"12,42,44,46"
"12,44,46",1,13,"12,43,44,46"
"12,44,46",1,14,"12,44,45,46"
"12,44,46",1,15,"12,44,46,47"
"12,44,46",1,16,"12,44,46,48"
"12,44,46",1,17,"12,44,46,49"
"12,44,46",1,18,"12,44,46,50"
"12,44,46",1,19,"12,44,46,51"
"12,44,46",2,0,"12,44,46,52"
"12,44,46",2,1,"12,44,46,53"
"12,44,46",2,2,"12,44,46,54"
"12,44,46",2,3,"12,44,46,55"
"12,44,46",2,4,"12,44,46,56"
"12,44,46",2,5,"12,44,46,57"
"12,44,46",2,6,"12,44,46,58"
"12,44,46",2,7,"12,44,46,59"
"12,44,46",2,8,"12,44,46,60"
"12,44,46",2,9,"12,44,46,61"
"12,44,46",2,10,"12,44,46,62"
"12,44,46",2,11,"12,44,46,63"
"12,44,46",2,12,"12,44,46,64"
"12,44,46",2,13,"12,44,46,65"
"12,44,46",2,14,"12,44,46,66"
"12,44,46",2,15,"12,44,46,67"
"12,44,46",2,16,"12,44,46,68"
"12,44,46",2,17,"12,44,46,69"
"12,44,46",2,18,"12,44,46,70"
"12,44,46",2,19,"12,44,46,71"
"12,44,46",3,0,"12,44,46,72"
"12,44,46",3,1,"12,44,46,73"
"12,44,46",3,2,"12,44,46,74"
"12,44,46",3,3,"12,44,46,75"
"12,44,46",3,4,"12,44,46,76"
"12,44,46",3,5,"12,44,46,77"
"12,44,46",3,6,"12,44,46,78"
"12,44,46",3,7,"12,44,46,79"
"12,44,46",3,8,"12,44,46,80"
"12,44,46",3,9,"12,44,46,81"
"12,44,46",3,10,"12,44,46,82"
"12,44,46",3,11,"12,44,46,83"
"12,44,46",3,12,"12,44,46,84"
"12,44,46",3,13,"12,44,46,85"
"12,44,46",3,14,"12,44,46,86"
"12,44,46",3,15,"12,44,46,87"
"12,44,46",3,16,"12,44,46,88"
"12,44,46",3,17,"12,44,46,89"
"12,44,46",3,18,"12,44,46,90"
"12,44,46",3,19,"12,44,46,91"
"12,44,46",4,0,"12,44,46,92"
"12,44,46",4,1,"12,44,46,93"
"12,44,46",4,2,"12,44,46,94"
"12,44,46",4,3,"12,44,46,95"
"12,44,46",4,4,"12,44,46,96"
"12,44,46",4,5,"12,44,46,97"
"12,44,46",4,6,"12,44,46,98"
"12,44,46",4,7,"12,44,46,99"
"12,44,46",4,8,"2,12,44,46"
"12,44,46",4,9,"3,12,44,46"
"12,44,46",4,10,"4,12,44,46"
"12,44,46",4,11,"5,12,44,46"
"12,44,46",4,12,"6,12,44,46"
"12,44,46",4,13,"7,12,44,46"
"12,44,46",4,14,"8,12,44,46"
"12,44,46",4,15,"9,12,44,46"
"4,16,41",0,0,"0,4,16,41"
"4,16,41",0,1,"1,4,16,41"
"4,16,41",0,2,"2,4,16,41"
"4,16,41",0,3,"3,4,16,41"
"4,16,41",0,4,"4,10,16,41"
"4,16,41",0,5,"4,11,16,41"
"4,16,41",0,6,"4,12,16,41"
"4,16,41",0,7,"4,13,16,41"
"4,16,41",0,8,"4,14,16,41"
"4,16,41",0,9,"4,15,16,41"
"4,16,41",0,10,"4,16,17,41"
"4,16,41",0,11,"4,16,18,41"
"4,16,41",0,12,"4,16,19,41"
"4,16,41",0,13,"4,16,20,41"
"4,16,41",0,14,"4,16,21,41"
"4,16,41",0,15,"4,16,22,41"
"4,16,41",0,16,"4,16,23,41"
"4,16,41",0,17,"4,16,24,41"
"4,16,41",0,18,"4,16,25,41"
"4,16,41",0,19,"4,16,26,41"
"4,16,41",1,0,"4,16,27,41"
"4,16,41",1,1,"4,16,28,41"
"4,16,41",1,2,"4,16,29,41"
"4,16,41",1,3,"4,16,30,41"
"4,16,41",1,4,"4,16,31,41"
"4,16,41",1,5,"4,16,32,41"
"4,16,41",1,6,"4,16,33,41"
"4,16,41",1,7,"4,16,34,41"
"4,16,41",1,8,"4,16,35,41"
"4,16,41",1,9,"4,16,36,41"
"4,16,41",1,10,"4,16,37,41"
"4,16,41",1,11,"4,16,38,41"
"4,16,41",1,12,"4,16,39,41"
"4,16,41",1,13,"4,16,40,41"
"4,16,41",1,14,"4,16,41,42"
"4,16,41",1,15,"4,16,41,43"
"4,16,41",1,16,"4,16,41,44"
"4,16,41",1,17,"4,16,41,45"
"4,16,41",1,18,"4,16,41,46"
"4,16,41",1,19,"4,16,41,47"
"4,16,41",2,0,"4,16,41,48"
"4,16,41",2,1,"4,16,41,49"
"4,16,41",2,2,"4,16,41,50"
"4,16,41",2,3,"4,16,41,51"
"4,16,41",2,4,"4,16,41,52"
"4,16,41",2,5,"4,16,41,53"
"4,16,41",2,6,"4,16,41,54"
"4,16,41",2,7,"4,16,41,55"
"4,16,41",2,8,"4,16,41,56"
"4,16,41",2,9,"4,16,41,57"
"4,16,41",2,10,"4,16,41,58"
"4,16,41",2,11,"4,16,41,59"
"4,16,41",2,12,"4,16,41,60"
"4,16,41",2,13,"4,16,41,61"
"4,16,41",2,14,"4,16,41,62"
"4,16,41",2,15,"4,16,41,63"
"4,16,41",2,16,"4,16,41,64"
"4,16,41",2,17,"4,16,41,65"
"4,16,41",2,18,"4,16,41,66"
"4,16,41",2,19,"4,16,41,67"
"4,16,41",3,0,"4,16,41,68"
"4,16,41",3,1,"4,16,41,69"
"4,16,41",3,2,"4,16,41,70"
"4,16,41",3,3,"4,16,41,71"
"4,16,41",3,4,"4,16,41,72"
"4,16,41",3,5,"4,16,41,73"
"4,16,41",3,6,"4,16,41,74"
"4,16,41",3,7,"4,16,41,75"
"4,16,41",3,8,"4,16,41,76"
"4,16,41",3,9,"4,16,41,77"
"4,16,41",3,10,"4,16,41,78"
"4,16,41",3,11,"4,16,41,79"
"4,16,41",3,12,"4,16,41,80"
"4,16,41",3,13,"4,16,41,81"
"4,16,41",3,14,"4,16,41,82"
"4,16,41",3,15,"4,16,41,83"
"4,16,41",3,16,"4,16,41,84"
"4,16,41",3,17,"4,16,41,85"
"4,16,41",3,18,"4,16,41,86"
"4,16,41",3,19,"4,16,41,87"
"4,16,41",4,0,"4,16,41,88"
"4,16,41",4,1,"4,16,41,89"
"4,16,41",4,2,"4,16,41,90"
"4,16,41",4,3,"4,16,41,91"
"4,16,41",4,4,"4,16,41,92"
"4,16,41",4,5,"4,16,41,93"
"4,16,41",4,6,"4,16,41,94"
"4,16,41",4,7,"4,16,41,95"
"4,16,41",4,8,"4,16,41,96"
"4,16,41",4,9,"4,16,41,97"
"4,16,41",4,10,"4,16,41,98"
"4,16,41",4,11,"4,16,41,99"
"4,16,41",4,12,"4,5,16,41"
"4,16,41",4,13,"4,6,16,41"
"4,16,41",4,14,"4,7,16,41"
"4,16,41",4,15,"4,8,16,41"
"4,16,41",4,16,"4,9,16,41"
"1,27,54",0,0,"0,1,27,54"
"1,27,54",0,1,"1,10,27,54"
"1,27,54",0,2,"1,11,27,54"
"1,27,54",0,3,"1,12,27,54"
"1,27,54",0,4,"1,13,27,54"
"1,27,54",0,5,"1,14,27,54"
"1,27,54",0,6,"1,15,27,54"
"1,27,54",0,7,"1,16,27,54"
"1,27,54",0,8,"1,17,27,54"
"1,27,54",0,9,"1,18,27,54"
"1,27,54",0,10,"1,19,27,54"
"1,27,54",0,11,"1,2,27,54"
"1,27,54",0,12,"1,20,27,54"
"1,27,54",0,13,"1,21,27,54"
"1,27,54",0,14,"1,22,27,54"
"1,27,54",0,15,"1,23,27,54"
"1,27,54",0,16,"1,24,27,54"
"1,27,54",0,17,"1,25,27,54"
"1,27,54",0,18,"1,26,27,54"
"1,27,54",0,19,"1,27,28,54"
"1,27,54",1,0,"1,27,29,54"
"1,27,54",1,1,"1,27,30,54"
"1,27,54",1,2,"1,27,31,54"
"1,27,54",1,3,"1,27,32,54"
"1,27,54",1,4,"1,27,33,54"
"1,27,54",1,5,"1,27,34,54"
"1,27,54",1,6,"1,27,35,54"
"1,27,54",1,7,"1,27,36,54"
"1,27,54",1,8,"1,27,37,54"
"1,27,54",1,9,"1,27,38,54"
"1,27,54",1,10,"1,27,39,54"
"1,27,54",1,11,"1,27,40,54"
"1,27,54",1,12,"1,27,41,54"
"1,27,54",1,13,"1,27,42,54"
"1,27,54",1,14,"1,27,43,54"
"1,27,54",1,15,"1,27,44,54"
"1,27,54",1,16,"1,27,45,54"
"1,27,54",1,17,"1,27,46,54"
"1,27,54",1,18,"1,27,47,54"
"1,27,54",1,19,"1,27,48,54"
"1,27,54",2,0,"1,27,49,54"
"1,27,54",2,1,"1,27,50,54"
"1,27,54",2,2,"1,27,51,54"
"1,27,54",2,3,"1,27,52,54"
"1,27,54",2,4,"1,27,53,54"
"1,27,54",2,5,"1,27,54,55"
"1,27,54",2,6,"1,27,54,56"
"1,27,54",2,7,"1,27,54,57"
"1,27,54",2,8,"1,27,54,58"
"1,27,54",2,9,"1,27,54,59"
"1,27,54",2,10,"1,27,54,60"
"1,27,54",2,11,"1,27,54,61"
"1,27,54",2,12,"1,27,54,62"
"1,27,54",2,13,"1,27,54,63"
"1,27,54",2,14,"1,27,54,64"
"1,27,54",2,15,"1,27,54,65"
"1,27,54",2,16,"1,27,54,66"
"1,27,54",2,17,"1,27,54,67"
"1,27,54",2,18,"1,27,54,68"
"1,27,54",2,19,"1,27,54,69"
"1,27,54",3,0,"1,27,54,70"
"1,27,54",3,1,"1,27,54,71"
"1,27,54",3,2,"1,27,54,72"
"1,27,54",3,3,"1,27,54,73"
"1,27,54",3,4,"1,27,54,74"
"1,27,54",3,5,"1,27,54,75"
"1,27,54",3,6,"1,27,54,76"
"1,27,54",3,7,"1,27,54,77"
"1,27,54",3,8,"1,27,54,78"
"1,27,54",3,9,"1,27,54,79"
"1,27,54",3,10,"1,27,54,80"
"1,27,54",3,11,"1,27,54,81"
"1,27,54",3,12,"1,27,54,82"
"1,27,54",3,13,"1,27,54,83"
"1,27,54",3,14,"1,27,54,84"
"1,27,54",3,15,"1,27,54,85"
"1,27,54",3,16,"1,27,54,86"
"1,27,54",3,17,"1,27,54,87"
"1,27,54",3,18,"1,27,54,88"
"1,27,54",3,19,"1,27,54,89"
"1,27,54",4,0,"1,27,54,90"
"1,27,54",4,1,"1,27,54,91"
"1,27,54",4,2,"1,27,54,92"
"1,27,54",4,3,"1,27,54,93"
"1,27,54",4,4,"1,27,54,94"
"1,27,54",4,5,"1,27,54,95"
"1,27,54",4,6,"1,27,54,96"
"1,27,54",4,7,"1,27,54,97"
"1,27,54",4,8,"1,27,54,98"
"1,27,54",4,9,"1,27,54,99"
"1,27,54",4,10,"1,3,27,54"
"1,27,54",4,11,"1,4,27,54"
"1,27,54",4,12,"1,5,27,54"
"1,27,54",4,13,"1,6,27,54"
"1,27,54",4,14,"1,7,27,54"
"1,27,54",4,15,"1,8,27,54"
"1,27,54",4,16,"1,9,27,54"
"4,13,67",0,0,"0,4,13,67"
"4,13,67",0,1,"1,4,13,67"
"4,13,67",0,2,"2,4,13,67"
"4,13,67",0,3,"3,4,13,67"
"4,13,67",0,4,"4,10,13,67"
"4,13,67",0,5,"4,11,13,67"
"4,13,67",0,6,"4,12,13,67"
"4,13,67",0,7,"4,13,14,67"
"4,13,67",0,8,"4,13,15,67"
"4,13,67",0,9,"4,13,16,67"
"4,13,67",0,10,"4,13,17,67"
"4,13,67",0,11,"4,13,18,67"
"4,13,67",0,12,"4,13,19,67"
"4,13,67",0,13,"4,13,20,67"
"4,13,67",0,14,"4,13,21,67"
"4,13,67",0,15,"4,13,22,67"
"4,13,67",0,16,"4,13,23,67"
"4,13,67",0,17,"4,13,24,67"
"4,13,67",0,18,"4,13,25,67"
"4,13,67",0,19,"4,13,26,67"
"4,13,67",1,0,"4,13,27,67"
"4,13,67",1,1,"4,13,28,67"
"4,13,67",1,2,"4,13,29,67"
"4,13,67",1,3,"4,13,30,67"
"4,13,67",1,4,"4,13,31,67"
"4,13,67",1,5,"4,13,32,67"
"4,13,67",1,6,"4,13,33,67"
"4,13,67",1,7,"4,13,34,67"
"4,13,67",1,8,"4,13,35,67"
"4,13,67",1,9,"4,13,36,67"
"4,13,67",1,10,"4,13,37,67"
"4,13,67",1,11,"4,13,38,67"
"4,13,67",1,12,"4,13,39,67"
"4,13,67",1,13,"4,13,40,67"
"4,13,67",1,14,"4,13,41,67"
"4,13,67",1,15,"4,13,42,67"
"4,13,67",1,16,"4,13,43,67"
"4,13,67",1,17,"4,13,44,67"
"4,13,67",1,18,"4,13,45,67"
"4,13,67",1,19,"4,13,46,67"
"4,13,67",2,0,"4,13,47,67"
"4,13,67",2,1,"4,13,48,67"
"4,13,67",2,2,"4,13,50,67"
"4,13,67",2,3,"4,13,51,67"
"4,13,67",2,4,"4,13,52,67"
"4,13,67",2,5,"4,13,53,67"
"4,13,67",2,6,"4,13,54,67"
"4,13,67",2,7,"4,13,55,67"
"4,13,67",2,8,"4,13,56,67"
"4,13,67",2,9,"4,13,57,67"
"4,13,67",2,10,"4,13,58,67"
"4,13,67",2,11,"4,13,59,67"
"4,13,67",2,12,"4,13,60,67"
"4,13,67",2,13,"4,13,61,67"
"4,13,67",2,14,"4,13,62,67"
"4,13,67",2,15,"4,13,63,67"
"4,13,67",2,16,"4,13,64,67"
"4,13,67",2,17,"4,13,65,67"
"4,13,67",2,18,"4,13,66,67"
"4,13,67",2,19,"4,13,67,68"
"4,13,67",3,0,"4,13,67,69"
"4,13,67",3,1,"4,13,67,70"
"4,13,67",3,2,"4,13,67,71"
"4,13,67",3,3,"4,13,67,72"
"4,13,67",3,4,"4,13,67,73"
"4,13,67",3,5,"4,13,67,74"
"4,13,67",3,6,"4,13,67,75"
"4,13,67",3,7,"4,13,67,76"
"4,13,67",3,8,"4,13,67,77"
"4,13,67",3,9,"4,13,67,78"
"4,13,67",3,10,"4,13,67,79"
"4,13,67",3,11,"4,13,67,80"
"4,13,67",3,12,"4,13,67,81"
"4,13,67",3,13,"4,13,67,82"
"4,13,67",3,14,"4,13,67,83"
"4,13,67",3,15,"4,13,67,84"
"4,13,67",3,16,"4,13,67,85"
"4,13,67",3,17,"4,13,67,86"
"4,13,67",3,18,"4,13,67,87"
"4,13,67",3,19,"4,13,67,88"
"4,13,67",4,0,"4,13,67,89"
"4,13,67",4,1,"4,13,67,90"
"4,13,67",4,2,"4,13,67,91"
"4,13,67",4,3,"4,13,67,92"
"4,13,67",4,4,"4,13,67,93"
"4,13,67",4,5,"4,13,67,94"
"4,13,67",4,6,"4,13,67,95"
"4,13,67",4,7,"4,13,67,96"
"4,13,67",4,8,"4,13,67,97"
"4,13,67",4,9,"4,13,67,98"
"4,13,67",4,10,"4,13,67,99"
"4,13,67",4,11,"4,5,13,67"
"4,13,67",4,12,"4,6,13,67"
"4,13,67",4,13,"4,7,13,67"
"4,13,67",4,14,"4,8,13,67"
"4,13,67",4,15,"4,9,13,67"
"2,59,87",0,0,"0,2,59,87"
"2,59,87",0,1,"1,2,59,87"
"2,59,87",0,2,"2,10,59,87"
"2,59,87",0,3,"2,11,59,87"
"2,59,87",0,4,"2,12,59,87"
"2,59,87",0,5,"2,13,59,87"
"2,59,87",0,6,"2,14,59,87"
"2,59,87",0,7,"2,15,59,87"
"2,59,87",0,8,"2,16,59,87"
"2,59,87",0,9,"2,17,59,87"
"2,59,87",0,10,"2,18,59,87"
"2,59,87",0,11,"2,19,59,87"
"2,59,87",0,12,"2,20,59,87"
"2,59,87",0,13,"2,21,59,87"
"2,59,87",0,14,"2,22,59,87"
"2,59,87",0,15,"2,23,59,87"
"2,59,87",0,16,"2,24,59,87"
"2,59,87",0,17,"2,25,59,87"
"2,59,87",0,18,"2,26,59,87"
"2,59,87",0,19,"2,27,59,87"
"2,59,87",1,0,"2,28,59,87"
"2,59,87",1,1,"2,29,59,87"
"2,59,87",1,2,"2,3,59,87"
"2,59,87",1,3,"2,30,59,87"
"2,59,87",1,4,"2,31,59,87"
"2,59,87",1,5,"2,32,59,87"
"2,59,87",1,6,"2,33,59,87"
"2,59,87",1,7,"2,34,59,87"
"2,59,87",1,8,"2,35,59,87"
"2,59,87",1,9,"2,36,59,87"
"2,59,87",1,10,"2,37,59,87"
"2,59,87",1,11,"2,38,59,87"
"2,59,87",1,12,"2,39,59,87"
"2,59,87",1,13,"2,4,59,87"
"2,59,87",1,14,"2,40,59,87"
"2,59,87",1,15,"2,41,59,87"
"2,59,87",1,16,"2,42,59,87"
"2,59,87",1,17,"2,43,59,87"
"2,59,87",1,18,"2,44,59,87"
"2,59,87",1,19,"2,45,59,87"
"2,59,87",2,0,"2,46,59,87"
"2,59,87",2,1,"2,47,59,87"
"2,59,87",2,2,"2,48,59,87"
"2,59,87",2,3,"2,49,59,87"
"2,59,87",2,4,"2,5,59,87"
"2,59,87",2,5,"2,50,59,87"
"2,59,87",2,6,"2,51,59,87"
"2,59,87",2,7,"2,52,59,87"
"2,59,87",2,8,"2,53,59,87"
"2,59,87",2,9,"2,54,59,87"
"2,59,87",2,10,"2,55,59,87"
"2,59,87",2,11,"2,56,59,87"
"2,59,87",2,12,"2,57,59,87"
"2,59,87",2,13,"2,58,59,87"
"2,59,87",2,14,"2,59,60,87"
"2,59,87",2,15,"2,59,61,87"
"2,59,87",2,16,"2,59,62,87"
"2,59,87",2,17,"2,59,63,87"
"2,59,87",2,18,"2,59,64,87"
"2,59,87",2,19,"2,59,65,87"
"2,59,87",3,0,"2,59,66,87"
"2,59,87",3,1,"2,59,67,87"
"2,59,87",3,2,"2,59,68,87"
"2,59,87",3,3,"2,59,69,87"
"2,59,87",3,4,"2,59,70,87"
"2,59,87",3,5,"2,59,71,87"
"2,59,87",3,6,"2,59,72,87"
"2,59,87",3,7,"2,59,73,87"
"2,59,87",3,8,"2,59,74,87"
"2,59,87",3,9,"2,59,75,87"
"2,59,87",3,10,"2,59,76,87"
"2,59,87",3,11,"2,59,77,87"
"2,59,87",3,12,"2,59,78,87"
"2,59,87",3,13,"2,59,79,87"
"2,59,87",3,14,"2,59,80,87"
"2,59,87",3,15,"2,59,81,87"
"2,59,87",3,16,"2,59,82,87"
"2,59,87",3,17,"2,59,83,87"
"2,59,87",3,18,"2,59,84,87"
"2,59,87",3,19,"2,59,85,87"
"2,59,87",4,0,"2,59,86,87"
"2,59,87",4,1,"2,59,87,88"
"2,59,87",4,2,"2,59,87,89"
"2,59,87",4,3,"2,59,87,90"
"2,59,87",4,4,"2,59,87,91"
"2,59,87",4,5,"2,59,87,92"
"2,59,87",4,6,"2,59,87,93"
"2,59,87",4,7,"2,59,87,94"
"2,59,87",4,8,"2,59,87,95"
"2,59,87",4,9,"2,59,87,96"
"2,59,87",4,10,"2,59,87,97"
"2,59,87",4,11,"2,59,87,98"
"2,59,87",4,12,"2,59,87,99"
"2,59,87",4,13,"2,6,59,87"
"2,59,87",4,14,"2,7,59,87"
"2,59,87",4,15,"2,8,59,87"
"2,59,87",4,16,"2,9,59,87"
"4,55,78",0,0,"0,4,55,78"
"4,55,78",0,1,"1,4,55,78"
"4,55,78",0,2,"2,4,55,78"
"4,55,78",0,3,"3,4,55,78"
"4,55,78",0,4,"4,10,55,78"
"4,55,78",0,5,"4,11,55,78"
"4,55,78",0,6,"4,12,55,78"
"4,55,78",0,7,"4,13,55,78"
"4,55,78",0,8,"4,14,55,78"
"4,55,78",0,9,"4,15,55,78"
"4,55,78",0,10,"4,16,55,78"
"4,55,78",0,11,"4,17,55,78"
"4,55,78",0,12,"4,18,55,78"
"4,55,78",0,13,"4,19,55,78"
"4,55,78",0,14,"4,20,55,78"
"4,55,78",0,15,"4,21,55,78"
"4,55,78",0,16,"4,22,55,78"
"4,55,78",0,17,"4,23,55,78"
"4,55,78",0,18,"4,24,55,78"
"4,55,78",0,19,"4,25,55,78"
"4,55,78",1,0,"4,26,55,78"
"4,55,78",1,1,"4,27,55,78"
"4,55,78",1,2,"4,28,55,78"
"4,55,78",1,3,"4,29,55,78"
"4,55,78",1,4,"4,30,55,78"
"4,55,78",1,5,"4,31,55,78"
"4,55,78",1,6,"4,32,55,78"
"4,55,78",1,7,"4,33,55,78"
"4,55,78",1,8,"4,35,55,78"
"4,55,78",1,9,"4,36,55,78"
"4,55,78",1,10,"4,37,55,78"
"4,55,78",1,11,"4,38,55,78"
"4,55,78",1,12,"4,39,55,78"
"4,55,78",1,13,"4,40,55,78"
"4,55,78",1,14,"4,41,55,78"
"4,55,78",1,15,"4,42,55,78"
"4,55,78",1,16,"4,43,55,78"
"4,55,78",1,17,"4,44,55,78"
"4,55,78",1,18,"4,45,55,78"
"4,55,78",1,19,"4,46,55,78"
"4,55,78",2,0,"4,47,55,78"
"4,55,78",2,1,"4,48,55,78"
"4,55,78",2,2,"4,49,55,78"
"4,55,78",2,3,"4,5,55,78"
"4,55,78",2,4,"4,50,55,78"
"4,55,78",2,5,"4,51,55,78"
"4,55,78",2,6,"4,52,55,78"
"4,55,78",2,7,"4,53,55,78"
"4,55,78",2,8,"4,54,55,78"
"4,55,78",2,9,"4,55,56,78"
"4,55,78",2,10,"4,55,57,78"
"4,55,78",2,11,"4,55,58,78"
"4,55,78",2,12,"4,55,59,78"
"4,55,78",2,13,"4,55,60,78"
"4,55,78",2,14,"4,55,61,78"
"4,55,78",2,15,"4,55,62,78"
"4,55,78",2,16,"4,55,63,78"
"4,55,78",2,17,"4,55,64,78"
"4,55,78",2,18,"4,55,65,78"
"4,55,78",2,19,"4,55,67,78"
"4,55,78",3,0,"4,55,68,78"
"4,55,78",3,1,"4,55,69,78"
"4,55,78",3,2,"4,55,70,78"
"4,55,78",3,3,"4,55,71,78"
"4,55,78",3,4,"4,55,72,78"
"4,55,78",3,5,"4,55,73,78"
"4,55,78",3,6,"4,55,74,78"
"4,55,78",3,7,"4,55,75,78"
"4,55,78",3,8,"4,55,76,78"
"4,55,78",3,9,"4,55,77,78"
"4,55,78",3,10,"4,55,78,79"
"4,55,78",3,11,"4,55,78,80"
"4,55,78",3,12,"4,55,78,81"
"4,55,78",3,13,"4,55,78,82"
"4,55,78",3,14,"4,55,78,83"
"4,55,78",3,15,"4,55,78,84"
"4,55,78",3,16,"4,55,78,85"
"4,55,78",3,17,"4,55,78,86"
"4,55,78",3,18,"4,55,78,87"
"4,55,78",3,19,"4,55,78,88"
"4,55,78",4,0,"4,55,78,89"
"4,55,78",4,1,"4,55,78,90"
"4,55,78",4,2,"4,55,78,91"
"4,55,78",4,3,"4,55,78,92"
"4,55,78",4,4,"4,55,78,93"
"4,55,78",4,5,"4,55,78,94"
"4,55,78",4,6,"4,55,78,95"
"4,55,78",4,7,"4,55,78,96"
"4,55,78",4,8,"4,55,78,97"
"4,55,78",4,9,"4,55,78,98"
"4,55,78",4,10,"4,55,78,99"
"4,55,78",4,11,"4,6,55,78"
"4,55,78",4,12,"4,7,55,78"
"4,55,78",4,13,"4,8,55,78"
"4,55,78",4,14,"4,9,55,78"
"2,50,69",0,0,"0,2,50,69"
"2,50,69",0,1,"1,2,50,69"
"2,50,69",0,2,"2,10,50,69"
"2,50,69",0,3,"2,11,50,69"
"2,50,69",0,4,"2,12,50,69"
"2,50,69",0,5,"2,13,50,69"
"2,50,69",0,6,"2,14,50,69"
"2,50,69",0,7,"2,15,50,69"
"2,50,69",0,8,"2,16,50,69"
"2,50,69",0,9,"2,17,50,69"
"2,50,69",0,10,"2,18,50,69"
"2,50,69",0,11,"2,19,50,69"
"2,50,69",0,12,"2,20,50,69"
"2,50,69",0,13,"2,21,50,69"
"2,50,69",0,14,"2,22,50,69"
"2,50,69",0,15,"2,23,50,69"
"2,50,69",0,16,"2,24,50,69"
"2,50,69",0,17,"2,25,50,69"
"2,50,69",0,18,"2,26,50,69"
"2,50,69",0,19,"2,27,50,69"
"2,50,69",1,0,"2,28,50,69"
"2,50,69",1,1,"2,29,50,69"
"2,50,69",1,2,"2,3,50,69"
"2,50,69",1,3,"2,30,50,69"
"2,50,69",1,4,"2,31,50,69"
"2,50,69",1,5,"2,32,50,69"
"2,50,69",1,6,"2,33,50,69"
"2,50,69",1,7,"2,34,50,69"
"2,50,69",1,8,"2,35,50,69"
"2,50,69",1,9,"2,36,50,69"
"2,50,69",1,10,"2,37,50,69"
"2,50,69",1,11,"2,38,50,69"
"2,50,69",1,12,"2,39,50,69"
"2,50,69",1,13,"2,4,50,69"
"2,50,69",1,14,"2,40,50,69"
"2,50,69",1,15,"2,41,50,69"
"2,50,69",1,16,"2,42,50,69"
"2,50,69",1,17,"2,43,50,69"
"2,50,69",1,18,"2,44,50,69"
"2,50,69",1,19,"2,45,50,69"
"2,50,69",2,0,"2,46,50,69"
"2,50,69",2,1,"2,47,50,69"
"2,50,69",2,2,"2,48,50,69"
"2,50,69",2,3,"2,49,50,69"
"2,50,69",2,4,"2,5,50,69"
"2,50,69",2,5,"2,50,51,69"
"2,50,69",2,6,"2,50,52,69"
"2,50,69",2,7,"2,50,53,69"
"2,50,69",2,8,"2,50,54,69"
"2,50,69",2,9,"2,50,55,69"
"2,50,69",2,10,"2,50,56,69"
"2,50,69",2,11,"2,50,57,69"
"2,50,69",2,12,"2,50,58,69"
"2,50,69",2,13,"2,50,59,69"
"2,50,69",2,14,"2,50,60,69"
"2,50,69",2,15,"2,50,61,69"
"2,50,69",2,16,"2,50,62,69"
"2,50,69",2,17,"2,50,63,69"
"2,50,69",2,18,"2,50,64,69"
"2,50,69",2,19,"2,50,65,69"
"2,50,69",3,0,"2,50,66,69"
"2,50,69",3,1,"2,50,67,69"
"2,50,69",3,2,"2,50,68,69"
"2,50,69",3,3,"2,50,69,70"
"2,50,69",3,4,"2,50,69,71"
"2,50,69",3,5,"2,50,69,72"
"2,50,69",3,6,"2,50,69,73"
"2,50,69",3,7,"2,50,69,74"
"2,50,69",3,8,"2,50,69,75"
"2,50,69",3,9,"2,50,69,76"
"2,50,69",3,10,"2,50,69,77"
"2,50,69",3,11,"2,50,69,78"
"2,50,69",3,12,"2,50,69,79"
"2,50,69",3,13,"2,50,69,80"
"2,50,69",3,14,"2,50,69,81"
"2,50,69",3,15,"2,50,69,82"
"2,50,69",3,16,"2,50,69,83"
"2,50,69",3,17,"2,50,69,84"
"2,50,69",3,18,"2,50,69,85"
"2,50,69",3,19,"2,50,69,86"
"2,50,69",4,0,"2,50,69,87"
"2,50,69",4,1,"2,50,69,88"
"2,50,69",4,2,"2,50,69,89"
"2,50,69",4,3,"2,50,69,90"
"2,50,69",4,4,"2,50,69,91"
"2,50,69",4,5,"2,50,69,92"
"2,50,69",4,6,"2,50,69,93"
"2,50,69",4,7,"2,50,69,94"
"2,50,69",4,8,"2,50,69,95"
"2,50,69",4,9,"2,50,69,96"
"2,50,69",4,10,"2,50,69,97"
"2,50,69",4,11,"2,50,69,98"
"2,50,69",4,12,"2,50,69,99"
"2,50,69",4,13,"2,6,50,69"
"2,50,69",4,14,"2,7,50,69"
"2,50,69",4,15,"2,8,50,69"
"2,50,69",4,16,"2,9,50,69"
"3,36,62",0,0,"0,3,36,62"
"3,36,62",0,1,"1,3,36,62"
"3,36,62",0,2,"2,3,36,62"
"3,36,62",0,3,"3,10,36,62"
"3,36,62",0,4,"3,11,36,62"
"3,36,62",0,5,"3,12,36,62"
"3,36,62",0,6,"3,13,36,62"
"3,36,62",0,7,"3,14,36,62"
"3,36,62",0,8,"3,15,36,62"
"3,36,62",0,9,"3,16,36,62"
"3,36,62",0,10,"3,17,36,62"
"3,36,62",0,11,"3,18,36,62"
"3,36,62",0,12,"3,19,36,62"
"3,36,62",0,13,"3,20,36,62"
"3,36,62",0,14,"3,21,36,62"
"3,36,62",0,15,"3,22,36,62"
"3,36,62",0,16,"3,23,36,62"
"3,36,62",0,17,"3,24,36,62"
"3,36,62",0,18,"3,25,36,62"
"3,36,62",0,19,"3,26,36,62"
"3,36,62",1,0,"3,27,36,62"
"3,36,62",1,1,"3,28,36,62"
"3,36,62",1,2,"3,29,36,62"
"3,36,62",1,3,"3,30,36,62"
"3,36,62",1,4,"3,31,36,62"
"3,36,62",1,5,"3,32,36,62"
"3,36,62",1,6,"3,33,36,62"
"3,36,62",1,7,"3,34,36,62"
"3,36,62",1,8,"3,35,36,62"
"3,36,62",1,9,"3,36,37,62"
"3,36,62",1,10,"3,36,38,62"
"3,36,62",1,11,"3,36,39,62"
"3,36,62",1,12,"3,36,41,62"
"3,36,62",1,13,"3,36,42,62"
"3,36,62",1,14,"3,36,43,62"
"3,36,62",1,15,"3,36,44,62"
"3,36,62",1,16,"3,36,45,62"
"3,36,62",1,17,"3,36,46,62"
"3,36,62",1,18,"3,36,47,62"
"3,36,62",1,19,"3,36,48,62"
"3,36,62",2,0,"3,36,49,62"
"3,36,62",2,1,"3,36,50,62"
"3,36,62",2,2,"3,36,51,62"
"3,36,62",2,3,"3,36,52,62"
"3,36,62",2,4,"3,36,53,62"
"3,36,62",2,5,"3,36,54,62"
"3,36,62",2,6,"3,36,55,62"
"3,36,62",2,7,"3,36,56,62"
"3,36,62",2,8,"3,36,57,62"
"3,36,62",2,9,"3,36,58,62"
"3,36,62",2,10,"3,36,59,62"
"3,36,62",2,11,"3,36,60,62"
"3,36,62",2,12,"3,36,61,62"
"3,36,62",2,13,"3,36,62,63"
"3,36,62",2,14,"3,36,62,64"
"3,36,62",2,15,"3,36,62,65"
"3,36,62",2,16,"3,36,62,66"
"3,36,62",2,17,"3,36,62,67"
"3,36,62",2,18,"3,36,62,68"
"3,36,62",2,19,"3,36,62,69"
"3,36,62",3,0,"3,36,62,70"
"3,36,62",3,1,"3,36,62,71"
"3,36,62",3,2,"3,36,62,72"
"3,36,62",3,3,"3,36,62,73"
"3,36,62",3,4,"3,36,62,74"
"3,36,62",3,5,"3,36,62,75"
"3,36,62",3,6,"3,36,62,76"
"3,36,62",3,7,"3,36,62,77"
"3,36,62",3,8,"3,36,62,78"
"3,36,62",3,9,"3,36,62,79"
"3,36,62",3,10,"3,36,62,80"
"3,36,62",3,11,"3,36,62,81"
"3,36,62",3,12,"3,36,62,82"
"3,36,62",3,13,"3,36,62,83"
"3,36,62",3,14,"3,36,62,84"
"3,36,62",3,15,"3,36,62,85"
"3,36,62",3,16,"3,36,62,86"
"3,36,62",3,17,"3,36,62,87"
"3,36,62",3,18,"3,36,62,88"
"3,36,62",3,19,"3,36,62,89"
"3,36,62",4,0,"3,36,62,90"
"3,36,62",4,1,"3,36,62,91"
"3,36,62",4,2,"3,36,62,92"
"3,36,62",4,3,"3,36,62,93"
"3,36,62",4,4,"3,36,62,94"
"3,36,62",4,5,"3,36,62,95"
"3,36,62",4,6,"3,36,62,96"
"3,36,62",4,7,"3,36,62,97"
"3,36,62",4,8,"3,36,62,98"
"3,36,62",4,9,"3,36,62,99"
"3,36,62",4,10,"3,4,36,62"
"3,36,62",4,11,"3,5,36,62"
"3,36,62",4,12,"3,6,36,62"
"3,36,62",4,13,"3,7,36,62"
"3,36,62",4,14,"3,8,36,62"
"3,36,62",4,15,"3,9,36,62"
