parent,a_outcome,b_outcome,a_exact_visited,b_exact_visited,probe10k_visited,probe1m_visited,probe_visited_total,b_total_visited,visited_ratio,exact_only_ratio,probe_overhead_ratio,a_entered,b_entered,a_unique,b_unique,a_seconds,b_probe_seconds,b_exact_seconds,b_total_seconds,seconds_ratio,a_wall,b_wall,a_memo,b_memo
"1,27,54",WIN,WIN,28886008,15660673,970000,11000000,11970000,27630673,0.9565417623646715,0.542154284524189,0.41438747784048247,2,1,97,97,148.429,122.65,81.0914,203.7414,1.372652244507475,153.432,86.202,28796302,15612562
"11,25,64",WIN,WIN,101290530,55761029,920000,11000000,11920000,67681029,0.6681871345722054,0.5505058468940779,0.11768128767812747,4,3,92,92,441.334,106.142,149.558,255.7,0.5793797894565114,444.127,151.986,101089898,55632662
"12,44,46",WIN,WIN,6657408,6657408,960000,11000000,11960000,18617408,2.7964949722174155,1.0,1.7964949722174155,1,1,96,96,33.5343,112.462,33.0602,145.5222,4.3395031355954945,38.137,37.639,6613926,6613926
"12,57,58",WIN,WIN,23332546,26873962,970000,11000000,11970000,38843962,1.6647974035923898,1.1517800929225641,0.5130173106698257,2,1,97,97,54.976,111.548,66.3652,177.91320000000002,3.236197613504075,57.388,69.721,23254915,26798600
"2,30,53",WIN,WIN,86429522,22187375,920000,11000000,11920000,34107375,0.3946264448853483,0.2567106063597112,0.1379158385256371,5,1,92,92,456.825,105.663,109.875,215.538,0.4718174355606633,462.0,114.979,86258636,22132928
"2,50,69",WIN,WIN,111884858,40379879,970000,11000000,11970000,52349879,0.46789065058294127,0.36090566428568915,0.10698498629725213,7,2,97,97,476.348,126.268,168.833,295.101,0.6195071670291468,480.584,173.176,111668478,40266489
"2,59,87",WIN,WIN,241174390,362238186,970000,11000000,11970000,374208186,1.5516083030208971,1.5019761675358647,0.049632135485032224,21,30,97,97,1653.95,126.114,2430.82,2556.934,1.545956044620454,1658.582,2436.631,240703928,361565986
"22,44,55",WIN,WIN,7049546,10239311,900000,11000000,11900000,22139311,3.140530042643881,1.452478074474583,1.6880519681692978,1,1,45,45,36.1586,109.708,52.9801,162.6881,4.499292007987035,41.165,58.027,7017179,10194277
"3,36,62",WIN,WIN,7198361,11715422,960000,11000000,11960000,23675422,3.289001760261815,1.6275124295655636,1.6614893306962515,1,1,96,96,26.5361,118.68,48.7377,167.4177,6.309054457889441,30.271,52.836,7153974,11673031
"3,58,81",WIN,WIN,68428419,11363418,960000,11000000,11960000,23323418,0.3408440285607066,0.1660628459061724,0.1747811826545342,3,1,96,96,320.621,106.824,57.0588,163.8828,0.5111418154144614,324.98,62.726,68234647,11303591
"4,13,67",WIN,WIN,21645184,16742770,960000,11000000,11960000,28702770,1.3260580275039473,0.7735101720549015,0.5525478554490458,1,1,96,96,111.589,128.383,80.8875,209.27050000000003,1.875368539909848,116.351,85.553,21579581,16684189
"4,15,23",WIN,WIN,14494611,8435409,970000,11000000,11970000,20405409,1.4077927996825854,0.5819686364815172,0.8258241632010683,1,1,97,97,33.4627,109.631,20.4982,130.1292,3.88878363072914,35.746,22.888,14438528,8393130
"4,16,41",WIN,WIN,14364974,9823171,970000,11000000,11970000,21793171,1.5171047994935458,0.6838279693370833,0.8332768301564625,2,1,97,97,72.5569,115.82,49.6449,165.4649,2.2804846954597013,76.889,54.575,14319059,9778002
"4,32,64",WIN,WIN,14189168,10662167,970000,11000000,11970000,22632167,1.5950312942943519,0.7514300345164706,0.8436012597778813,1,1,97,97,73.5325,111.504,55.7607,167.2647,2.2747043824159388,78.413,60.297,14128766,10614785
"4,45,68",WIN,WIN,79047740,12474929,970000,11000000,11970000,24444929,0.30924260453240027,0.15781512539131415,0.15142747914108615,4,1,97,97,404.534,107.371,56.2931,163.6641,0.40457439918523536,408.734,60.466,78859589,12423704
"4,55,78",WIN,WIN,82933033,12981953,950000,11000000,11950000,24931953,0.3006275316133681,0.15653536992913306,0.14409216168423503,5,1,95,95,373.081,128.152,64.0866,192.2386,0.5152730908301414,377.88,68.658,82768680,12933232
