parent,rank,state,probe_outcome,visited,maxdepth,memo,seconds,move
"1,27,54",1,"1,27,54,68",PROBE,10000,16,9903,0.673772,68
"1,27,54",2,"1,27,52,54",PROBE,10000,16,9910,0.742515,52
"1,27,54",3,"1,27,54,92",PROBE,10000,18,9910,0.777074,92
"1,27,54",4,"1,22,27,54",PROBE,10000,16,9914,0.645749,22
"1,27,54",5,"1,27,49,54",PROBE,10000,16,9917,0.662211,49
"1,27,54",6,"1,27,54,71",PROBE,10000,15,9917,0.7275,71
"1,27,54",7,"1,27,54,90",PROBE,10000,17,9918,0.722479,90
"1,27,54",8,"1,27,32,54",PROBE,10000,16,9920,0.666349,32
"1,27,54",9,"1,27,54,55",PROBE,10000,16,9920,0.693834,55
"1,27,54",10,"1,27,54,65",PROBE,10000,16,9923,0.767204,65
"1,27,54",11,"1,27,54,73",PROBE,10000,16,9923,0.686541,73
"11,25,64",1,"11,25,43,64",PROBE,10000,16,9916,0.560554,43
"11,25,64",2,"11,25,47,64",PROBE,10000,16,9918,0.548006,47
"11,25,64",3,"11,25,64,74",PROBE,10000,16,9918,0.525211,74
"11,25,64",4,"11,25,54,64",PROBE,10000,16,9921,0.562697,54
"11,25,64",5,"11,25,64,88",PROBE,10000,16,9930,0.555742,88
"11,25,64",6,"11,25,64,95",PROBE,10000,16,9930,0.578439,95
"11,25,64",7,"11,25,33,64",PROBE,10000,16,9938,0.534662,33
"11,25,64",8,"11,25,40,64",PROBE,10000,16,9940,0.543431,40
"11,25,64",9,"11,25,53,64",PROBE,10000,16,9941,0.539967,53
"11,25,64",10,"11,25,52,64",PROBE,10000,16,9944,0.516855,52
"11,25,64",11,"5,11,25,64",PROBE,10000,16,9945,0.526005,5
"12,44,46",1,"12,43,44,46",PROBE,10000,15,9835,0.543284,43
"12,44,46",2,"12,44,46,54",PROBE,10000,16,9872,0.548486,54
"12,44,46",3,"12,23,44,46",PROBE,10000,16,9876,0.524885,23
"12,44,46",4,"12,36,44,46",PROBE,10000,16,9879,0.542569,36
"12,44,46",5,"12,37,44,46",PROBE,10000,16,9879,0.675696,37
"12,44,46",6,"12,44,45,46",PROBE,10000,15,9883,0.521756,45
"12,44,46",7,"12,44,46,82",PROBE,10000,15,9883,0.684239,82
"12,44,46",8,"12,32,44,46",PROBE,10000,15,9884,0.730455,32
"12,44,46",9,"12,44,46,56",PROBE,10000,16,9894,0.519011,56
"12,44,46",10,"12,44,46,53",PROBE,10000,15,9895,0.639555,53
"12,44,46",11,"12,44,46,51",PROBE,10000,16,9896,0.649438,51
"12,57,58",1,"12,57,58,94",PROBE,10000,16,9881,0.617366,94
"12,57,58",2,"5,12,57,58",PROBE,10000,16,9912,0.526462,5
"12,57,58",3,"12,17,57,58",PROBE,10000,16,9912,0.564545,17
"12,57,58",4,"12,14,57,58",PROBE,10000,16,9913,0.637008,14
"12,57,58",5,"12,36,57,58",PROBE,10000,16,9917,0.524644,36
"12,57,58",6,"12,50,57,58",PROBE,10000,16,9917,0.605511,50
"12,57,58",7,"3,12,57,58",PROBE,10000,17,9924,0.586504,3
"12,57,58",8,"12,21,57,58",PROBE,10000,16,9924,0.516778,21
"12,57,58",9,"12,57,58,76",PROBE,10000,16,9929,0.660573,76
"12,57,58",10,"12,57,58,75",PROBE,10000,16,9931,0.749489,75
"12,57,58",11,"12,25,57,58",PROBE,10000,16,9933,0.776892,25
"2,30,53",1,"2,11,30,53",PROBE,10000,16,9895,0.517041,11
"2,30,53",2,"2,30,40,53",PROBE,10000,16,9895,0.687585,40
"2,30,53",3,"2,30,39,53",PROBE,10000,15,9902,0.536377,39
"2,30,53",4,"2,30,33,53",PROBE,10000,16,9906,0.52287,33
"2,30,53",5,"2,17,30,53",PROBE,10000,16,9909,0.529392,17
"2,30,53",6,"2,30,53,56",PROBE,10000,16,9909,0.567349,56
"2,30,53",7,"2,30,53,92",PROBE,10000,16,9909,0.578841,92
"2,30,53",8,"2,30,53,77",PROBE,10000,16,9916,0.638157,77
"2,30,53",9,"2,30,53,97",PROBE,10000,16,9919,0.528922,97
"2,30,53",10,"2,30,42,53",PROBE,10000,16,9926,0.538155,42
"2,30,53",11,"2,30,44,53",PROBE,10000,16,9927,0.659156,44
"2,50,69",1,"2,36,50,69",PROBE,10000,16,9881,0.782301,36
"2,50,69",2,"2,50,51,69",PROBE,10000,16,9907,0.822706,51
"2,50,69",3,"2,50,69,84",PROBE,10000,16,9926,0.818558,84
"2,50,69",4,"2,44,50,69",PROBE,10000,16,9927,0.548561,44
"2,50,69",5,"2,30,50,69",PROBE,10000,16,9928,0.561324,30
"2,50,69",6,"2,50,61,69",PROBE,10000,16,9928,0.472267,61
"2,50,69",7,"2,50,62,69",PROBE,10000,16,9929,0.894571,62
"2,50,69",8,"2,50,69,72",PROBE,10000,16,9929,0.563395,72
"2,50,69",9,"2,50,69,74",PROBE,10000,16,9931,0.569455,74
"2,50,69",10,"2,16,50,69",PROBE,10000,16,9935,0.79483,16
"2,50,69",11,"2,45,50,69",PROBE,10000,16,9935,0.547927,45
"2,59,87",1,"2,59,62,87",PROBE,10000,15,9878,0.637751,62
"2,59,87",2,"2,59,61,87",PROBE,10000,16,9908,0.980412,61
"2,59,87",3,"2,44,59,87",PROBE,10000,16,9941,0.683186,44
"2,59,87",4,"2,40,59,87",PROBE,10000,16,9944,0.748677,40
"2,59,87",5,"2,49,59,87",PROBE,10000,16,9944,0.708296,49
"2,59,87",6,"2,59,78,87",PROBE,10000,16,9944,0.642501,78
"2,59,87",7,"2,59,82,87",PROBE,10000,16,9945,0.793894,82
"2,59,87",8,"1,2,59,87",PROBE,10000,16,9947,0.708375,1
"2,59,87",9,"2,24,59,87",PROBE,10000,17,9948,0.654845,24
"2,59,87",10,"2,32,59,87",PROBE,10000,16,9948,0.715928,32
"2,59,87",11,"2,42,59,87",PROBE,10000,16,9948,0.701893,42
"22,44,55",1,"14,22,44,55",PROBE,10000,16,9883,0.62177,14
"22,44,55",2,"22,41,44,55",PROBE,10000,16,9883,0.571714,41
"22,44,55",3,"22,44,48,55",PROBE,10000,16,9883,0.550507,48
"22,44,55",4,"22,44,55,84",PROBE,10000,16,9883,0.545614,84
"22,44,55",5,"22,44,46,55",PROBE,10000,16,9908,0.545651,46
"22,44,55",6,"22,44,55,64",PROBE,10000,16,9908,0.524913,64
"22,44,55",7,"22,44,49,55",PROBE,10000,15,9913,0.586589,49
"22,44,55",8,"22,44,55,94",PROBE,10000,15,9913,0.573859,94
"22,44,55",9,"22,35,44,55",PROBE,10000,16,9918,0.664528,35
"22,44,55",10,"22,44,53,55",PROBE,10000,16,9918,0.625689,53
"22,44,55",11,"22,44,55,58",PROBE,10000,16,9918,0.690321,58
"3,36,62",1,"3,15,36,62",PROBE,10000,16,9850,0.926797,15
"3,36,62",2,"3,35,36,62",PROBE,10000,16,9854,0.928156,35
"3,36,62",3,"3,36,53,62",PROBE,10000,16,9854,0.86074,53
"3,36,62",4,"3,26,36,62",PROBE,10000,16,9862,0.610019,26
"3,36,62",5,"3,36,62,69",PROBE,10000,16,9862,0.908321,69
"3,36,62",6,"3,36,37,62",PROBE,10000,16,9870,0.565142,37
"3,36,62",7,"3,36,62,83",PROBE,10000,16,9883,0.783755,83
"3,36,62",8,"3,12,36,62",PROBE,10000,16,9891,0.549344,12
"3,36,62",9,"3,36,62,72",PROBE,10000,16,9891,0.622471,72
"3,36,62",10,"3,20,36,62",PROBE,10000,16,9893,0.676561,20
"3,36,62",11,"3,36,47,62",PROBE,10000,15,9893,0.463823,47
"3,58,81",1,"3,44,58,81",PROBE,10000,16,9877,0.533552,44
"3,58,81",2,"3,58,73,81",PROBE,10000,15,9881,0.540329,73
"3,58,81",3,"3,53,58,81",PROBE,10000,16,9899,0.707906,53
"3,58,81",4,"3,58,81,86",PROBE,10000,16,9902,0.524348,86
"3,58,81",5,"3,43,58,81",PROBE,10000,16,9904,0.587038,43
"3,58,81",6,"3,10,58,81",PROBE,10000,16,9905,0.519806,10
"3,58,81",7,"3,35,58,81",PROBE,10000,16,9905,0.670528,35
"3,58,81",8,"3,47,58,81",PROBE,10000,17,9908,0.533981,47
"3,58,81",9,"3,58,81,89",PROBE,10000,16,9908,0.536326,89
"3,58,81",10,"3,52,58,81",PROBE,10000,16,9916,0.575462,52
"3,58,81",11,"3,31,58,81",PROBE,10000,16,9918,0.543258,31
"4,13,67",1,"4,13,60,67",PROBE,10000,16,9904,0.733754,60
"4,13,67",2,"4,13,67,94",PROBE,10000,16,9904,0.732628,94
"4,13,67",3,"4,13,54,67",PROBE,10000,16,9912,0.630187,54
"4,13,67",4,"4,13,14,67",PROBE,10000,17,9919,0.624878,14
"4,13,67",5,"4,13,21,67",PROBE,10000,16,9920,0.71851,21
"4,13,67",6,"4,13,66,67",PROBE,10000,16,9924,0.701764,66
"4,13,67",7,"2,4,13,67",PROBE,10000,16,9925,0.700719,2
"4,13,67",8,"4,13,40,67",PROBE,10000,16,9929,0.718515,40
"4,13,67",9,"4,13,64,67",PROBE,10000,16,9930,0.638063,64
"4,13,67",10,"4,13,67,74",PROBE,10000,16,9930,0.748194,74
"4,13,67",11,"4,13,30,67",PROBE,10000,16,9931,0.713405,30
"4,15,23",1,"4,15,23,50",PROBE,10000,16,9876,0.508888,50
"4,15,23",2,"4,15,23,93",PROBE,10000,15,9884,0.528973,93
"4,15,23",3,"4,15,23,60",PROBE,10000,15,9899,0.541223,60
"4,15,23",4,"4,15,23,38",PROBE,10000,17,9904,0.536606,38
"4,15,23",5,"4,5,15,23",PROBE,10000,17,9907,0.545369,5
"4,15,23",6,"4,15,22,23",PROBE,10000,17,9907,0.776666,22
"4,15,23",7,"4,15,23,30",PROBE,10000,16,9907,0.60049,30
"4,15,23",8,"4,15,23,85",PROBE,10000,17,9907,0.536832,85
"4,15,23",9,"4,15,23,48",PROBE,10000,16,9915,0.508412,48
"4,15,23",10,"4,15,23,66",PROBE,10000,16,9916,0.569093,66
"4,15,23",11,"4,15,23,91",PROBE,10000,16,9917,0.678843,91
"4,16,41",1,"4,16,41,96",PROBE,10000,16,9890,0.654061,96
"4,16,41",2,"4,16,41,46",PROBE,10000,16,9916,0.750103,46
"4,16,41",3,"4,15,16,41",PROBE,10000,16,9919,0.639726,15
"4,16,41",4,"4,16,40,41",PROBE,10000,16,9919,0.514405,40
"4,16,41",5,"4,16,41,48",PROBE,10000,16,9919,0.575045,48
"4,16,41",6,"4,16,41,56",PROBE,10000,16,9919,0.559789,56
"4,16,41",7,"4,16,39,41",PROBE,10000,16,9932,0.559576,39
"4,16,41",8,"4,16,41,94",PROBE,10000,16,9933,0.55222,94
"4,16,41",9,"4,16,41,66",PROBE,10000,16,9936,0.678703,66
"4,16,41",10,"4,16,41,85",PROBE,10000,16,9936,0.549308,85
"4,16,41",11,"4,16,41,49",PROBE,10000,17,9937,0.57995,49
"4,32,64",1,"4,32,59,64",PROBE,10000,16,9864,0.540765,59
"4,32,64",2,"4,32,43,64",PROBE,10000,17,9894,0.625012,43
"4,32,64",3,"4,32,51,64",PROBE,10000,15,9895,0.566315,51
"4,32,64",4,"4,32,53,64",PROBE,10000,16,9896,0.567316,53
"4,32,64",5,"4,32,64,82",PROBE,10000,17,9916,0.525914,82
"4,32,64",6,"4,32,64,94",PROBE,10000,17,9916,0.500705,94
"4,32,64",7,"4,32,33,64",PROBE,10000,17,9917,0.589374,33
"4,32,64",8,"4,30,32,64",PROBE,10000,15,9918,0.57529,30
"4,32,64",9,"4,32,64,70",PROBE,10000,16,9921,0.701166,70
"4,32,64",10,"4,32,55,64",PROBE,10000,16,9924,0.529925,55
"4,32,64",11,"4,32,36,64",PROBE,10000,17,9927,0.581069,36
"4,45,68",1,"4,45,68,83",PROBE,10000,15,9886,0.508301,83
"4,45,68",2,"4,45,52,68",PROBE,10000,16,9891,0.535607,52
"4,45,68",3,"4,13,45,68",PROBE,10000,15,9894,0.559014,13
"4,45,68",4,"4,45,46,68",PROBE,10000,16,9894,0.534116,46
"4,45,68",5,"4,45,63,68",PROBE,10000,15,9894,0.51058,63
"4,45,68",6,"4,45,60,68",PROBE,10000,17,9897,0.533973,60
"4,45,68",7,"4,45,66,68",PROBE,10000,16,9906,0.526469,66
"4,45,68",8,"4,45,54,68",PROBE,10000,16,9907,0.561524,54
"4,45,68",9,"4,45,59,68",PROBE,10000,16,9907,0.559094,59
"4,45,68",10,"4,36,45,68",PROBE,10000,16,9911,0.514868,36
"4,45,68",11,"4,32,45,68",PROBE,10000,16,9913,0.51756,32
"4,55,78",1,"4,45,55,78",PROBE,10000,16,9872,0.852658,45
"4,55,78",2,"3,4,55,78",PROBE,10000,16,9891,0.609852,3
"4,55,78",3,"4,54,55,78",PROBE,10000,16,9895,0.733753,54
"4,55,78",4,"4,18,55,78",PROBE,10000,17,9900,0.713409,18
"4,55,78",5,"4,48,55,78",PROBE,10000,16,9901,0.653646,48
"4,55,78",6,"4,29,55,78",PROBE,10000,16,9907,0.653649,29
"4,55,78",7,"4,55,78,98",PROBE,10000,16,9910,0.729021,98
"4,55,78",8,"4,43,55,78",PROBE,10000,16,9923,0.656739,43
"4,55,78",9,"4,53,55,78",PROBE,10000,16,9925,0.689375,53
"4,55,78",10,"4,20,55,78",PROBE,10000,16,9928,0.735534,20
"4,55,78",11,"4,55,77,78",PROBE,10000,16,9928,0.793554,77
