parent,outcome_A,outcome_B,A_visited,B_exact_visited,B_probe_visited,B_work,work_ratio,A_seconds,B_total_seconds,seconds_ratio,A_wall,B_wall,wall_ratio,exact_only_visited_ratio,A_memo,B_memo,A_entered,B_entered,A_unique,B_unique,P5_ratio_10k_over_file,P5_total_10k_s,P5_file_s
"0,11,35",WIN,WIN,85311102,44245249,960000,45205249,0.5298870597170342,325.62,248.526,0.7632,311.701,159.365,0.5113,0.5186,85151103,44160652,6,3,96,96,0.9246,202.15,218.64
"11,38,44",WIN,WIN,17051435,20853832,970000,21823832,1.279882426317785,65.707,154.408,2.35,66.041,75.07,1.1367,1.223,16989181,20795848,1,1,97,97,0.6534,155.87,238.56
"11,78,87",WIN,WIN,9928498,22490280,970000,23460280,2.3629233747138794,37.091,162.394,4.3782,37.168,83.859,2.2562,2.2652,9869864,22422824,1,1,53,53,1.7586,173.56,98.69
"12,24,68",WIN,WIN,11677827,13269933,960000,14229933,1.2185428847336066,44.624,130.257,2.919,46.731,51.406,1.1,1.1363,11622798,13212215,1,1,96,96,0.9738,122.9,126.21
"12,32,55",WIN,WIN,7106990,85823418,970000,86793418,12.21240187477399,27.682,404.232,14.6026,29.776,312.113,10.482,12.0759,7061150,85638422,1,5,97,97,0.7703,319.21,414.38
"13,52,57",WIN,WIN,11651703,9708730,920000,10628730,0.9122039928412181,47.784,101.681,2.1279,48.708,40.993,0.8416,0.8332,11605528,9666880,1,1,92,92,1.3006,127.0,97.65
"14,64,74",WIN,WIN,4342654,18108565,900000,19008565,4.377176952158749,16.633,127.336,7.6554,18.652,70.15,3.761,4.1699,4296010,18040768,1,1,90,90,2.5569,154.0,60.23
"23,44,45",WIN,WIN,7188933,11523196,920000,12443196,1.730882176812609,27.676,121.347,4.3845,29.833,46.172,1.5477,1.6029,7153823,11468864,1,1,92,92,1.6176,125.6,77.64
"3,47,63",WIN,WIN,5711578,10229826,920000,11149826,1.9521445737062506,21.378,115.823,5.4178,25.295,39.245,1.5515,1.7911,5667862,10183735,1,1,92,92,0.7486,105.71,141.21
"3,53,84",WIN,WIN,7184954,14732401,970000,15702401,2.1854560237963945,26.995,139.57,5.1702,29.346,55.602,1.8947,2.0505,7147428,14672181,1,1,97,97,0.2101,126.05,599.86
"4,24,26",WIN,WIN,51289701,57239684,960000,58199684,1.1347245717030015,195.87,297.05,1.5166,190.553,211.111,1.1079,1.116,51143224,57081457,9,4,96,96,0.5632,250.08,444.0
"4,42,54",WIN,WIN,6977109,16722420,940000,17662420,2.5314811621833626,26.463,141.333,5.3407,28.59,63.153,2.2089,2.3968,6940096,16665765,1,1,94,94,0.3729,140.24,376.08
