canonical_parent,pair_top,added_top,pair_child_outcome,other_child_outcome,pair_visited,other_visited,pair_seconds,other_seconds,memo_used
"0,1,10,14",40,4,LOSS,WIN,166506,34846,0.399006,0.114383,201352
"0,1,10,24",64,40,WIN,LOSS,47032,314494,0.168395,1.36444,562878
"0,1,11,29",5,2,WIN,WIN,56718,72822,0.122766,0.175052,692418
"0,1,12,67",2,4,WIN,LOSS,182711,175710,0.407608,0.361838,1050839
"0,1,17,79",40,8,WIN,WIN,182421,128476,0.389749,0.294564,1361736
"0,1,19,57",5,46,LOSS,LOSS,198154,141968,0.443633,0.324649,1701858
"0,1,22,40",10,4,LOSS,LOSS,146294,118174,0.348548,0.264271,1966326
"0,1,29,32",40,2,LOSS,WIN,186362,67903,0.408213,0.155987,2220591
"0,1,30,60",4,31,WIN,WIN,39407,1,0.0804067,2.83e-05,2259999
"0,1,34,51",8,7,LOSS,LOSS,197178,293080,0.426288,0.667746,2750257
"0,1,36,57",46,27,LOSS,WIN,88618,41352,0.198681,0.0906358,2880227
"0,1,37,41",31,40,WIN,LOSS,82727,95168,0.245073,0.266448,3058122
"0,1,4,70",40,64,LOSS,LOSS,151150,147674,0.589515,0.651072,298824
"0,1,40,68",70,5,LOSS,LOSS,154397,130220,0.497436,0.30936,583441
"0,1,5,71",45,63,LOSS,LOSS,125155,283422,0.267924,0.665058,992018
"0,1,64,69",19,70,LOSS,LOSS,77962,99940,0.1719,0.217744,1169920
"0,1,73,75",63,7,LOSS,WIN,259862,133835,0.580093,0.329621,1563617
"0,1,9,16",45,63,LOSS,LOSS,119386,215071,0.251285,0.476883,1898074
"0,10,11,48",50,40,WIN,LOSS,182048,307070,0.390909,0.680802,2387192
"0,10,24,76",19,64,LOSS,LOSS,121569,188601,0.257521,0.415849,2697362
"0,10,43,70",7,34,LOSS,LOSS,80397,126078,0.243179,0.397556,2903837
"0,11,14,23",12,50,WIN,LOSS,49520,125539,0.172442,0.318873,3078896
"0,11,14,33",3,9,LOSS,LOSS,152762,174366,0.366082,0.390802,3406024
"0,11,14,50",10,20,WIN,WIN,5461,84255,0.010136,0.159308,3495740
"0,11,28,30",40,31,LOSS,WIN,140060,110207,0.446387,0.252657,250267
"0,11,29,39",20,28,WIN,LOSS,46323,135466,0.106364,0.287739,432056
"0,11,31,44",61,28,WIN,LOSS,40065,344082,0.0847922,0.7454,816203
"0,11,33,41",13,50,WIN,LOSS,99497,125393,0.206078,0.280512,1041093
"0,11,33,67",5,56,WIN,WIN,89245,32333,0.224784,0.0656179,1162671
"0,12,20,38",29,57,WIN,LOSS,29390,98381,0.0560055,0.231428,1290442
"0,12,26,61",16,48,WIN,WIN,124999,386254,0.258304,0.873347,1801695
"0,12,30,40",21,39,LOSS,WIN,78901,6777,0.188688,0.0144077,1887373
"0,12,31,39",32,7,WIN,WIN,13320,91856,0.0267625,0.176476,1992549
"0,12,50,66",20,57,WIN,WIN,10148,1,0.023408,2.32e-05,2002698
"0,12,57,67",69,33,LOSS,WIN,167902,60464,0.37538,0.129152,2231064
"0,13,22,25",76,70,LOSS,LOSS,71344,134474,0.149545,0.291088,2436882
"0,13,23,66",12,45,LOSS,LOSS,254102,291691,0.583013,0.629161,545793
"0,13,35,43",15,36,WIN,WIN,203623,31142,0.469912,0.0601819,780558
"0,14,22,50",5,30,LOSS,WIN,60404,37931,0.141191,0.0861611,878893
"0,14,22,56",24,50,LOSS,LOSS,133088,180944,0.292693,0.405514,1192925
"0,14,29,73",58,43,WIN,WIN,265292,136560,0.595726,0.295076,1594777
"0,14,34,58",6,27,WIN,LOSS,30809,162072,0.075071,0.345477,1787658
"0,14,39,56",50,59,LOSS,WIN,269410,64022,0.607211,0.152982,2121090
"0,14,60,64",30,70,LOSS,LOSS,209269,289954,0.458683,0.958053,2620313
"0,15,22,33",42,39,LOSS,WIN,109555,130193,0.250567,0.302003,2860061
"0,15,52,68",12,25,LOSS,LOSS,189128,277082,0.405556,0.852829,3326271
"0,16,33,47",57,50,LOSS,WIN,173400,276650,0.632373,0.655779,3776321
"0,16,35,53",61,44,WIN,LOSS,192139,142927,0.405923,0.30363,4111387
"0,16,40,56",70,50,LOSS,LOSS,58851,73150,0.138801,0.166541,132001
"0,16,60,76",10,70,WIN,LOSS,336127,228071,0.746124,0.516406,696199
"0,16,78,79",80,7,WIN,WIN,102073,266222,0.210622,0.617092,1064494
"0,17,23,26",8,80,WIN,WIN,131744,139946,0.294218,0.317534,1336184
"0,17,68,69",49,63,WIN,WIN,107006,1,0.226539,3.65e-05,1443191
"0,2,10,36",27,4,LOSS,LOSS,92909,205788,0.196229,0.458257,1741888
"0,2,12,32",1,40,WIN,LOSS,64194,114243,0.138612,0.24876,1920325
"0,2,17,21",1,7,WIN,LOSS,323773,214287,0.709255,0.6053,2458385
"0,2,24,56",30,38,WIN,LOSS,8163,92304,0.0218438,0.294824,2558852
"0,2,26,62",7,8,WIN,WIN,91165,88949,0.268128,0.210479,2738966
"0,2,3,25",54,18,WIN,LOSS,34576,220723,0.0785915,0.48047,2994265
"0,2,3,68",14,65,WIN,LOSS,63755,211321,0.143305,0.624614,3269341
"0,2,32,38",41,6,WIN,WIN,118588,27940,0.244103,0.0638623,146528
"0,2,36,76",4,8,LOSS,LOSS,133484,219116,0.300969,0.504969,499128
"0,2,42,46",22,56,WIN,LOSS,136061,203608,0.289048,0.448992,838797
"0,2,5,12",50,57,WIN,WIN,10977,20468,0.0259393,0.0502587,870242
"0,2,63,76",36,4,WIN,LOSS,111156,237766,0.258786,0.560791,1219164
"0,20,21,31",19,1,WIN,WIN,46323,1,0.107338,2.14e-05,1265488
"0,21,22,61",24,1,LOSS,LOSS,104786,114504,0.216873,0.256668,1484778
"0,21,52,60",20,30,LOSS,WIN,184859,43001,0.393902,0.0868419,1712638
"0,21,59,61",23,54,LOSS,WIN,172709,34351,0.371236,0.0727085,1919698
"0,22,26,56",18,50,LOSS,LOSS,173930,174979,0.368642,0.458507,2268607
"0,23,26,48",16,21,LOSS,LOSS,316233,413501,0.940985,0.939836,2998341
"0,23,33,39",57,63,LOSS,WIN,82592,21530,0.280589,0.0506336,3102463
"0,23,41,50",10,45,WIN,WIN,47598,53617,0.107767,0.111663,101215
"0,24,30,76",56,75,WIN,WIN,41795,84400,0.0854316,0.178704,227410
"0,24,40,48",60,50,LOSS,LOSS,57612,84339,0.129268,0.186559,369361
"0,24,56,62",70,54,WIN,LOSS,3512,193199,0.0065884,0.564658,566072
"0,24,58,76",13,22,LOSS,LOSS,121412,239623,0.496633,0.748863,927107
"0,25,40,50",24,5,LOSS,LOSS,254323,136962,0.580639,0.298324,1318392
"0,25,43,57",33,70,WIN,WIN,6093,6512,0.0122875,0.0119717,1330997
"0,26,52,61",58,16,WIN,LOSS,56793,209971,0.114353,0.609323,1597761
"0,26,57,61",33,58,LOSS,LOSS,156664,151284,0.35279,0.331587,1905709
"0,26,62,78",71,44,LOSS,LOSS,258089,281507,0.585158,0.65145,2445305
"0,3,10,37",5,27,WIN,WIN,56744,171110,0.11837,0.374708,2673159
"0,3,11,14",33,9,LOSS,WIN,152731,242121,0.339718,0.547672,3068011
"0,3,14,52",66,2,WIN,WIN,180668,54852,0.367757,0.110507,235520
"0,3,19,39",7,30,WIN,LOSS,114697,180308,0.282211,0.635886,530525
"0,3,20,62",8,70,WIN,LOSS,104838,263479,0.44375,0.642994,898842
"0,3,20,64",70,8,WIN,WIN,72590,113535,0.148515,0.250851,1084967
"0,3,22,45",5,54,WIN,LOSS,101475,139024,0.223919,0.339643,1325466
"0,3,23,47",11,7,WIN,LOSS,71734,134709,0.217813,0.327367,1531909
"0,3,23,70",6,20,LOSS,LOSS,141131,203214,0.314641,0.466277,1876254
"0,3,23,71",1,8,WIN,WIN,267225,260795,0.581003,0.595047,2404274
"0,3,4,21",66,30,WIN,WIN,16585,221122,0.0294596,0.503919,2641981
"0,3,5,58",45,57,LOSS,LOSS,239776,191873,0.549679,0.534752,3073630
"0,3,50,58",20,57,WIN,LOSS,285196,149949,0.931931,0.605967,3508775
"0,3,55,66",65,7,LOSS,LOSS,107083,69571,0.268612,0.15222,3685429
"0,3,6,19",43,24,WIN,LOSS,36932,111842,0.093892,0.26791,148774
"0,3,6,41",11,38,WIN,LOSS,50735,199334,0.121007,0.419006,398843
"0,3,6,67",43,66,WIN,LOSS,28106,147209,0.0581045,0.308509,574158
"0,3,8,42",48,33,WIN,LOSS,47052,123141,0.0940212,0.34931,744351
"0,30,31,33",50,40,LOSS,WIN,94613,49645,0.238143,0.107454,888609
"0,30,32,44",70,60,LOSS,LOSS,110401,188009,0.244975,0.415907,1187019
"0,32,60,76",30,50,LOSS,LOSS,115589,145461,0.264176,0.310653,1448069
"0,33,40,59",57,14,WIN,LOSS,8429,137604,0.0193087,0.336599,1594102
"0,4,12,22",31,40,LOSS,LOSS,134199,120755,0.266809,0.252835,1849056
"0,4,12,76",5,64,WIN,LOSS,28311,234635,0.0555103,0.517662,2112002
"0,4,22,73",67,76,LOSS,WIN,166392,18121,0.359922,0.0360316,2296515
"0,4,24,51",5,33,LOSS,LOSS,166103,178627,0.474149,0.422579,2641245
"0,4,30,42",60,50,LOSS,WIN,161932,82410,0.366571,0.186716,244342
"0,4,33,64",24,1,LOSS,WIN,177192,85581,0.375653,0.193277,507115
"0,4,38,64",8,40,LOSS,LOSS,198262,110184,0.557219,0.257244,815561
"0,4,40,58",6,30,LOSS,WIN,116538,44176,0.2558,0.102407,976275
"0,4,5,16",50,33,LOSS,LOSS,77700,161184,0.166719,0.35158,1215159
"0,4,5,67",76,27,WIN,WIN,25880,20690,0.0478994,0.044618,1261729
"0,4,7,45",9,24,WIN,WIN,25629,83621,0.0509893,0.173235,1370979
"0,41,43,58",13,38,WIN,LOSS,9685,149072,0.0181595,0.350329,1529736
"0,5,28,39",56,11,WIN,WIN,139043,166385,0.293474,0.366443,1835164
"0,5,30,38",50,6,WIN,WIN,39411,53043,0.0822636,0.111803,1927618
"0,5,30,75",3,50,LOSS,LOSS,111727,135869,0.252183,0.288441,2175214
"0,5,33,39",67,22,WIN,LOSS,46309,269289,0.121353,0.78326,2490812
"0,5,35,71",68,8,LOSS,WIN,235476,87004,0.518541,0.188807,322480
"0,5,48,57",12,3,LOSS,LOSS,117497,117225,0.254676,0.347989,557202
"0,5,57,64",38,37,LOSS,WIN,128345,24393,0.32135,0.0539773,709940
"0,5,6,78",69,33,LOSS,WIN,105220,17169,0.236421,0.0312835,832329
"0,50,62,70",57,58,LOSS,WIN,70573,28482,0.138249,0.053737,931384
"0,6,13,25",46,70,LOSS,WIN,146716,86824,0.291705,0.191506,1164924
"0,6,16,42",9,33,LOSS,LOSS,129399,113724,0.308377,0.2987,1408047
"0,6,20,60",3,8,WIN,LOSS,7748,175457,0.0153857,0.389265,1591252
"0,6,24,76",5,78,WIN,LOSS,19316,287912,0.0422002,0.651085,1898480
"0,6,69,78",5,2,LOSS,LOSS,0,112906,7e-07,0.241428,2011386
"0,7,10,11",30,17,WIN,LOSS,232317,243224,0.591171,0.705909,2486927
"0,7,13,33",5,6,WIN,WIN,53219,32738,0.198511,0.124661,2572884
"0,7,20,32",50,40,LOSS,LOSS,230726,236514,0.509896,0.536397,467240
"0,7,24,50",4,40,LOSS,LOSS,144379,92877,0.352451,0.201666,704496
"0,7,40,48",70,8,WIN,WIN,11465,26352,0.0240188,0.0522589,742313
"0,7,43,73",79,1,WIN,WIN,63642,104736,0.145587,0.24004,910691
"0,7,51,70",6,40,WIN,LOSS,137722,92980,0.289755,0.195548,1141393
"0,7,72,80",70,4,LOSS,LOSS,504692,390374,1.44787,1.37167,2036459
"0,8,22,56",50,24,LOSS,LOSS,163520,109426,0.465745,0.252487,2309405
"1,10,14,46",6,13,LOSS,LOSS,50395,70397,0.119482,0.15648,2430197
"1,10,27,67",11,46,WIN,LOSS,21399,119105,0.0531327,0.27139,2570701
"1,10,28,51",21,34,WIN,WIN,44616,1,0.102436,3.12e-05,2615318
"1,10,30,41",11,21,LOSS,LOSS,188307,115785,0.424918,0.23948,2919410
"1,10,31,78",40,73,LOSS,LOSS,183514,207738,0.371885,0.461267,3310662
"1,10,36,37",43,4,LOSS,WIN,86497,3529,0.33746,0.0143509,90026
"1,10,37,54",30,9,LOSS,LOSS,325646,137998,1.05804,0.411678,553670
"1,10,46,49",6,40,WIN,LOSS,15283,95832,0.0331749,0.233314,664785
"1,10,46,71",41,17,LOSS,LOSS,172119,157152,0.398176,0.3569,994056
"1,10,55,62",15,34,LOSS,LOSS,50640,67611,0.115647,0.142685,1112307
"1,10,55,76",15,4,WIN,LOSS,58945,184493,0.12239,0.401436,1355745
"1,10,59,74",15,64,LOSS,LOSS,304797,255184,0.651552,0.734279,1915726
"1,11,12,34",27,51,LOSS,WIN,111707,110051,0.244379,0.219015,2137484
"1,11,13,29",2,41,WIN,WIN,128754,73833,0.284584,0.151801,2340071
"1,11,26,51",18,6,WIN,LOSS,9212,139234,0.0161418,0.288514,2488517
"1,11,48,71",79,28,LOSS,WIN,300285,43180,0.757422,0.182704,2831982
"1,12,21,46",51,57,WIN,LOSS,19594,89217,0.0705905,0.285507,2940793
"1,12,21,57",6,51,WIN,WIN,43884,8494,0.105918,0.0203915,52378
"1,12,24,64",28,32,WIN,WIN,6608,55305,0.013301,0.131549,114291
"1,12,30,40",21,29,LOSS,LOSS,119402,102855,0.365741,0.253453,336548
"1,12,31,32",2,39,WIN,LOSS,17693,82908,0.0364786,0.199768,437149
"1,12,35,48",57,21,LOSS,WIN,168048,107546,0.367288,0.238471,712743
"1,12,37,42",18,64,LOSS,LOSS,168196,94589,0.366061,0.196645,975528
"1,12,40,47",29,20,LOSS,LOSS,131866,164104,0.285819,0.347487,1271498
"1,12,61,64",19,13,LOSS,LOSS,160374,115380,0.378051,0.350176,1547252
"1,13,23,29",55,2,LOSS,WIN,76535,72202,0.179859,0.174087,1695989
"1,13,34,41",31,14,WIN,LOSS,19052,44027,0.0369022,0.0900429,1759068
"1,13,36,71",9,64,WIN,LOSS,64867,165855,0.148517,0.353232,1989790
"1,13,41,54",31,9,WIN,LOSS,97477,327905,0.224448,0.738197,2415172
"1,13,43,64",37,31,WIN,WIN,11455,24864,0.0265738,0.0585274,36319
"1,13,53,65",33,61,WIN,WIN,37571,6173,0.0774072,0.0165369,80063
"1,13,64,69",67,37,LOSS,LOSS,85942,58723,0.289509,0.145908,224728
"1,14,15,25",13,46,LOSS,LOSS,109924,164512,0.260131,0.390089,499164
"1,14,34,51",59,41,WIN,WIN,20364,11299,0.0391284,0.0223794,530827
"1,14,50,59",42,9,WIN,WIN,15012,5433,0.0290677,0.0103791,551272
"1,14,62,74",46,54,WIN,LOSS,164850,323279,0.369924,0.727706,1039401
"1,14,70,76",71,8,WIN,WIN,148051,174313,0.326181,0.413888,1361765
"1,15,20,44",11,60,LOSS,LOSS,163767,133182,0.483704,0.319077,1658714
"1,15,30,46",57,51,LOSS,LOSS,148430,111130,0.312148,0.250695,1918274
"1,15,31,59",25,39,LOSS,LOSS,122068,128695,0.254493,0.279181,2169037
"1,15,37,46",25,51,LOSS,LOSS,103435,68419,0.214649,0.135915,2340891
"1,15,55,76",10,4,WIN,LOSS,62557,136770,0.214093,0.346151,199327
"1,16,28,34",6,61,LOSS,LOSS,210956,78633,0.50971,0.152524,488916
"1,16,29,61",56,21,LOSS,LOSS,66844,91105,0.140703,0.218951,646865
"1,16,30,54",70,40,LOSS,LOSS,269445,209004,0.557312,0.438831,1125314
"1,16,43,48",64,61,LOSS,LOSS,115935,159217,0.25478,0.465631,1400466
"1,16,59,64",32,19,LOSS,LOSS,121338,137957,0.283108,0.302667,1659761
"1,17,21,63",12,29,WIN,LOSS,284569,384008,0.645708,0.919412,2328338
"1,17,37,39",44,73,LOSS,LOSS,93534,173914,0.355435,0.635516,2595786
"1,17,41,51",25,57,LOSS,LOSS,156803,64769,0.605605,0.15079,2817358
"1,18,21,37",51,46,LOSS,WIN,83933,50962,0.183667,0.104587,2952253
"1,18,23,45",9,51,WIN,LOSS,8941,112586,0.0209256,0.239132,3073780
"1,18,25,44",20,37,WIN,WIN,37758,8066,0.0776735,0.0184562,3119604
"1,18,28,30",58,27,WIN,WIN,121213,117893,0.283825,0.241999,239106
"1,18,28,58",64,37,LOSS,LOSS,70039,133710,0.165281,0.314009,442855
"1,18,33,57",0,28,LOSS,WIN,171542,295909,0.374065,0.698172,910306
"1,18,34,74",2,23,LOSS,LOSS,85276,112938,0.251354,0.321193,1108520
"1,18,36,58",40,9,WIN,LOSS,17214,99095,0.0364676,0.21603,1224829
"1,18,38,64",10,46,WIN,LOSS,24904,161604,0.0520586,0.328817,1411337
"1,18,42,58",68,12,LOSS,LOSS,67703,142082,0.152649,0.321795,1621122
"1,18,44,58",2,4,WIN,WIN,37094,26803,0.0665832,0.0512054,1685019
"1,18,51,64",75,68,WIN,WIN,55882,89774,0.108454,0.191036,1830675
"1,18,51,75",9,61,WIN,WIN,9326,32176,0.0183786,0.0726819,1872177
"1,18,55,57",28,45,WIN,WIN,78583,54560,0.208181,0.183692,2005320
"1,18,58,73",2,10,LOSS,WIN,105775,75953,0.419707,0.240253,2187048
"1,19,22,47",23,28,LOSS,WIN,118564,178731,0.258974,0.388137,297295
"1,19,46,60",51,6,LOSS,LOSS,155325,208559,0.325737,0.493664,661179
"1,19,48,49",41,46,LOSS,WIN,124356,184686,0.44229,0.679387,970221
"1,19,60,64",69,24,LOSS,LOSS,107282,76219,0.414113,0.228958,1153722
"1,2,12,30",6,3,LOSS,WIN,161251,173403,0.389868,0.367053,1488376
"1,2,12,32",0,31,WIN,WIN,64194,16709,0.178966,0.0426767,1569279
"1,2,14,58",4,59,LOSS,WIN,122164,41518,0.364432,0.100803,1732961
"1,2,16,61",11,5,WIN,LOSS,87643,207381,0.211702,0.463375,2027985
"1,2,26,78",47,7,WIN,WIN,319143,40520,0.698822,0.0917481,2387648
"1,2,29,51",47,34,LOSS,WIN,127907,2123,0.298283,0.0035139,2517678
"1,2,29,61",8,34,WIN,LOSS,192021,96085,0.417618,0.210926,2805784
"1,2,3,19",59,28,LOSS,WIN,64514,18014,0.208412,0.064108,2888312
"1,2,36,56",46,8,WIN,WIN,94061,89045,0.359074,0.27405,183106
"1,2,38,58",18,28,LOSS,WIN,79861,35971,0.185336,0.0778511,298938
"1,2,4,24",14,32,LOSS,LOSS,133299,161853,0.29158,0.426866,594090
"1,2,45,49",9,5,LOSS,LOSS,276908,392542,0.710294,0.874676,1263540
"1,2,5,67",37,68,WIN,WIN,197244,26542,0.447562,0.0600377,1487326
"1,2,50,74",47,64,LOSS,LOSS,152549,105014,0.357203,0.229936,1744889
"1,2,55,57",18,58,WIN,WIN,43455,243774,0.0973956,0.847785,2032118
"1,2,6,29",46,34,WIN,LOSS,5715,79077,0.0130305,0.207784,2116910
"1,2,6,55",18,46,LOSS,WIN,169986,32682,0.400053,0.0692801,2319578
"1,20,21,31",19,27,WIN,LOSS,55194,142539,0.127414,0.315859,2517311
"1,20,40,41",64,21,LOSS,WIN,61313,6355,0.132158,0.0105614,2584979
"1,21,26,46",18,51,WIN,LOSS,109717,94921,0.223617,0.205516,2789617
"1,21,27,58",13,31,LOSS,LOSS,131122,161803,0.463854,0.386248,292925
"1,21,30,31",12,57,LOSS,WIN,130443,5308,0.277661,0.0092788,428676
"1,21,40,41",36,20,WIN,WIN,5010,11695,0.0088315,0.0220247,445381
"1,21,40,57",41,51,WIN,WIN,1,22749,2.23e-05,0.0389612,468131
"1,21,41,76",29,36,LOSS,LOSS,177959,177864,0.516144,0.420105,823954
"1,22,28,39",33,73,LOSS,WIN,155608,6387,0.346456,0.0134958,985949
"1,22,34,46",28,14,LOSS,WIN,69339,26173,0.156093,0.0509876,1081461
"1,23,27,39",20,18,WIN,WIN,224875,26367,0.488819,0.0493357,1332703
"1,23,31,37",61,55,LOSS,LOSS,59728,105792,0.128334,0.233252,1498223
"1,23,34,55",43,10,LOSS,LOSS,51596,71951,0.113236,0.149366,1621770
"1,23,39,55",46,29,WIN,LOSS,27620,99614,0.0538706,0.218641,1749004
"1,23,46,57",47,29,WIN,WIN,33841,77763,0.0665704,0.170892,1860608
"1,23,51,73",46,18,WIN,LOSS,5246,107838,0.0124134,0.223891,113084
"1,23,55,79",9,73,WIN,WIN,5429,51969,0.0120428,0.12513,170482
"1,24,32,65",44,51,WIN,LOSS,141791,370532,0.323672,0.950403,682805
"1,24,53,61",69,21,WIN,LOSS,83323,187692,0.160567,0.404662,953820
"1,24,56,66",64,8,LOSS,WIN,133961,48286,0.290177,0.107567,1136067
"1,24,64,75",16,74,WIN,LOSS,12932,95593,0.0236687,0.222718,1244592
"1,24,67,68",44,5,LOSS,LOSS,299626,163141,0.661402,0.483663,1707359
"1,24,67,70",0,78,LOSS,WIN,370799,401658,1.01342,0.892142,2479816
"1,25,26,35",71,51,WIN,LOSS,218736,366098,0.60911,0.87193,3064650
"1,25,32,53",77,46,LOSS,LOSS,187458,150756,0.388555,0.305692,3402864
"1,25,38,46",37,14,LOSS,WIN,128620,138355,0.278019,0.434402,3669839
"1,25,39,46",13,20,WIN,WIN,97354,8416,0.258436,0.0184637,3775609
"1,25,44,65",41,58,WIN,LOSS,5289,152395,0.0094297,0.329916,157684
"1,25,64,75",18,19,LOSS,LOSS,85034,165697,0.177696,0.483899,408415
"1,26,37,46",25,53,WIN,LOSS,246492,105936,0.601676,0.228282,760843
"1,26,38,60",66,71,LOSS,LOSS,431444,317512,0.934556,0.684163,1509799
"1,27,36,47",18,9,LOSS,LOSS,135723,138313,0.351321,0.517142,1783835
"1,27,39,67",15,57,WIN,WIN,60070,145170,0.154238,0.367757,1989075
"1,27,44,59",35,51,LOSS,LOSS,190279,183823,0.421202,0.367762,2363177
"1,27,44,77",20,25,LOSS,LOSS,196865,296644,0.425123,0.81082,2856686
"1,27,45,64",13,19,LOSS,WIN,112660,122982,0.252593,0.26404,3092328
"1,27,58,61",13,54,LOSS,LOSS,111043,124520,0.236212,0.270132,3327891
"1,27,58,68",41,65,LOSS,LOSS,145758,383087,0.328132,1.2061,3856736
"1,28,29,30",40,10,LOSS,LOSS,121819,196360,0.30545,0.570114,4174915
"1,28,32,51",46,58,WIN,WIN,17632,6249,0.0334599,0.0114679,23881
"1,28,33,37",35,61,LOSS,LOSS,47104,54671,0.0944601,0.120243,125656
"1,28,33,40",37,21,WIN,WIN,7328,22565,0.0174536,0.0482695,155549
"1,28,37,43",44,5,LOSS,WIN,80924,144217,0.173838,0.320482,380690
"1,29,34,58",74,2,WIN,LOSS,1232,55947,0.0027377,0.124127,437869
"1,29,50,75",34,4,LOSS,LOSS,188012,872991,0.395576,2.38318,1498872
"1,29,61,64",41,21,WIN,LOSS,24614,135566,0.0494693,0.301565,1659052
"1,3,13,70",10,7,LOSS,LOSS,108048,151640,0.228879,0.341803,1918740
"1,3,18,61",27,6,WIN,WIN,75438,32571,0.265179,0.0878725,2026749
"1,3,21,22",31,2,WIN,LOSS,65246,275229,0.151077,0.613739,2367224
"1,3,21,23",18,31,WIN,WIN,252004,70432,0.546811,0.144434,2689660
"1,3,21,55",4,27,LOSS,WIN,150257,67004,0.343002,0.15252,2906921
"1,3,22,57",30,12,LOSS,LOSS,116889,153558,0.245925,0.332482,270447
"1,3,30,41",13,31,WIN,WIN,109273,60560,0.241708,0.130665,440280
"1,3,31,61",25,57,LOSS,WIN,124014,2512,0.266468,0.0057519,566806
"1,3,59,73",37,5,LOSS,LOSS,311341,124558,0.870739,0.251003,1002705
"1,3,7,57",75,25,WIN,WIN,101534,196753,0.219375,0.457846,1300992
"1,30,31,61",32,57,WIN,WIN,6569,1,0.010913,2.37e-05,1307562
"1,30,34,40",58,57,WIN,LOSS,4244,73902,0.0074564,0.159468,1385708
"1,30,37,38",41,31,LOSS,LOSS,117243,100130,0.242123,0.225485,1603081
"1,31,32,40",4,13,LOSS,LOSS,62135,94468,0.167223,0.313401,1759684
"1,31,37,67",28,61,WIN,WIN,122832,45693,0.397757,0.152267,1928209
"1,31,41,46",55,57,WIN,WIN,13579,9104,0.0282928,0.0209557,1950892
"1,31,41,65",25,57,WIN,WIN,69605,20565,0.172903,0.0433589,2041062
"1,31,49,75",76,51,LOSS,LOSS,143252,184831,0.300086,0.416468,328083
"1,32,37,59",5,64,LOSS,WIN,170080,87140,0.377127,0.207411,585303
"1,32,46,53",13,25,LOSS,LOSS,146827,150760,0.442601,0.317914,882890
"1,32,48,49",51,64,LOSS,LOSS,113997,107855,0.232902,0.230348,1104742
"1,32,48,61",31,41,LOSS,WIN,135695,17098,0.286133,0.0393839,1257535
"1,33,41,58",34,57,WIN,WIN,12597,6463,0.0236327,0.0158607,1276595
"1,34,40,44",31,6,LOSS,LOSS,103274,105416,0.22463,0.221144,1485285
"1,34,66,68",58,71,WIN,LOSS,39532,107244,0.0729825,0.278795,1632061
"1,35,44,60",61,8,WIN,WIN,127879,52227,0.393629,0.133207,1812167
"1,35,45,59",44,75,LOSS,LOSS,436446,232269,1.37509,0.625639,2480882
"1,36,41,79",39,71,LOSS,WIN,152627,9268,0.33499,0.0209237,2642777
"1,36,42,51",46,18,WIN,WIN,23787,55672,0.0459003,0.107149,2722236
"1,36,43,55",37,64,WIN,WIN,14643,1322,0.0259486,0.0024528,15965
"1,36,43,57",41,27,WIN,LOSS,10252,131825,0.0199309,0.27696,158042
"1,36,50,62",41,14,LOSS,WIN,185390,717280,0.397601,1.94413,1060712
"1,37,38,40",64,10,WIN,LOSS,10040,84341,0.0221357,0.293734,1155093
"1,37,46,49",51,13,WIN,LOSS,5676,73048,0.0209235,0.197412,1233817
"1,37,57,74",64,46,LOSS,LOSS,96996,115310,0.283808,0.342325,1446123
"1,38,39,41",58,31,LOSS,LOSS,65360,48849,0.150459,0.110569,1560332
"1,38,51,58",59,41,WIN,WIN,30266,42780,0.063499,0.0873732,1633378
"1,4,14,50",20,5,LOSS,LOSS,129375,136931,0.284986,0.422706,1899684
"1,4,16,30",11,61,LOSS,WIN,154203,136562,0.356309,0.283078,2190449
"1,4,21,32",41,2,LOSS,LOSS,134899,155691,0.296018,0.338495,2481039
"1,4,27,43",7,6,LOSS,LOSS,194119,182411,0.454843,0.52075,2857569
"1,4,28,41",37,2,WIN,LOSS,40488,189664,0.102151,0.588303,230152
"1,4,35,61",49,25,LOSS,WIN,127953,40432,0.40196,0.119396,398537
"1,4,41,79",7,71,LOSS,LOSS,166252,153845,0.399699,0.33655,718634
"1,4,49,63",67,7,LOSS,LOSS,93610,105097,0.252575,0.30001,917341
"1,4,5,65",25,68,WIN,WIN,30669,16340,0.0722188,0.0366659,964350
"1,4,61,78",28,5,WIN,LOSS,53405,213969,0.116385,0.498486,1231724
"1,4,7,46",37,51,WIN,WIN,17035,9219,0.0340441,0.0186188,1257978
"1,40,41,47",37,31,LOSS,WIN,63599,4878,0.136313,0.0085505,1326455
"1,40,44,58",22,41,WIN,WIN,10208,5816,0.0223537,0.0135922,1342479
"1,40,61,62",31,34,LOSS,WIN,158483,18739,0.339867,0.0343312,1519701
"1,41,55,58",61,46,WIN,WIN,3317,31170,0.0056036,0.0599645,1554188
"1,43,55,64",75,36,LOSS,WIN,47623,1322,0.0989876,0.0029729,1603133
"1,44,45,51",46,11,LOSS,WIN,93755,24778,0.22421,0.062141,118533
"1,46,51,55",53,49,WIN,WIN,1496,31604,0.0043435,0.113617,151633
"1,46,64,67",68,58,LOSS,LOSS,128881,131551,0.400402,0.317088,412065
"1,47,67,77",51,71,LOSS,LOSS,97902,212282,0.210775,0.599081,722249
"1,48,55,64",32,45,WIN,WIN,46809,9432,0.102687,0.0185789,778490
"1,5,10,41",2,3,WIN,LOSS,4402,138480,0.00973,0.319341,921372
"1,5,29,62",55,34,LOSS,WIN,69239,42800,0.135812,0.0864805,1033411
"1,5,32,33",59,41,LOSS,WIN,127450,69078,0.285271,0.140199,1229939
"1,5,33,73",28,45,WIN,LOSS,2645,119714,0.005222,0.269334,1352298
"1,5,35,41",51,11,LOSS,WIN,76839,133395,0.164092,0.42301,1562532
"1,5,57,69",25,0,LOSS,WIN,140831,34683,0.40119,0.124949,1738046
"1,5,58,77",51,6,WIN,LOSS,22287,145326,0.0713344,0.357204,1905659
"1,5,6,29",51,34,WIN,WIN,16219,31972,0.0322987,0.0681941,48191
"1,5,67,70",61,4,LOSS,LOSS,179338,153633,0.421022,0.354936,381162
"1,52,56,60",32,61,WIN,LOSS,132209,126370,0.396713,0.307958,639741
"1,53,55,62",59,71,LOSS,LOSS,86313,88445,0.176301,0.185166,814499
"1,53,67,68",71,61,LOSS,LOSS,256574,193869,0.572819,0.456319,1264942
"1,55,57,62",12,46,WIN,WIN,1720,15508,0.006255,0.0481967,1282170
"1,57,60,62",12,6,WIN,LOSS,19116,208840,0.0672724,0.710906,1510126
"1,58,64,67",57,70,WIN,WIN,12096,6391,0.0311403,0.0148997,1528613
"1,58,64,77",6,74,WIN,LOSS,20109,103644,0.0512692,0.247399,1652366
"1,6,11,58",4,38,LOSS,LOSS,93341,97992,0.307449,0.253708,1843699
"1,6,12,36",57,69,WIN,LOSS,38795,87424,0.0853391,0.201756,1969918
"1,6,12,39",3,57,WIN,LOSS,91296,146455,0.20489,0.332156,2207669
"1,6,12,42",51,57,WIN,LOSS,19467,106886,0.042302,0.245619,126353
"1,6,13,63",9,7,WIN,LOSS,29337,289556,0.0690664,0.786646,445246
"1,6,14,46",37,2,LOSS,WIN,63562,29833,0.151183,0.0660693,538641
"1,6,15,67",51,4,WIN,LOSS,44288,176937,0.090882,0.377044,759866
"1,6,16,27",2,3,LOSS,WIN,202949,92198,0.462077,0.302973,1055013
"1,6,16,59",5,51,LOSS,LOSS,149233,128610,0.398525,0.402606,1332856
"1,6,20,30",46,4,LOSS,LOSS,62922,101908,0.140181,0.299565,1497686
"1,6,27,69",33,3,LOSS,LOSS,95539,105792,0.262946,0.269613,1699017
"1,6,28,29",46,34,LOSS,LOSS,97368,142461,0.208668,0.315191,1938846
"1,6,31,77",61,27,LOSS,WIN,110094,56313,0.310812,0.175165,2105253
"1,6,34,40",68,23,LOSS,LOSS,191352,113450,0.471323,0.246123,2410055
"1,6,34,54",7,14,WIN,LOSS,83774,196165,0.2893,0.460286,2689994
"1,6,38,73",58,46,LOSS,LOSS,108635,141298,0.225788,0.317436,249933
"1,6,39,41",51,3,WIN,WIN,11681,103598,0.0210281,0.215594,365212
"1,6,41,44",51,58,WIN,WIN,6601,34102,0.0110348,0.0604045,405915
"1,6,41,51",5,15,WIN,LOSS,3083,46012,0.0054543,0.102299,455010
"1,6,48,57",12,3,LOSS,LOSS,73519,98239,0.196551,0.338729,626768
"1,6,53,66",34,8,LOSS,WIN,226854,636900,0.644607,1.64145,1490522
"1,6,9,26",51,18,WIN,LOSS,85614,103962,0.295057,0.250361,1680098
"1,6,9,33",3,51,WIN,WIN,14865,17502,0.0317733,0.0353039,1712465
"1,60,61,69",41,33,LOSS,LOSS,110705,120037,0.251401,0.279322,1943207
"1,7,12,70",2,63,LOSS,LOSS,202986,151380,0.5782,0.448608,2297573
"1,7,28,55",9,2,WIN,WIN,75360,52698,0.206771,0.17381,2425631
"1,7,30,58",0,2,LOSS,LOSS,117670,126123,0.36544,0.284892,2669424
"1,7,55,65",39,64,LOSS,LOSS,82822,119519,0.197731,0.362827,202341
"1,7,67,75",3,4,LOSS,WIN,260386,39833,0.656991,0.0774993,502560
"1,9,10,51",21,46,LOSS,WIN,211102,17640,0.502164,0.0486604,731302
"1,9,13,25",16,46,LOSS,LOSS,88655,108077,0.266919,0.258684,928034
"1,9,17,67",10,13,WIN,LOSS,12086,157732,0.0291342,0.341177,1097852
"1,9,25,69",49,18,WIN,LOSS,43299,145597,0.123913,0.417806,1286748
"1,9,32,41",51,29,WIN,WIN,60681,40528,0.142937,0.0811048,1387957
"10,11,14,59",2,54,LOSS,WIN,103632,4875,0.32866,0.015285,1496464
"10,11,22,28",16,37,WIN,LOSS,33429,165760,0.111206,0.539274,1695653
"10,11,23,49",18,50,LOSS,LOSS,115748,114970,0.273944,0.322389,1926371
"10,11,30,42",12,50,WIN,LOSS,83110,148432,0.245361,0.3642,2157913
"10,11,33,47",13,15,LOSS,LOSS,175984,128847,0.388066,0.289813,2462744
"10,11,37,55",15,67,LOSS,LOSS,45275,65107,0.126668,0.153364,110382
"10,11,38,70",17,43,LOSS,WIN,92411,3814,0.214265,0.0080604,206607
"10,11,43,67",16,38,WIN,WIN,11599,2472,0.0259237,0.0046608,220678
"10,12,15,58",4,55,LOSS,LOSS,65246,64033,0.139514,0.144157,349957
"10,12,22,49",50,13,LOSS,WIN,73562,12598,0.164973,0.0320404,436117
"10,12,28,32",13,46,LOSS,WIN,81983,41236,0.249943,0.134148,559336
"10,12,38,40",17,50,WIN,WIN,6844,22213,0.0176377,0.0537042,588393
"10,12,46,60",55,15,WIN,LOSS,1584,65548,0.0036245,0.158802,655525
"10,12,52,64",60,46,WIN,LOSS,2155,82286,0.0039409,0.185202,739966
"10,13,15,37",25,3,WIN,WIN,45099,7923,0.0929784,0.0145955,792988
"10,13,16,30",21,6,WIN,WIN,6624,11825,0.0125065,0.025406,811437
"10,13,21,48",30,40,LOSS,WIN,82018,9054,0.173532,0.0165529,902509
"10,13,33,57",21,17,LOSS,WIN,69600,111637,0.156542,0.249483,181237
"10,13,43,52",60,34,LOSS,WIN,44480,9719,0.115435,0.0301356,235436
"10,13,49,50",40,22,WIN,LOSS,8836,62901,0.0255573,0.208088,307173
"10,14,15,34",24,38,WIN,WIN,8475,16365,0.021072,0.0391977,332013
"10,14,20,43",4,13,WIN,LOSS,28743,62174,0.0658521,0.145283,422930
"10,14,31,32",77,15,WIN,WIN,6933,54180,0.014297,0.121865,484043
"10,14,31,38",15,11,LOSS,WIN,66271,4900,0.136756,0.0112604,555214
"10,14,33,41",34,17,LOSS,LOSS,58962,115881,0.130927,0.346913,730057
"10,14,38,55",15,43,WIN,WIN,5981,5249,0.0187936,0.0139028,741287
"10,14,40,48",70,24,WIN,LOSS,27220,91176,0.0625317,0.220773,859683
"10,15,23,25",43,55,WIN,WIN,28929,13252,0.0695148,0.023238,901864
"10,15,33,42",14,3,LOSS,LOSS,116451,112356,0.358605,0.313602,1130671
"10,15,39,69",67,55,LOSS,LOSS,96617,60977,0.212313,0.213987,157594
"10,15,50,70",43,67,WIN,WIN,13467,27065,0.0446734,0.0714176,198126
"10,16,30,40",13,14,WIN,WIN,1523,7744,0.0033926,0.0163156,207393
"10,16,65,68",56,17,WIN,LOSS,41630,148163,0.0955243,0.375279,397186
"10,20,21,30",66,19,WIN,WIN,17781,16038,0.0462791,0.0432436,431005
"10,20,21,31",27,30,LOSS,LOSS,166283,85150,0.517703,0.299011,682438
"10,20,22,41",21,36,LOSS,WIN,88961,5478,0.20509,0.0134341,776877
"10,21,34,67",17,41,LOSS,LOSS,154227,196878,0.457346,0.473077,1127982
"10,21,40,50",38,41,WIN,WIN,3162,7656,0.005293,0.0129628,1138800
"10,21,40,61",41,30,LOSS,LOSS,66409,129315,0.147309,0.295529,1334524
"10,21,43,51",37,60,LOSS,WIN,86665,99698,0.181122,0.295132,1520887
"10,22,31,41",13,29,LOSS,WIN,75903,44412,0.267653,0.156633,1641202
"10,23,40,43",32,55,WIN,WIN,23375,4911,0.0554857,0.0126559,28286
"10,23,43,60",52,50,WIN,WIN,3062,7687,0.0108479,0.0260296,39035
"10,23,59,68",51,18,WIN,WIN,9767,4575,0.0332423,0.0137764,53377
"10,24,30,31",60,40,LOSS,WIN,110388,46528,0.312625,0.168526,210293
"10,24,39,60",34,30,WIN,LOSS,9897,112162,0.0327302,0.335301,332352
"10,24,51,69",19,64,WIN,WIN,3834,17683,0.0072946,0.03753,353869
"10,25,57,59",58,60,LOSS,LOSS,111220,125974,0.281664,0.366725,591063
"10,32,34,41",50,27,WIN,WIN,7958,28231,0.0149718,0.0636675,627252
"10,32,40,42",48,12,LOSS,LOSS,72868,94688,0.176103,0.199823,794808
"10,32,42,52",43,60,LOSS,LOSS,94988,149405,0.199735,0.329034,1039201
"11,12,15,60",3,55,WIN,WIN,1877,1705,0.0044324,0.003738,1042783
"11,12,21,28",68,37,LOSS,LOSS,54030,52352,0.15754,0.154142,1149165
"11,12,22,67",16,68,WIN,WIN,32129,55316,0.0742169,0.126097,87445
"11,12,23,37",16,28,WIN,WIN,80208,5540,0.251504,0.0147674,173193
"11,12,25,40",18,15,WIN,LOSS,146041,144535,0.375589,0.328649,463769
"11,12,31,57",17,21,WIN,WIN,5302,19015,0.0088374,0.0357413,488086
"11,12,56,59",68,16,WIN,WIN,43878,23016,0.0883389,0.0513059,554980
"11,12,56,67",74,51,LOSS,LOSS,102529,73043,0.243171,0.154863,730552
"11,13,19,21",24,45,WIN,LOSS,6770,93756,0.0200322,0.293457,831078
"11,13,20,21",65,14,WIN,WIN,2333,3276,0.0088087,0.0125598,836687
"11,13,21,48",41,51,LOSS,LOSS,181788,91480,0.722342,0.288604,1109955
"11,13,25,65",2,49,LOSS,WIN,48694,20281,0.106051,0.0426481,1178930
"11,13,33,55",15,23,WIN,LOSS,4244,115402,0.0078494,0.286647,1298576
"11,13,41,57",17,33,WIN,LOSS,9150,106515,0.0254062,0.312931,1414241
"11,13,43,65",14,38,WIN,WIN,8402,11993,0.0299722,0.0392892,20395
"11,14,20,59",13,65,LOSS,LOSS,59712,80076,0.1575,0.193558,160183
"11,14,22,61",16,28,WIN,LOSS,35122,98064,0.0755605,0.232402,293369
"11,14,30,37",44,13,LOSS,WIN,44967,5730,0.0951102,0.013124,344066
"11,14,30,41",50,15,LOSS,LOSS,79321,78515,0.198015,0.170613,501902
"11,14,37,56",10,20,WIN,LOSS,6278,87971,0.0145968,0.261062,596151
"11,14,37,66",77,46,LOSS,WIN,103743,2833,0.39242,0.0119067,702727
"11,14,50,61",16,44,WIN,WIN,3975,5864,0.011419,0.0192653,712566
"11,15,29,32",35,12,LOSS,LOSS,92716,69091,0.362395,0.235205,874373
"11,15,46,65",13,14,WIN,LOSS,27052,96737,0.0697078,0.234464,998162
"11,19,20,61",47,56,LOSS,WIN,61921,4378,0.12367,0.007562,1064461
"11,19,23,33",22,51,WIN,WIN,4067,1,0.0080405,2.91e-05,1068529
"11,19,30,31",55,27,WIN,LOSS,16925,92353,0.0285138,0.202158,109278
"11,20,23,43",47,51,WIN,LOSS,51361,71732,0.127184,0.1548,232371
"11,20,24,55",23,19,WIN,LOSS,162647,148564,0.496415,0.581469,543582
"11,20,25,56",14,44,LOSS,LOSS,68777,57135,0.251544,0.142747,669494
"11,20,29,30",50,39,LOSS,LOSS,94014,67437,0.217783,0.173965,830945
"11,20,34,40",74,29,LOSS,LOSS,85027,127815,0.272487,0.427471,1043787
"11,20,38,66",14,21,LOSS,LOSS,182762,139534,0.466422,0.306951,1366083
"11,20,46,47",53,14,WIN,LOSS,3427,75760,0.0080872,0.171768,1445270
"11,20,49,50",65,47,WIN,LOSS,17043,58119,0.0362566,0.124142,1520432
"11,20,51,65",25,77,WIN,LOSS,5795,107059,0.0126183,0.224241,1633286
"11,21,25,40",49,31,WIN,LOSS,38518,93609,0.0750233,0.192306,1765413
"11,21,59,65",2,29,LOSS,LOSS,119572,194680,0.339747,0.521517,2079665
"11,22,38,48",24,18,WIN,LOSS,76800,114325,0.190158,0.269908,191125
"11,23,33,65",3,47,WIN,LOSS,5254,77629,0.0164163,0.264713,274008
"11,23,46,49",53,51,WIN,LOSS,7350,122425,0.0196022,0.38345,403783
"11,23,50,67",51,68,WIN,WIN,26616,1734,0.090004,0.0044568,432133
"11,25,32,40",44,56,LOSS,LOSS,157863,130987,0.373172,0.290539,720983
"11,25,39,47",20,15,WIN,WIN,67771,15447,0.157649,0.0319627,804201
"11,25,46,56",20,65,WIN,WIN,2459,24383,0.005804,0.0550513,831043
"11,28,30,38",56,4,WIN,WIN,21352,102173,0.0465837,0.220941,954568
"11,28,33,37",27,19,WIN,WIN,9377,15515,0.0178908,0.0282461,979460
"11,28,33,65",39,61,WIN,WIN,35699,2595,0.0725425,0.004693,1017754
"11,28,34,65",20,61,LOSS,WIN,80489,8976,0.167482,0.0201224,1107219
"11,28,46,61",22,19,LOSS,WIN,77320,12997,0.172646,0.0265105,1197536
"11,28,46,68",38,19,WIN,LOSS,2735,76591,0.0071003,0.180072,79326
"11,29,31,58",41,38,LOSS,WIN,178087,216955,0.567987,0.644908,474368
"11,29,46,57",47,51,LOSS,LOSS,120084,134404,0.274185,0.297162,728856
"11,29,49,56",61,4,WIN,WIN,2028,47555,0.0040512,0.108292,778439
"11,30,33,40",29,27,WIN,LOSS,10614,90570,0.021682,0.19555,879623
"11,30,39,47",41,23,WIN,WIN,21582,6797,0.0403084,0.0147284,908002
"11,30,39,48",22,20,WIN,WIN,3521,9617,0.0068417,0.0170873,921140
"11,30,51,59",21,31,LOSS,LOSS,88406,87687,0.19867,0.219607,1097233
"11,31,37,68",23,41,WIN,LOSS,99693,121489,0.304208,0.306835,1318415
"11,31,38,65",30,55,WIN,LOSS,6491,44963,0.0143088,0.125598,1369869
"11,31,40,68",23,28,WIN,WIN,3697,22758,0.0087131,0.0471972,1396324
"11,31,51,68",67,28,WIN,LOSS,18269,57567,0.0504749,0.186801,1472160
"11,32,42,66",51,12,LOSS,WIN,124869,15356,0.3828,0.0348992,140225
"11,32,48,58",56,16,LOSS,WIN,97035,6420,0.349929,0.0167421,243680
"11,33,40,67",56,41,LOSS,LOSS,66391,61548,0.174429,0.156856,371619
"11,33,52,65",25,2,WIN,WIN,37615,2496,0.0871518,0.006235,411730
"11,37,38,61",65,47,LOSS,LOSS,55319,48349,0.119526,0.104634,515398
"11,37,42,57",38,56,WIN,WIN,19361,38810,0.0372313,0.0905646,573569
"11,37,58,59",19,56,LOSS,LOSS,108642,108646,0.243297,0.228377,790857
"11,38,39,51",65,41,WIN,LOSS,7201,47609,0.0165892,0.0957848,845667
"11,39,40,50",38,22,LOSS,LOSS,56887,119902,0.11882,0.26356,1022456
"11,41,51,67",35,37,WIN,WIN,3521,20049,0.0118577,0.0608612,1046026
"11,43,48,66",10,36,LOSS,LOSS,198509,154082,0.551034,0.424119,1398617
"11,48,57,67",61,16,LOSS,WIN,126519,10527,0.480337,0.0335943,1535663
"11,50,56,59",61,5,WIN,LOSS,2612,84358,0.0061004,0.187064,86970
"11,52,58,59",60,51,WIN,WIN,12229,1,0.0277015,3.23e-05,99200
"12,13,22,41",11,32,WIN,LOSS,5983,62723,0.0144501,0.128443,167906
"12,13,23,58",43,11,LOSS,WIN,68539,18508,0.146094,0.0434036,254953
"12,13,48,58",24,39,LOSS,LOSS,74448,30326,0.176391,0.0639366,359727
"12,14,20,30",46,13,LOSS,LOSS,41459,65154,0.0840229,0.141568,466340
"12,14,28,41",13,11,WIN,WIN,46282,18033,0.10194,0.0347233,530655
"12,14,29,51",11,68,LOSS,WIN,169527,131437,0.410595,0.390763,831619
"12,14,46,67",20,37,LOSS,LOSS,106323,182490,0.256195,0.59059,1120432
"12,14,48,59",9,3,WIN,LOSS,17632,76753,0.0582897,0.300525,1214817
"12,20,22,38",62,29,LOSS,LOSS,59886,67210,0.229406,0.224922,1341913
"12,20,22,57",38,62,WIN,WIN,11840,9384,0.0336655,0.0264821,1363137
"12,20,23,58",26,18,LOSS,LOSS,109091,121593,0.249355,0.256941,230684
"12,20,30,38",57,6,LOSS,WIN,90207,30090,0.195047,0.0659829,350981
"12,20,32,50",60,5,WIN,WIN,35075,4468,0.0690691,0.0095033,390524
"12,20,32,58",60,42,LOSS,LOSS,74571,82400,0.156677,0.211084,547495
"12,20,38,52",19,29,LOSS,LOSS,51088,51981,0.168201,0.140317,650564
"12,20,42,56",74,32,LOSS,LOSS,100225,55295,0.266558,0.137653,806084
"12,20,50,66",57,39,WIN,WIN,13251,10908,0.0405487,0.0231653,830243
"12,21,22,28",46,32,WIN,WIN,39443,3280,0.109077,0.0119197,872966
"12,21,30,47",15,38,WIN,WIN,46629,6323,0.141418,0.018389,925918
"12,22,33,39",32,57,WIN,LOSS,28931,81805,0.0987124,0.316736,1036654
"12,22,34,42",74,46,WIN,WIN,78126,58269,0.308462,0.210758,1173049
"12,22,38,50",68,46,WIN,WIN,118674,4998,0.413661,0.0189665,1296721
"12,22,39,66",50,46,WIN,WIN,2811,1,0.0071697,2.92e-05,2812
"12,22,52,67",40,19,WIN,WIN,9141,1,0.0189908,2.54e-05,11954
"12,23,28,60",42,52,LOSS,LOSS,211837,116569,0.736209,0.45643,340360
"12,23,29,59",74,68,LOSS,LOSS,92255,90569,0.302229,0.332603,523184
"12,23,33,68",17,57,LOSS,WIN,60489,6157,0.226622,0.0149136,589830
"12,23,40,59",31,68,WIN,WIN,4392,35794,0.0129324,0.100829,630016
"12,23,42,48",32,39,WIN,WIN,26608,52501,0.0689586,0.130703,709125
"12,23,49,57",17,39,LOSS,WIN,50089,24232,0.106002,0.0562539,783446
"12,24,30,40",64,48,LOSS,LOSS,86511,100060,0.211455,0.239338,970017
"12,24,39,66",52,69,LOSS,WIN,95111,15974,0.214913,0.0356584,1081102
"12,24,47,48",75,52,LOSS,WIN,67271,3577,0.164714,0.0071077,1151950
"12,28,31,50",34,32,WIN,WIN,3271,3238,0.0061598,0.0055726,1158459
"12,29,32,43",38,69,WIN,LOSS,10392,116615,0.0401246,0.375997,127007
"12,29,32,68",28,42,LOSS,LOSS,49728,65610,0.177955,0.236,242345
"12,29,41,56",21,38,LOSS,LOSS,130746,104986,0.424555,0.242099,478077
"12,30,32,66",40,28,WIN,LOSS,4072,85365,0.0094742,0.19807,567514
"12,30,32,68",29,34,WIN,LOSS,64257,172709,0.132961,0.403898,804480
"12,30,40,50",57,39,WIN,WIN,24110,2364,0.0579207,0.0056165,830954
"12,31,32,49",40,22,WIN,LOSS,17152,83936,0.0332015,0.291033,932042
"12,31,41,56",5,21,LOSS,LOSS,183658,160778,0.491652,0.482853,1276478
"12,31,41,68",5,57,WIN,LOSS,29112,94943,0.0771372,0.244149,1400533
"12,31,43,67",13,64,WIN,LOSS,15289,122174,0.0337293,0.295497,1537996
"12,32,33,57",31,29,WIN,WIN,2082,15236,0.0047233,0.0327161,1555314
"12,32,33,59",57,42,WIN,WIN,3406,6820,0.0061639,0.0122734,1565540
"12,32,38,40",64,42,WIN,WIN,9036,21786,0.0293891,0.0695151,30822
"12,32,39,68",66,5,LOSS,LOSS,72082,74218,0.266731,0.266864,177122
"12,32,40,41",52,64,WIN,WIN,2667,2821,0.0088393,0.0098233,182610
"12,32,46,52",49,36,LOSS,WIN,46023,6740,0.120928,0.0169998,235373
"12,32,56,58",62,42,LOSS,LOSS,108998,107203,0.279531,0.278901,451574
"12,33,42,48",51,3,WIN,LOSS,2260,95633,0.0054332,0.220608,549467
"12,34,40,48",31,24,WIN,LOSS,2066,65527,0.003871,0.142879,617060
"12,37,40,47",42,57,WIN,WIN,17249,7685,0.0379487,0.0149314,641994
"12,37,47,52",19,28,WIN,WIN,61005,55811,0.146497,0.174079,758810
"12,37,47,58",48,20,LOSS,WIN,131479,14882,0.403885,0.0346585,905171
"12,37,51,57",48,46,LOSS,LOSS,62526,49003,0.141585,0.105326,1016700
"12,38,42,43",68,69,WIN,LOSS,20468,33023,0.0450365,0.0681902,1070191
"12,39,40,49",66,22,WIN,WIN,7272,11647,0.0228694,0.0431591,18919
"12,40,41,67",13,36,WIN,WIN,1886,16508,0.0053719,0.0568173,37313
"12,41,42,51",32,48,LOSS,WIN,61090,14353,0.197487,0.035967,112756
"12,42,49,59",33,9,LOSS,WIN,109322,9252,0.267566,0.0234975,231330
"12,42,51,67",48,33,LOSS,LOSS,100482,71141,0.235156,0.15463,402953
"12,42,56,60",57,20,WIN,WIN,2788,3628,0.0054325,0.0071074,409369
"13,20,22,23",76,46,LOSS,LOSS,59734,75770,0.142927,0.167331,544873
"13,21,32,60",33,49,LOSS,WIN,107289,120299,0.288123,0.393336,772461
"13,21,40,67",47,51,LOSS,WIN,35054,2884,0.0907673,0.0065324,810399
"13,22,31,56",5,32,LOSS,LOSS,232973,98461,0.674617,0.25324,1141833
"13,29,39,41",69,37,LOSS,LOSS,58507,74832,0.151857,0.17579,1275172
"13,39,47,59",58,29,WIN,WIN,4190,97021,0.0091615,0.310963,1376383
"13,39,51,59",40,9,WIN,WIN,4063,45645,0.0095994,0.10698,49708
"2,10,11,23",13,74,LOSS,WIN,98955,4831,0.228613,0.0114366,153494
"2,10,20,39",30,29,LOSS,LOSS,131997,233055,0.308992,0.680272,518546
"2,10,21,29",56,38,WIN,WIN,2821,49013,0.0079881,0.132425,570380
"2,10,21,54",14,18,LOSS,WIN,159306,69025,0.401648,0.223311,798711
"2,10,22,65",14,42,LOSS,WIN,85704,8170,0.254271,0.0186183,892585
"2,10,27,34",29,6,WIN,LOSS,1825,69693,0.0045901,0.174005,964103
"2,10,29,39",56,40,WIN,WIN,9835,23754,0.0221463,0.0562149,997692
"2,10,30,46",37,40,WIN,LOSS,4032,80640,0.0099902,0.175992,1082364
"2,10,31,50",40,30,WIN,LOSS,6809,97953,0.0152066,0.311955,1187126
"2,10,32,46",64,22,LOSS,LOSS,98895,90003,0.404908,0.28789,1376024
"2,10,37,52",28,19,WIN,WIN,15695,9326,0.0416586,0.0246329,1401045
"2,10,37,74",38,29,LOSS,WIN,153635,37648,0.356863,0.0805942,191283
"2,10,38,55",60,43,WIN,LOSS,3964,99997,0.0070455,0.22864,295244
"2,10,54,55",60,3,LOSS,WIN,56289,61050,0.135088,0.237576,412583
"2,10,60,62",3,54,LOSS,LOSS,127425,107247,0.353849,0.262324,647255
"2,11,12,18",36,22,WIN,LOSS,94323,177789,0.299236,0.48666,919367
"2,11,12,21",32,31,WIN,WIN,90035,60899,0.203918,0.181918,1070301
"2,11,13,30",65,14,LOSS,LOSS,87936,135086,0.329273,0.486544,1293323
"2,11,15,20",14,5,WIN,WIN,79348,152116,0.260454,0.490363,1524787
"2,11,15,54",14,74,LOSS,LOSS,256288,118030,0.597494,0.246811,1899105
"2,11,20,22",32,19,WIN,LOSS,93670,161554,0.203953,0.350358,2154329
"2,11,20,52",32,25,WIN,WIN,148403,64375,0.340494,0.217132,2367107
"2,11,21,39",30,29,WIN,LOSS,9673,153864,0.0368636,0.512151,2530644
"2,11,29,44",5,35,WIN,WIN,141276,26988,0.453014,0.0677433,168264
"2,11,31,47",41,28,WIN,WIN,4188,39554,0.0090436,0.0982903,212006
"2,11,42,66",74,56,WIN,WIN,8714,35935,0.0210561,0.0874895,256655
"2,11,49,56",16,4,WIN,LOSS,33826,93030,0.0739592,0.205726,383511
"2,11,56,76",16,4,LOSS,LOSS,86263,93453,0.309249,0.409103,563227
"2,12,24,32",64,36,WIN,LOSS,6495,121876,0.0242657,0.371717,691598
"2,12,26,42",58,18,LOSS,LOSS,97780,122424,0.368052,0.326186,911802
"2,12,32,67",40,27,LOSS,WIN,183625,134428,0.404333,0.308736,1229855
"2,12,36,57",52,69,LOSS,WIN,61897,15717,0.133667,0.0355347,1307469
"2,12,52,74",47,18,WIN,WIN,2002,5532,0.0046234,0.0128455,1315003
"2,13,14,31",3,40,LOSS,LOSS,144867,105262,0.313221,0.245373,1565132
"2,13,15,37",65,9,LOSS,LOSS,85784,107285,0.212701,0.327818,1758201
"2,13,18,33",3,65,LOSS,WIN,122559,4298,0.395248,0.017184,126857
"2,13,24,29",56,69,WIN,LOSS,14510,101862,0.0610093,0.408149,243229
"2,13,35,41",47,19,LOSS,WIN,186547,49399,0.641861,0.140555,479175
"2,13,40,69",58,29,LOSS,LOSS,90258,98923,0.225605,0.233527,668356
"2,13,41,49",43,22,WIN,WIN,31884,1,0.0713593,3.15e-05,700241
"2,13,47,56",52,58,WIN,WIN,26432,20161,0.0523181,0.0421162,746834
"2,13,62,69",6,12,LOSS,LOSS,101032,128239,0.203063,0.291619,976105
"2,14,18,76",54,65,WIN,WIN,70511,17618,0.154607,0.032297,1064234
"2,14,30,59",40,29,WIN,WIN,11253,19529,0.0197906,0.0422748,1095016
"2,14,38,47",52,59,WIN,LOSS,3961,54021,0.0075434,0.115269,1152998
"2,14,54,61",18,62,LOSS,WIN,85663,63332,0.189959,0.133993,1301993
"2,14,59,70",46,62,WIN,WIN,2142,2705,0.0049398,0.006191,1306840
"2,14,65,70",68,38,WIN,LOSS,6523,51277,0.0236955,0.204084,57800
"2,15,19,27",10,47,WIN,WIN,3287,60954,0.0116298,0.157099,122041
"2,15,24,35",42,47,LOSS,WIN,88691,21662,0.216735,0.0476422,232394
"2,15,24,69",19,36,WIN,LOSS,3843,132857,0.0094503,0.294898,369094
"2,15,24,78",62,74,WIN,WIN,4499,26830,0.0109098,0.0529908,400423
"2,15,31,37",41,21,LOSS,LOSS,250420,245060,0.536389,0.53909,895903
"2,15,35,67",16,4,LOSS,WIN,165933,47936,0.508014,0.170476,1109772
"2,15,50,67",4,66,WIN,LOSS,7747,181395,0.028819,0.631958,1298914
"2,16,18,23",26,42,WIN,LOSS,8733,99481,0.0260117,0.261658,1407128
"2,16,23,31",40,47,WIN,WIN,43936,24910,0.09048,0.0516443,1475974
"2,16,32,40",23,6,WIN,LOSS,24148,79415,0.0499501,0.180447,1579537
"2,16,41,42",37,32,LOSS,WIN,107517,50051,0.248438,0.118574,1737105
"2,16,43,60",15,3,LOSS,LOSS,101836,88781,0.267497,0.197185,190617
"2,16,46,59",14,19,WIN,LOSS,46546,322596,0.0895161,0.688916,559759
"2,16,56,75",11,24,LOSS,LOSS,92303,79545,0.199929,0.164267,731607
"2,16,60,77",72,75,WIN,WIN,261305,693980,0.71262,2.09469,1686892
"2,18,21,24",14,32,WIN,WIN,25244,20790,0.0838315,0.061953,1732926
"2,18,22,58",1,19,WIN,WIN,8274,55349,0.0271871,0.134579,1796549
"2,19,22,42",54,59,LOSS,WIN,139362,36511,0.423195,0.122344,1972422
"2,19,25,32",52,22,LOSS,WIN,69983,30137,0.178138,0.0732704,2072542
"2,19,28,62",10,55,LOSS,WIN,138458,10102,0.342495,0.0176948,2221102
"2,19,52,67",13,22,LOSS,LOSS,138062,80191,0.315828,0.190506,2439355
"2,20,27,44",77,47,LOSS,LOSS,419263,142748,1.02787,0.334414,3001366
"2,20,29,45",13,50,LOSS,WIN,127492,195243,0.411556,0.446353,3324101
"2,20,31,75",47,65,WIN,WIN,112456,27618,0.263045,0.0519537,140074
"2,20,38,55",4,60,WIN,LOSS,99495,138367,0.218567,0.296861,377936
"2,20,42,62",65,56,WIN,WIN,3266,118933,0.0059919,0.266436,500135
"2,20,46,62",65,56,LOSS,WIN,125322,37660,0.279647,0.108351,663117
"2,20,47,50",30,48,LOSS,WIN,67612,17426,0.22483,0.0418432,748155
"2,21,29,65",59,41,WIN,WIN,4621,8746,0.0088825,0.0161812,761522
"2,22,28,29",56,32,LOSS,WIN,67030,26111,0.237914,0.100336,854663
"2,22,29,55",56,65,WIN,WIN,19833,58883,0.0602725,0.183634,933379
"2,22,32,46",29,10,LOSS,LOSS,111366,98648,0.38696,0.250867,1143393
"2,22,36,38",44,40,LOSS,LOSS,107339,179902,0.240094,0.396099,1430634
"2,22,38,74",46,62,LOSS,LOSS,102146,91170,0.336865,0.258063,1623950
"2,22,42,47",54,23,LOSS,WIN,68393,15845,0.172005,0.035779,1708188
"2,22,56,78",20,52,LOSS,WIN,132740,102568,0.389932,0.230425,235308
"2,23,27,74",34,11,WIN,WIN,3852,23341,0.0076247,0.0458517,262501
"2,23,32,54",14,59,WIN,LOSS,155724,169066,0.349567,0.507444,587291
"2,23,42,56",32,47,LOSS,LOSS,56242,82261,0.154784,0.215591,725794
"2,23,45,68",74,50,LOSS,WIN,189595,201402,0.574335,0.499465,1116791
"2,23,49,55",65,47,LOSS,WIN,111541,56116,0.260717,0.126902,1284448
"2,24,33,78",28,54,LOSS,LOSS,58424,215383,0.135418,0.534114,1558255
"2,24,36,48",69,12,LOSS,WIN,135276,135894,0.316572,0.326242,1829425
"2,24,47,75",36,58,WIN,LOSS,265882,199187,0.777535,0.595248,2294494
"2,24,54,62",14,56,WIN,LOSS,23487,108241,0.0752565,0.35602,2426222
"2,24,58,60",26,6,WIN,LOSS,84273,165095,0.207483,0.520596,2675590
"2,25,34,38",14,29,WIN,LOSS,67900,190840,0.153667,0.433693,2934330
"2,25,70,77",61,7,LOSS,LOSS,186621,197699,0.465581,0.565379,384320
"2,26,28,29",56,74,LOSS,LOSS,129512,113460,0.349666,0.370343,627292
"2,26,40,58",32,4,LOSS,WIN,57190,16898,0.158366,0.0373241,701380
"2,26,40,74",52,47,WIN,WIN,5504,2135,0.0132964,0.0039865,709019
"2,27,32,51",65,6,WIN,LOSS,31226,92016,0.0742126,0.222911,832261
"2,27,36,45",55,3,LOSS,WIN,69932,43847,0.162149,0.0974303,946040
"2,27,41,69",23,32,LOSS,WIN,434335,61508,1.02285,0.139366,1441883
"2,27,44,60",3,10,LOSS,LOSS,163122,118014,0.356647,0.297752,1723019
"2,28,29,58",32,56,LOSS,LOSS,88725,57919,0.299126,0.129256,1869663
"2,28,37,64",35,58,WIN,WIN,38503,19977,0.0854915,0.0455116,1928143
"2,28,39,42",33,58,WIN,WIN,4839,14637,0.0092751,0.0327909,1947619
"2,28,40,48",58,18,LOSS,LOSS,81274,123338,0.175759,0.405194,2152231
"2,28,46,56",29,4,LOSS,LOSS,40095,106591,0.0988459,0.261242,146686
"2,29,30,55",56,74,LOSS,LOSS,134360,134380,0.408423,0.362442,415426
"2,29,34,40",74,30,WIN,WIN,7839,5978,0.0167402,0.0143522,429243
"2,29,34,51",46,1,WIN,WIN,36794,2127,0.0909145,0.0078311,468164
"2,29,37,40",42,10,WIN,WIN,17631,8400,0.0562345,0.0252631,494195
"2,29,38,76",12,13,WIN,WIN,122720,83220,0.374353,0.205017,700135
"2,29,40,46",74,10,WIN,LOSS,20211,72488,0.044271,0.171497,792834
"2,29,42,48",3,32,WIN,WIN,53355,25687,0.120871,0.0587288,871876
"2,3,13,28",33,1,WIN,WIN,4897,229198,0.0118437,0.549724,1105971
"2,3,13,59",1,58,LOSS,LOSS,141546,84840,0.338296,0.194186,1332357
"2,3,19,65",5,7,LOSS,WIN,54573,1791,0.129646,0.0040456,1388721
"2,3,22,27",66,54,LOSS,WIN,87134,107499,0.19773,0.251509,1583354
"2,3,32,51",33,6,WIN,LOSS,50237,130797,0.158402,0.306458,181034
"2,3,4,33",15,10,LOSS,LOSS,77715,80253,0.199496,0.183687,339002
"2,3,5,43",15,10,LOSS,LOSS,117071,73669,0.273121,0.167911,529742
"2,3,6,68",18,65,WIN,WIN,29078,27822,0.0718911,0.0587295,586642
"2,3,64,65",10,8,LOSS,WIN,59823,41767,0.137796,0.0869483,688232
"2,3,66,68",10,67,WIN,WIN,7806,6946,0.0165119,0.0176103,702984
"2,30,31,41",29,13,LOSS,WIN,108172,6224,0.248875,0.0142289,817380
"2,30,36,40",42,10,WIN,LOSS,26436,89895,0.0574087,0.21831,933711
"2,30,38,39",42,11,WIN,WIN,5615,14152,0.0114557,0.0279149,953478
"2,30,40,69",6,13,WIN,LOSS,80667,163980,0.176324,0.487372,1198125
"2,30,41,60",24,38,WIN,LOSS,140821,130362,0.347165,0.334161,1469308
"2,30,44,74",6,36,LOSS,LOSS,184149,158459,0.642769,0.382853,1811916
"2,31,41,65",42,47,WIN,LOSS,18984,65405,0.0405456,0.153566,84389
"2,31,42,46",54,51,WIN,WIN,181071,46309,0.408194,0.102794,311769
"2,31,58,66",65,42,WIN,LOSS,43856,91177,0.102059,0.215922,446802
"2,32,50,65",42,20,LOSS,LOSS,59986,81998,0.140791,0.19088,588786
"2,32,55,62",23,58,WIN,LOSS,18275,57970,0.0343878,0.145542,665031
"2,32,58,70",28,7,WIN,LOSS,69217,105952,0.163085,0.303871,840200
"2,33,52,60",28,42,LOSS,WIN,75244,8905,0.242988,0.0177171,924349
"2,33,55,65",11,38,WIN,WIN,8284,23042,0.0190458,0.0508031,955675
"2,34,48,69",44,24,WIN,LOSS,186293,225714,0.492308,0.767572,1367682
"2,34,75,76",31,24,LOSS,WIN,172842,217724,0.445382,0.572557,1758248
"2,35,45,59",75,65,WIN,WIN,2886,1,0.0061951,2.91e-05,1761135
"2,35,46,52",32,44,LOSS,LOSS,126506,147851,0.273854,0.447572,2035492
"2,35,47,70",30,65,LOSS,LOSS,111407,95658,0.352097,0.335195,207065
"2,35,58,75",65,24,WIN,LOSS,3149,242587,0.0108979,0.716517,452801
"2,36,42,44",78,8,LOSS,WIN,117410,18374,0.287376,0.0425819,588585
"2,36,47,56",52,27,WIN,LOSS,7129,54355,0.0149038,0.126749,650069
"2,36,56,76",65,52,WIN,LOSS,24980,75947,0.053712,0.158141,750996
"2,36,58,62",7,54,WIN,LOSS,38115,184336,0.0856305,0.622557,973447
"2,36,60,65",20,10,WIN,WIN,24639,3545,0.0875655,0.0110972,1001631
"2,37,41,43",13,5,LOSS,WIN,132844,12011,0.393723,0.0271814,1146486
"2,38,39,59",58,14,WIN,LOSS,34212,96541,0.0674792,0.213904,1277239
"2,38,42,47",52,14,WIN,WIN,2410,23239,0.004758,0.0423523,1302888
"2,38,49,65",33,48,LOSS,LOSS,66641,57509,0.147811,0.119187,1427038
"2,38,57,62",32,56,LOSS,LOSS,89659,85536,0.179535,0.196434,1602233
"2,38,58,75",65,47,WIN,LOSS,7340,105501,0.0135338,0.312036,112841
"2,39,41,43",13,5,LOSS,WIN,136938,61674,0.3399,0.135245,311453
"2,39,47,50",30,7,LOSS,LOSS,84819,68086,0.190745,0.140887,464358
"2,39,57,66",59,65,WIN,WIN,59531,16029,0.176184,0.0515494,539918
"2,4,12,36",52,10,WIN,LOSS,5104,74613,0.0141515,0.231556,619635
"2,4,12,42",3,14,WIN,WIN,80525,79276,0.303517,0.236326,779436
"2,4,14,29",9,3,WIN,LOSS,88801,140605,0.209311,0.303594,1008842
"2,4,18,20",3,26,LOSS,LOSS,85690,112318,0.174528,0.244121,1206850
"2,4,20,35",11,28,WIN,LOSS,60253,114706,0.125164,0.365225,1381809
"2,4,22,47",52,58,LOSS,LOSS,88582,114523,0.198259,0.254518,1584914
"2,4,30,38",11,6,WIN,LOSS,60243,102749,0.127855,0.222396,1747906
"2,4,34,46",1,6,LOSS,WIN,67831,38766,0.183519,0.126618,1854503
"2,4,34,58",1,6,WIN,LOSS,15707,73483,0.0500074,0.189509,89190
"2,4,36,49",10,3,LOSS,LOSS,67564,129048,0.151848,0.278609,285802
"2,4,42,57",12,33,LOSS,WIN,195691,27774,0.546105,0.0825827,509267
"2,4,46,52",7,28,LOSS,LOSS,101569,110419,0.370637,0.278979,721255
"2,4,5,26",28,35,WIN,WIN,80401,38587,0.185662,0.0774764,840243
"2,4,52,56",44,28,LOSS,LOSS,62016,107456,0.131394,0.233071,1009715
"2,4,6,12",62,38,LOSS,LOSS,122906,143217,0.281652,0.435385,1275838
"2,4,60,76",10,3,WIN,WIN,7124,7338,0.0172869,0.0141983,1290300
"2,40,42,65",41,38,WIN,WIN,1998,34543,0.0035303,0.0761774,1326841
"2,41,42,49",65,37,WIN,LOSS,9799,56037,0.0213622,0.132836,1392677
"2,41,47,56",52,58,WIN,LOSS,3404,94208,0.0082175,0.211152,1490289
"2,43,48,51",49,47,WIN,LOSS,14283,154682,0.0267974,0.324413,1659254
"2,43,49,50",51,42,WIN,WIN,19912,20755,0.0470684,0.0426681,40667
"2,46,48,53",65,3,LOSS,LOSS,91422,75820,0.262441,0.231959,207909
"2,46,60,76",20,74,WIN,WIN,44501,10737,0.170707,0.0448968,263147
"2,47,51,65",59,33,WIN,WIN,3081,27326,0.0094265,0.0933915,293554
"2,48,49,51",32,3,LOSS,LOSS,108669,140167,0.299539,0.317958,542390
"2,48,60,69",6,24,LOSS,LOSS,127705,135295,0.27991,0.278462,805390
"2,5,10,52",19,7,WIN,LOSS,75393,96062,0.161656,0.314461,976845
"2,5,11,28",19,47,LOSS,WIN,116863,70770,0.272035,0.163053,1164478
"2,5,18,51",6,1,WIN,LOSS,22665,217650,0.0501287,0.564742,1404793
"2,5,28,47",1,4,LOSS,LOSS,79490,109590,0.299169,0.348279,1593873
"2,5,36,41",65,42,LOSS,WIN,64090,5314,0.210424,0.0140179,1663277
"2,52,66,76",69,12,WIN,WIN,66613,10445,0.252401,0.0358191,1740335
"2,6,11,38",5,4,WIN,LOSS,19711,99603,0.0438893,0.223954,119314
"2,6,12,38",28,4,LOSS,LOSS,71664,131821,0.143431,0.296345,322799
"2,6,36,46",1,18,WIN,WIN,7043,8274,0.0141055,0.0147789,338116
"2,6,54,55",3,65,WIN,LOSS,62287,138149,0.142868,0.399181,538552
"2,6,56,74",0,4,WIN,LOSS,112944,134658,0.260043,0.324272,786154
"20,21,22,38",78,47,WIN,WIN,8460,10599,0.0195984,0.0243423,805213
"20,21,22,49",45,50,WIN,WIN,24180,83998,0.0502025,0.174972,913391
"20,21,22,57",48,60,LOSS,WIN,74944,1968,0.219234,0.0051015,990303
"20,21,23,41",51,32,LOSS,LOSS,65031,53615,0.244134,0.197246,1108949
"20,21,24,29",48,32,LOSS,WIN,39039,3109,0.113752,0.0072669,1151097
"20,21,39,40",50,30,LOSS,WIN,76811,2114,0.240125,0.0048581,1230022
"20,21,39,41",51,40,WIN,WIN,1812,1,0.0036488,3.8e-05,1231835
"20,21,39,58",48,13,WIN,LOSS,30494,73898,0.0645117,0.160613,104392
"20,22,31,41",50,21,LOSS,WIN,50376,6073,0.102017,0.0129366,160841
"20,23,31,39",25,19,WIN,WIN,25629,10068,0.0567062,0.017596,196538
"20,23,32,51",42,24,WIN,WIN,5194,3102,0.0089158,0.0055828,204834
"20,23,33,51",11,42,LOSS,WIN,76596,1,0.170289,2.5e-05,281431
"20,23,49,60",25,40,LOSS,WIN,76955,31319,0.182915,0.105387,389705
"20,24,39,50",40,23,LOSS,WIN,67359,30310,0.199374,0.0642356,487374
"20,31,42,48",54,25,WIN,WIN,252677,97877,0.602602,0.246084,837928
"20,41,50,59",60,29,WIN,WIN,3226,2278,0.0107508,0.0072997,843432
"21,22,23,30",46,29,WIN,WIN,28346,1,0.0888908,2.75e-05,871779
"21,22,30,40",10,49,LOSS,WIN,50519,6561,0.190335,0.0217033,928859
"21,22,40,42",52,41,LOSS,LOSS,85079,59682,0.308401,0.153489,1073620
"21,23,48,59",53,32,WIN,WIN,13847,12338,0.0287209,0.0234679,26185
"21,30,33,49",27,57,WIN,WIN,24271,18623,0.0451717,0.0399266,69079
"21,30,33,57",45,31,WIN,WIN,41214,6304,0.0883921,0.0112732,116597
"21,30,38,57",6,29,WIN,WIN,5334,1362,0.0088996,0.0021707,123293
"21,32,49,50",51,5,LOSS,WIN,81252,77695,0.24434,0.289382,282240
"21,39,40,48",16,13,LOSS,WIN,49946,12036,0.193572,0.0325945,344222
"3,10,21,30",40,4,LOSS,WIN,75844,13551,0.20871,0.0564064,433617
"3,10,23,43",19,50,LOSS,LOSS,44811,46454,0.143834,0.179209,524882
"3,10,24,66",21,19,WIN,WIN,2430,32632,0.0114875,0.124079,559944
"3,10,30,57",60,37,LOSS,WIN,63849,12463,0.339149,0.0578379,636256
"3,10,34,50",29,41,LOSS,LOSS,91341,131078,0.511381,0.417112,858675
"3,10,50,75",30,66,WIN,WIN,8972,51886,0.0211216,0.114341,919533
"3,11,12,15",55,4,WIN,LOSS,25252,29774,0.0953777,0.11959,55026
"3,11,15,25",4,43,WIN,WIN,1842,42569,0.0080529,0.17859,99437
"3,11,19,24",13,43,LOSS,LOSS,81860,62147,0.384307,0.306053,243444
"3,11,19,30",57,39,LOSS,LOSS,73058,92126,0.309215,0.230578,408628
"3,11,19,53",29,15,WIN,LOSS,1591,57199,0.0027109,0.132721,467418
"3,11,20,27",60,47,LOSS,WIN,60932,5973,0.21679,0.0203703,534323
"3,11,20,55",15,60,LOSS,WIN,135842,44574,0.324421,0.0987916,714739
"3,11,20,59",19,56,WIN,WIN,13919,7387,0.0284953,0.0165344,736045
"3,11,23,49",51,33,LOSS,LOSS,104591,105661,0.217413,0.232871,946297
"3,11,25,38",19,20,LOSS,WIN,132509,179626,0.277972,0.394436,1258432
"3,11,31,33",65,28,LOSS,WIN,50152,80671,0.114576,0.17835,1389255
"3,11,33,51",14,23,LOSS,LOSS,56267,53672,0.128445,0.113519,1499194
"3,11,33,61",54,28,WIN,WIN,5091,2076,0.0225907,0.0062092,7167
"3,11,36,53",43,27,WIN,WIN,4234,32227,0.0138801,0.12785,43628
"3,11,41,42",23,14,LOSS,WIN,115194,67250,0.629728,0.295272,226072
"3,11,52,61",4,16,WIN,WIN,22294,2507,0.060705,0.0049084,250873
"3,12,13,23",75,19,WIN,LOSS,2626,77539,0.0054925,0.173641,331038
"3,12,21,67",15,4,WIN,LOSS,145130,151184,0.443409,0.358099,627352
"3,12,27,77",32,66,WIN,LOSS,3937,91697,0.0087694,0.19359,722986
"3,12,30,35",29,15,LOSS,WIN,167810,172576,0.369637,0.370668,1063372
"3,12,55,57",60,15,LOSS,LOSS,89632,91824,0.198025,0.202235,1244828
"3,12,57,77",17,5,LOSS,LOSS,141685,123787,0.298162,0.389661,1510300
"3,13,19,24",37,23,LOSS,LOSS,67658,52934,0.162399,0.11479,1630892
"3,13,35,75",30,43,LOSS,WIN,61647,14077,0.13744,0.0314595,1706616
"3,13,39,55",29,15,WIN,LOSS,174258,120044,0.507577,0.370446,294302
"3,13,40,51",39,43,WIN,WIN,2904,36832,0.0056071,0.0743178,334038
"3,13,42,69",19,33,LOSS,LOSS,156956,162580,0.375714,0.366877,653574
"3,13,44,70",30,6,WIN,WIN,36271,393385,0.073251,0.879869,1083230
"3,13,46,66",37,14,WIN,WIN,3246,2948,0.0076582,0.005424,1089424
"3,13,48,57",53,37,WIN,WIN,9662,26045,0.0173809,0.046442,1125131
"3,13,55,66",9,39,LOSS,WIN,174238,36889,0.488852,0.0840393,1336258
"3,14,15,33",4,60,WIN,LOSS,17043,65083,0.0373274,0.148318,1418384
"3,14,20,59",25,37,WIN,LOSS,2181,226890,0.0051613,0.665817,1647455
"3,14,28,30",66,33,LOSS,WIN,66341,67962,0.156975,0.143912,1781758
"3,14,28,50",32,4,LOSS,LOSS,237892,161579,0.514551,0.601496,2181229
"3,14,37,38",65,43,WIN,WIN,49689,2793,0.154376,0.0100061,2233711
"3,14,39,43",15,66,LOSS,WIN,89086,72897,0.231112,0.192252,161983
"3,14,48,57",33,59,LOSS,WIN,87734,9966,0.279624,0.0207469,259683
"3,14,50,70",59,20,WIN,WIN,39003,82708,0.0875435,0.200775,381394
"3,14,51,56",33,66,LOSS,LOSS,315509,168513,0.716534,0.357729,865416
"3,14,53,60",66,15,LOSS,WIN,75302,9650,0.160463,0.0210722,950368
"3,15,21,48",47,4,LOSS,WIN,94130,35671,0.209347,0.0820455,1080169
"3,15,22,32",41,27,LOSS,WIN,135527,13061,0.331397,0.0460127,1228757
"3,15,22,67",13,29,LOSS,LOSS,44428,101709,0.142964,0.238651,1374894
"3,15,23,32",41,4,LOSS,LOSS,71185,77273,0.161916,0.219426,1523352
"3,15,51,59",60,43,WIN,WIN,20911,4945,0.0630491,0.0148682,1549208
"3,16,24,44",56,48,LOSS,WIN,139924,47850,0.363313,0.116889,1736982
"3,16,25,31",48,61,LOSS,LOSS,125572,149151,0.273667,0.339323,2011705
"3,16,25,38",79,5,LOSS,LOSS,271388,170968,0.761249,0.348168,442356
"3,16,49,51",79,25,LOSS,LOSS,200796,209172,0.437746,0.454956,852324
"3,19,20,25",65,53,WIN,LOSS,1231,50291,0.0027246,0.100812,903846
"3,19,28,46",12,59,WIN,LOSS,45164,74399,0.0946782,0.171881,1023409
"3,19,28,50",46,10,WIN,WIN,169481,112369,0.517021,0.263696,1305259
"3,19,30,41",57,39,WIN,LOSS,6563,95050,0.016492,0.267388,1406872
"3,19,30,57",31,49,WIN,WIN,4908,1,0.0156282,6.34e-05,1411781
"3,19,31,39",57,30,LOSS,LOSS,97515,56178,0.266888,0.12772,1565474
"3,19,33,65",11,25,WIN,LOSS,15304,67104,0.0322887,0.144939,1647882
"3,19,37,42",13,9,WIN,LOSS,11271,112944,0.0296417,0.233414,1772097
"3,19,39,55",10,15,WIN,LOSS,9910,104887,0.0213132,0.235249,1886894
"3,20,23,32",50,59,LOSS,WIN,82042,17211,0.267408,0.0508948,1986147
"3,20,47,59",19,2,LOSS,LOSS,102315,117617,0.235536,0.263411,219932
"3,21,22,32",33,12,WIN,LOSS,52855,168440,0.113603,0.37824,441227
"3,21,27,31",4,30,WIN,LOSS,51596,106688,0.110821,0.219441,599511
"3,21,30,36",4,27,LOSS,LOSS,139878,119618,0.349161,0.345691,859007
"3,21,31,42",37,66,LOSS,WIN,126886,4688,0.286579,0.0144491,990581
"3,21,31,61",48,57,WIN,LOSS,18826,103534,0.0584469,0.309651,1112941
"3,21,33,59",41,48,LOSS,LOSS,89748,161936,0.208626,0.383202,1364625
"3,21,37,43",27,66,LOSS,WIN,99288,1704,0.212061,0.0039759,1465617
"3,21,42,66",34,26,WIN,WIN,4402,13710,0.0083952,0.0286097,1483729
"3,22,23,33",21,29,WIN,WIN,24172,2460,0.0554344,0.0053003,1510361
"3,22,29,38",62,11,LOSS,WIN,105841,6078,0.342724,0.0147433,1622280
"3,22,39,49",13,48,LOSS,WIN,85910,36189,0.349217,0.104334,1744379
"3,23,29,40",57,30,LOSS,LOSS,222284,108033,0.613378,0.233602,330317
"3,23,30,33",47,29,WIN,WIN,85662,29007,0.189001,0.0592971,444986
"3,23,31,59",32,48,WIN,LOSS,23536,134287,0.0505208,0.413424,602809
"3,23,36,55",48,22,LOSS,LOSS,93210,147633,0.361381,0.56554,843652
"3,23,41,48",53,11,LOSS,LOSS,47672,128320,0.197828,0.429599,1019644
"3,23,42,58",33,18,LOSS,LOSS,143405,145142,0.322825,0.323707,1308191
"3,24,28,38",78,14,LOSS,LOSS,236256,169194,0.525069,0.376535,1713641
"3,24,38,51",78,33,LOSS,LOSS,149573,255930,0.320006,0.809295,2119144
"3,24,46,56",2,66,WIN,WIN,25967,8982,0.0847825,0.0281306,2154093
"3,24,66,70",69,34,LOSS,WIN,70301,51233,0.163798,0.111171,2275627
"3,25,31,61",39,11,LOSS,LOSS,89531,69878,0.187718,0.151126,2435036
"3,25,49,61",43,57,WIN,WIN,104074,18342,0.227086,0.0387077,2557452
"3,27,32,60",33,59,WIN,LOSS,16722,42777,0.0304586,0.088906,59499
"3,27,42,43",59,37,LOSS,WIN,74571,8446,0.15689,0.0182099,142516
"3,28,30,37",4,31,WIN,LOSS,55511,72066,0.124295,0.205628,270093
"3,28,33,37",11,5,LOSS,WIN,56086,8233,0.186369,0.0299524,334412
"3,28,70,76",4,20,LOSS,LOSS,115358,166406,0.42822,0.711832,616176
"3,29,30,41",57,31,WIN,WIN,24271,4981,0.10064,0.0178096,645428
"3,29,30,69",57,39,LOSS,LOSS,92335,134489,0.267198,0.333072,872252
"3,29,37,43",36,13,LOSS,WIN,61888,2951,0.128011,0.005148,937091
"3,29,41,59",30,14,LOSS,LOSS,102440,80733,0.236322,0.184374,1120264
"3,29,61,76",56,47,LOSS,LOSS,132812,355315,0.285302,0.851984,1608391
"3,30,33,39",9,31,WIN,WIN,7329,24477,0.0223296,0.0785256,1640197
"3,30,49,75",35,33,WIN,LOSS,2159,79570,0.0065273,0.219308,1721926
"3,30,57,58",25,13,LOSS,WIN,79933,4977,0.334056,0.0171773,84910
"3,31,32,34",43,4,WIN,LOSS,26581,96039,0.0931829,0.25116,207530
"3,31,32,38",30,48,WIN,LOSS,30912,81755,0.0625627,0.181078,320197
"3,31,36,66",21,39,WIN,LOSS,30024,76674,0.0638046,0.176767,426895
"3,31,39,47",57,48,LOSS,WIN,69634,4034,0.159677,0.0065821,500563
"3,31,50,57",43,23,WIN,LOSS,31875,161029,0.0687959,0.365413,693467
"3,31,51,60",48,43,WIN,WIN,45727,54533,0.08866,0.120366,793727
"3,33,34,59",29,43,WIN,LOSS,7286,68038,0.0125029,0.150858,869051
"3,33,43,55",31,65,WIN,WIN,2929,5656,0.0061241,0.0113802,877636
"3,33,43,70",66,59,WIN,WIN,25287,11806,0.0494221,0.0222939,914729
"3,33,58,65",49,13,LOSS,WIN,88840,10162,0.195007,0.0205066,1013731
"3,33,64,66",4,67,WIN,WIN,10722,22371,0.0265804,0.0395423,1046824
"3,34,36,49",33,48,WIN,LOSS,349790,273200,0.887855,0.581281,622990
"3,34,45,77",4,66,WIN,LOSS,490250,213092,1.27346,0.603691,1326332
"3,34,67,70",58,7,WIN,WIN,6008,9936,0.0112627,0.0247639,1342276
"3,36,65,67",41,2,LOSS,LOSS,233301,151783,0.536574,0.552261,1727360
"3,36,66,68",28,65,WIN,WIN,5574,19538,0.018911,0.0759126,1752472
"3,37,47,50",57,48,WIN,WIN,18532,33247,0.0672577,0.136299,1804251
"3,37,59,70",65,14,WIN,WIN,28154,54856,0.117128,0.205281,1887261
"3,38,39,44",66,48,LOSS,WIN,61233,2493,0.150133,0.0042893,1950987
"3,38,40,51",46,41,WIN,LOSS,90509,123990,0.203694,0.257585,2165486
"3,38,55,67",31,41,WIN,WIN,34250,216397,0.0817507,0.616374,2416133
"3,39,43,48",36,15,WIN,LOSS,44478,65085,0.106799,0.162471,2525696
"3,39,48,59",19,9,WIN,WIN,8173,3042,0.017459,0.0064927,2536911
"3,39,56,67",37,4,WIN,LOSS,123102,110711,0.288758,0.246967,233813
"3,4,10,29",5,20,WIN,LOSS,16836,85447,0.0364222,0.192202,336096
"3,4,14,40",43,33,WIN,LOSS,9922,107437,0.0221035,0.225894,453455
"3,4,16,20",5,6,LOSS,LOSS,57462,80970,0.121785,0.178167,591887
"3,4,27,40",2,31,LOSS,LOSS,129267,112792,0.275651,0.312615,833946
"3,4,29,33",2,34,LOSS,WIN,96038,9242,0.27261,0.0194695,939226
"3,4,29,36",2,20,LOSS,LOSS,90277,71574,0.313528,0.209247,1101077
"3,4,40,48",43,8,LOSS,WIN,51988,4734,0.125961,0.0112703,1157799
"3,4,42,50",34,2,LOSS,LOSS,87610,76797,0.202421,0.173152,1322206
"3,4,46,59",66,14,LOSS,WIN,128937,72234,0.285679,0.240163,1523377
"3,4,53,77",20,76,LOSS,WIN,85008,2535,0.349971,0.0104875,1610920
"3,4,60,68",61,28,WIN,WIN,28907,4880,0.106681,0.0196357,1644707
"3,41,46,49",53,48,LOSS,LOSS,83823,103611,0.193994,0.233498,187434
"3,42,52,65",68,25,LOSS,LOSS,164012,178370,0.339713,0.361777,529816
"3,43,49,60",51,48,LOSS,WIN,92147,4642,0.204357,0.0091405,626605
"3,43,51,55",75,31,WIN,WIN,3736,7531,0.0077302,0.0177786,637872
"3,43,51,70",67,34,WIN,WIN,29481,9299,0.0595435,0.0217964,676652
"3,43,55,57",31,61,WIN,LOSS,8881,92445,0.0207335,0.207546,777978
"3,47,56,66",30,2,LOSS,WIN,67726,5362,0.196968,0.0150428,851066
"3,47,57,68",48,23,WIN,WIN,10790,5785,0.0280485,0.0182523,867641
"3,48,49,50",66,38,WIN,LOSS,17365,62744,0.0517691,0.168539,947750
"3,48,49,65",38,66,LOSS,LOSS,107302,59129,0.373585,0.180598,1114181
"3,48,57,76",53,59,LOSS,LOSS,66739,106324,0.164192,0.243474,1287244
"3,49,50,52",33,4,WIN,LOSS,97084,93337,0.20708,0.199014,1477665
"3,5,11,21",37,4,LOSS,WIN,91209,18957,0.219825,0.0374183,110166
"3,5,11,32",16,4,WIN,LOSS,48262,77432,0.0984144,0.164885,235860
"3,5,21,43",4,15,WIN,WIN,37041,116765,0.075478,0.353453,389666
"3,5,21,59",2,33,LOSS,LOSS,74347,184151,0.284061,0.748631,648164
"3,5,29,49",57,19,WIN,LOSS,20497,114247,0.0495274,0.283027,782908
"3,5,31,39",12,7,WIN,WIN,52376,4237,0.103192,0.0079103,839521
"3,5,36,43",13,41,LOSS,WIN,47950,3839,0.107956,0.00892,891310
"3,5,37,50",35,4,WIN,WIN,40069,29412,0.0860211,0.055989,960791
"3,5,65,66",55,4,WIN,WIN,49618,46035,0.100154,0.0974513,1056444
"3,55,60,76",59,54,LOSS,WIN,79582,96770,0.286583,0.250139,1232796
"3,56,65,66",55,67,WIN,WIN,12286,2246,0.0279888,0.0054647,1247328
"3,58,59,65",57,55,WIN,WIN,19800,28115,0.0449098,0.0669218,1295243
"3,58,59,66",60,55,WIN,LOSS,8880,54503,0.0195564,0.124155,63383
"30,31,39,41",11,42,WIN,WIN,7658,2613,0.0165149,0.0061181,73654
"30,31,40,48",24,57,WIN,WIN,24920,3713,0.0488939,0.0062758,102287
"4,10,12,55",62,28,WIN,WIN,13410,4462,0.0262296,0.0080568,120159
"4,10,13,41",67,14,WIN,WIN,2031,12680,0.0046863,0.0262374,134870
"4,10,13,55",2,19,WIN,WIN,89136,19681,0.280066,0.0662833,243687
"4,10,14,52",16,60,WIN,WIN,38710,26436,0.130684,0.0950839,308833
"4,10,15,64",2,1,LOSS,WIN,88048,8188,0.371737,0.0309221,405069
"4,10,30,43",38,40,LOSS,WIN,78555,9182,0.315797,0.0235567,492806
"4,10,55,58",62,38,WIN,WIN,4921,42875,0.0103435,0.101096,540602
"4,10,55,65",19,28,LOSS,LOSS,84992,89513,0.189148,0.195292,715107
"4,11,12,38",6,16,LOSS,LOSS,105569,68105,0.265595,0.150956,888781
"4,11,20,56",36,58,WIN,WIN,2904,16238,0.0070535,0.0404122,19142
"4,11,22,28",32,49,LOSS,LOSS,123010,91041,0.303935,0.202692,233193
"4,11,28,38",6,20,WIN,WIN,10984,5787,0.0210575,0.0114519,249964
"4,11,31,33",67,28,WIN,LOSS,37388,106176,0.0714087,0.303863,393528
"4,11,33,47",67,3,LOSS,WIN,73053,164130,0.226237,0.467982,630711
"4,11,43,68",23,3,LOSS,WIN,135746,42085,0.502443,0.0969703,808542
"4,11,47,61",31,20,LOSS,LOSS,65793,139970,0.151946,0.306028,1014305
"4,11,50,68",74,23,WIN,LOSS,7954,101794,0.012897,0.297558,1124053
"4,12,25,76",20,13,LOSS,WIN,53707,1953,0.131187,0.0033087,1179713
"4,12,34,44",15,66,WIN,WIN,20623,32335,0.0396573,0.0569008,1232671
"4,12,39,42",58,38,LOSS,LOSS,71481,79233,0.140157,0.168799,1383385
"4,12,40,70",31,20,LOSS,LOSS,89873,75704,0.193337,0.232198,1548962
"4,12,42,58",49,31,LOSS,WIN,52735,11734,0.127699,0.0228061,64469
"4,12,43,76",40,67,WIN,WIN,8171,27344,0.0189594,0.066372,99984
"4,12,44,46",37,14,LOSS,LOSS,57425,93548,0.134058,0.20058,250957
"4,12,46,66",3,36,LOSS,LOSS,80304,72266,0.182601,0.230388,403527
"4,13,19,76",20,3,LOSS,LOSS,40207,29585,0.133206,0.0714503,473319
"4,13,22,66",10,3,LOSS,WIN,220749,149226,0.705893,0.420868,843294
"4,19,22,59",28,26,LOSS,WIN,96959,8300,0.199641,0.0142385,948553
"4,19,43,49",13,36,LOSS,WIN,96968,3673,0.227064,0.006051,1049194
"4,19,49,67",43,55,WIN,WIN,859,18631,0.0017084,0.0345565,1068684
"4,19,61,69",24,76,WIN,WIN,6013,43315,0.015735,0.132864,1118012
"4,20,22,46",14,76,LOSS,WIN,92601,19650,0.222851,0.0360485,1230263
"4,20,23,51",21,24,LOSS,WIN,102478,9392,0.211095,0.0166633,1342133
"4,20,30,50",36,58,WIN,WIN,15397,74854,0.0318882,0.158353,90251
"4,20,31,58",32,50,LOSS,LOSS,46990,44929,0.107906,0.102736,182170
"4,20,49,67",36,44,WIN,WIN,1854,1506,0.0034336,0.0031675,185530
"4,20,51,60",67,15,WIN,WIN,1700,18684,0.00282,0.0451259,205914
"4,21,28,68",12,48,WIN,WIN,2825,3698,0.0100966,0.0115816,212437
"4,21,30,42",37,31,WIN,LOSS,4447,66875,0.0156165,0.224692,283759
"4,21,48,60",20,3,WIN,LOSS,6720,128600,0.0164475,0.337785,419079
"4,28,46,66",55,67,LOSS,WIN,47896,5682,0.168496,0.0210235,472657
"4,28,48,51",68,67,WIN,LOSS,48999,97879,0.177639,0.332043,619535
"4,28,51,61",78,21,LOSS,WIN,129651,25907,0.300523,0.0511841,775093
"4,29,40,42",37,49,WIN,WIN,36498,14377,0.0728289,0.0239868,825968
"4,29,46,57",6,34,LOSS,LOSS,171689,112911,0.461052,0.23197,1110568
"4,29,50,61",67,56,LOSS,LOSS,122915,97092,0.414347,0.212438,220007
"4,30,42,61",56,68,LOSS,WIN,127718,26868,0.265814,0.0603943,374593
"4,30,66,67",68,40,WIN,WIN,6927,13460,0.0116591,0.0263367,394980
"4,31,37,40",42,30,WIN,WIN,24045,4987,0.0518223,0.0160885,424012
"4,31,38,40",43,12,WIN,WIN,0,28040,7e-07,0.0861835,452052
"4,31,49,65",25,55,LOSS,LOSS,83444,57437,0.219493,0.110408,592933
"4,36,42,43",69,12,WIN,LOSS,9761,37645,0.0178773,0.0734787,640339
"4,36,42,52",43,12,WIN,LOSS,3417,54143,0.0071308,0.104577,697899
"4,36,43,59",13,19,WIN,WIN,15237,23412,0.0328589,0.0517785,736548
"4,37,41,48",67,49,LOSS,WIN,83799,21875,0.172109,0.0380423,842222
"4,37,57,68",38,30,LOSS,LOSS,102596,166389,0.27655,0.454049,1111207
"4,38,39,42",58,12,WIN,LOSS,42215,80945,0.0761203,0.1545,1234367
"4,39,49,50",46,67,LOSS,WIN,57879,3603,0.110969,0.0057942,61482
"4,46,49,52",40,58,WIN,LOSS,4950,31363,0.0085574,0.0633708,97795
"4,47,55,60",58,20,WIN,WIN,23477,33748,0.0459049,0.062279,155020
"4,55,58,67",61,56,WIN,WIN,882,5634,0.0012934,0.0116729,161536
