canonical_parent,pair_top,true_unique_top,pair_child_outcome,other_child_outcome,pair_visited,other_visited,pair_seconds,other_seconds,memo_used
"0,1,2,11",21,31,WIN,WIN,141723,160194,0.207882,0.227320,301917
"0,1,2,16",9,64,WIN,LOSS,244006,194780,0.363386,0.282466,740703
"0,1,2,18",27,58,LOSS,WIN,193847,96485,0.302521,0.146489,1031035
"0,1,2,23",18,12,LOSS,LOSS,189130,274461,0.322469,0.441896,1494626
"0,1,2,28",40,58,LOSS,LOSS,95801,108331,0.141840,0.168342,1698758
"0,1,2,30",22,40,LOSS,LOSS,161313,157669,0.271831,0.294096,2017740
"0,1,2,44",36,12,LOSS,LOSS,279926,283631,0.517358,0.469195,2581297
"0,1,2,61",64,12,WIN,WIN,72307,238994,0.111140,0.403989,2892598
"0,1,2,67",64,12,WIN,WIN,188165,163172,0.309859,0.273910,3243935
"0,1,2,70",64,10,LOSS,LOSS,97983,118284,0.160779,0.194068,3460202
"0,1,3,13",22,23,LOSS,LOSS,212935,185190,0.349606,0.326939,3858327
"0,1,3,21",12,31,WIN,WIN,227443,112764,0.372740,0.195413,4198534
