third,x,y,state,outcome,visited,maxdepth,memo,seconds,shrink
0,0,0,33-44-0,WIN,28528949,18,28451519,63.5946,4
10,0,1,33-44-10,WIN,23014486,19,22949546,52.2124,4
11,1,1,33-44-11,WIN,16121398,18,16068694,36.4979,4
20,0,2,33-44-20,WIN,16076707,18,16033301,35.2266,4
21,1,2,33-44-21,WIN,22001433,19,21943843,48.4743,4
22,2,2,33-44-22,WIN,18037920,18,17978660,38.5251,4
30,0,3,33-44-30,WIN,10256518,18,10216660,21.4777,4
31,1,3,33-44-31,WIN,6255849,18,6225994,12.8972,4
32,2,3,33-44-32,WIN,16121398,18,16068694,35.8625,4
40,0,4,33-44-40,WIN,8374569,18,8339880,18.0869,4
41,1,4,33-44-41,WIN,7176963,18,7140536,15.3712,4
42,2,4,33-44-42,WIN,11109915,18,11069254,24.1125,4
43,3,4,33-44-43,WIN,4636965,17,4600596,10.1624,4
50,0,5,33-44-50,WIN,8980621,17,8928862,18.9002,4
51,1,5,33-44-51,WIN,9608945,18,9561065,20.3993,4
52,2,5,33-44-52,WIN,7842835,18,7803643,15.8118,4
53,3,5,33-44-53,WIN,11569347,18,11530365,23.6415,4
54,4,5,33-44-54,WIN,8374569,18,8339880,16.7341,4
55,5,5,33-44-55,WIN,5816808,18,5778758,11.6567,4
60,0,6,33-44-60,WIN,16862605,18,16799132,34.2019,4
61,1,6,33-44-61,WIN,7639805,18,7599837,14.7193,4
62,2,6,33-44-62,WIN,10716217,18,10667338,21.678,4
63,3,6,33-44-63,WIN,6255849,18,6225994,12.6708,4
64,4,6,33-44-64,WIN,7176963,18,7140536,15.2371,4
65,5,6,33-44-65,WIN,5816808,18,5778758,11.6619,4
66,6,6,33-44-66,WIN,4831294,17,4797813,9.78602,4
70,0,7,33-44-70,WIN,6842748,17,6793821,14.3289,4
71,1,7,33-44-71,WIN,20344472,18,20283552,44.9152,4
72,2,7,33-44-72,WIN,7011882,18,6966322,14.5445,4
73,3,7,33-44-73,WIN,5434743,18,5392048,11.108,4
74,4,7,33-44-74,WIN,6487868,17,6447661,12.8389,4
75,5,7,33-44-75,WIN,11480251,18,11430607,24.2131,4
76,6,7,33-44-76,WIN,5825115,18,5790039,12.4756,4
77,7,7,33-44-77,WIN,4623490,18,4592758,10.1584,4
80,0,8,33-44-80,WIN,10557156,18,10517577,22.7289,4
81,1,8,33-44-81,WIN,13495345,18,13450493,27.5918,4
82,2,8,33-44-82,WIN,10446642,18,10404203,21.8787,4
83,3,8,33-44-83,WIN,7791803,18,7742962,15.4074,4
84,4,8,33-44-84,WIN,13018096,18,12962649,27.6732,4
85,5,8,33-44-85,WIN,14476349,18,14428731,29.7931,4
86,6,8,33-44-86,WIN,8628684,18,8589139,17.4659,4
87,7,8,33-44-87,WIN,12195576,18,12150400,24.8973,4
88,8,8,33-44-88,WIN,9549881,18,9496072,19.6839,4
90,0,9,33-44-90,WIN,9145711,18,9103066,18.4557,4
91,1,9,33-44-91,WIN,12780146,18,12724717,27.3684,4
92,2,9,33-44-92,WIN,22960980,18,22906811,48.9501,4
93,3,9,33-44-93,WIN,19840924,18,19777374,43.2458,4
94,4,9,33-44-94,WIN,10797888,18,10760812,23.0229,4
95,5,9,33-44-95,WIN,21116176,18,21042314,42.5319,4
96,6,9,33-44-96,WIN,12400124,18,12352311,26.3805,4
97,7,9,33-44-97,WIN,9179275,18,9133530,19.66,4
98,8,9,33-44-98,WIN,30536333,18,30482194,51.1214,4
99,9,9,33-44-99,WIN,8656179,17,8621025,13.2257,4
