parent,condition,depth,visited
"12,21,58",cache-aware,0,0
"12,21,58",cache-aware,1,0
"12,21,58",cache-aware,2,0
"12,21,58",cache-aware,3,1
"12,21,58",cache-aware,4,3
"12,21,58",cache-aware,5,164
"12,21,58",cache-aware,6,715
"12,21,58",cache-aware,7,15410
"12,21,58",cache-aware,8,112975
"12,21,58",cache-aware,9,499932
"12,21,58",cache-aware,10,1872900
"12,21,58",cache-aware,11,5688249
"12,21,58",cache-aware,12,10092363
"12,21,58",cache-aware,13,11821258
"12,21,58",cache-aware,14,8220061
"12,21,58",cache-aware,15,2605603
"12,21,58",cache-aware,16,310419
"12,21,58",cache-aware,17,12113
"12,21,58",cache-aware,18,853
"12,21,58",cache-aware,19,0
"12,21,58",cache-blind,0,0
"12,21,58",cache-blind,1,0
"12,21,58",cache-blind,2,0
"12,21,58",cache-blind,3,1
"12,21,58",cache-blind,4,3
"12,21,58",cache-blind,5,164
"12,21,58",cache-blind,6,715
"12,21,58",cache-blind,7,15410
"12,21,58",cache-blind,8,112975
"12,21,58",cache-blind,9,523920
"12,21,58",cache-blind,10,2086142
"12,21,58",cache-blind,11,6567922
"12,21,58",cache-blind,12,12013293
"12,21,58",cache-blind,13,14219344
"12,21,58",cache-blind,14,9721882
"12,21,58",cache-blind,15,2953242
"12,21,58",cache-blind,16,336619
"12,21,58",cache-blind,17,12712
"12,21,58",cache-blind,18,922
"12,21,58",cache-blind,19,0
"0,19,95",cache-blind,0,0
"0,19,95",cache-blind,1,0
"0,19,95",cache-blind,2,0
"0,19,95",cache-blind,3,1
"0,19,95",cache-blind,4,1
"0,19,95",cache-blind,5,87
"0,19,95",cache-blind,6,333
"0,19,95",cache-blind,7,8624
"0,19,95",cache-blind,8,62727
"0,19,95",cache-blind,9,348351
"0,19,95",cache-blind,10,1539115
"0,19,95",cache-blind,11,5529225
"0,19,95",cache-blind,12,11239019
"0,19,95",cache-blind,13,14561714
"0,19,95",cache-blind,14,10844815
"0,19,95",cache-blind,15,3549099
"0,19,95",cache-blind,16,422465
"0,19,95",cache-blind,17,15649
"0,19,95",cache-blind,18,1036
"0,19,95",cache-blind,19,0
"0,19,95",cache-aware,0,0
"0,19,95",cache-aware,1,0
"0,19,95",cache-aware,2,0
"0,19,95",cache-aware,3,1
"0,19,95",cache-aware,4,1
"0,19,95",cache-aware,5,87
"0,19,95",cache-aware,6,333
"0,19,95",cache-aware,7,8624
"0,19,95",cache-aware,8,62727
"0,19,95",cache-aware,9,332278
"0,19,95",cache-aware,10,1374655
"0,19,95",cache-aware,11,4752423
"0,19,95",cache-aware,12,9362017
"0,19,95",cache-aware,13,11958833
"0,19,95",cache-aware,14,9009134
"0,19,95",cache-aware,15,3073345
"0,19,95",cache-aware,16,383825
"0,19,95",cache-aware,17,14782
"0,19,95",cache-aware,18,979
"0,19,95",cache-aware,19,0
"2,11,61",cache-aware,0,0
"2,11,61",cache-aware,1,0
"2,11,61",cache-aware,2,0
"2,11,61",cache-aware,3,1
"2,11,61",cache-aware,4,3
"2,11,61",cache-aware,5,114
"2,11,61",cache-aware,6,473
"2,11,61",cache-aware,7,9227
"2,11,61",cache-aware,8,63621
"2,11,61",cache-aware,9,297397
"2,11,61",cache-aware,10,1127369
"2,11,61",cache-aware,11,3547445
"2,11,61",cache-aware,12,6601539
"2,11,61",cache-aware,13,8057723
"2,11,61",cache-aware,14,5872737
"2,11,61",cache-aware,15,1956453
"2,11,61",cache-aware,16,244193
"2,11,61",cache-aware,17,9972
"2,11,61",cache-aware,18,892
"2,11,61",cache-aware,19,0
"2,11,61",cache-blind,0,0
"2,11,61",cache-blind,1,0
"2,11,61",cache-blind,2,0
"2,11,61",cache-blind,3,1
"2,11,61",cache-blind,4,3
"2,11,61",cache-blind,5,114
"2,11,61",cache-blind,6,473
"2,11,61",cache-blind,7,9227
"2,11,61",cache-blind,8,63621
"2,11,61",cache-blind,9,311570
"2,11,61",cache-blind,10,1256550
"2,11,61",cache-blind,11,4097027
"2,11,61",cache-blind,12,7857728
"2,11,61",cache-blind,13,9697938
"2,11,61",cache-blind,14,6960401
"2,11,61",cache-blind,15,2219713
"2,11,61",cache-blind,16,263619
"2,11,61",cache-blind,17,10339
"2,11,61",cache-blind,18,952
"2,11,61",cache-blind,19,0
"1,27,61",cache-blind,0,0
"1,27,61",cache-blind,1,0
"1,27,61",cache-blind,2,0
"1,27,61",cache-blind,3,1
"1,27,61",cache-blind,4,3
"1,27,61",cache-blind,5,89
"1,27,61",cache-blind,6,368
"1,27,61",cache-blind,7,7190
"1,27,61",cache-blind,8,50129
"1,27,61",cache-blind,9,212785
"1,27,61",cache-blind,10,832118
"1,27,61",cache-blind,11,2545290
"1,27,61",cache-blind,12,4649819
"1,27,61",cache-blind,13,5448577
"1,27,61",cache-blind,14,3740848
"1,27,61",cache-blind,15,1152567
"1,27,61",cache-blind,16,130651
"1,27,61",cache-blind,17,4798
"1,27,61",cache-blind,18,431
"1,27,61",cache-blind,19,0
"1,27,61",cache-aware,0,0
"1,27,61",cache-aware,1,0
"1,27,61",cache-aware,2,0
"1,27,61",cache-aware,3,1
"1,27,61",cache-aware,4,3
"1,27,61",cache-aware,5,89
"1,27,61",cache-aware,6,368
"1,27,61",cache-aware,7,7190
"1,27,61",cache-aware,8,50129
"1,27,61",cache-aware,9,203116
"1,27,61",cache-aware,10,748000
"1,27,61",cache-aware,11,2209788
"1,27,61",cache-aware,12,3921585
"1,27,61",cache-aware,13,4550151
"1,27,61",cache-aware,14,3181063
"1,27,61",cache-aware,15,1022373
"1,27,61",cache-aware,16,121282
"1,27,61",cache-aware,17,4591
"1,27,61",cache-aware,18,410
"1,27,61",cache-aware,19,0
"1,68,74",cache-aware,0,0
"1,68,74",cache-aware,1,0
"1,68,74",cache-aware,2,0
"1,68,74",cache-aware,3,1
"1,68,74",cache-aware,4,1
"1,68,74",cache-aware,5,89
"1,68,74",cache-aware,6,248
"1,68,74",cache-aware,7,6547
"1,68,74",cache-aware,8,47551
"1,68,74",cache-aware,9,220144
"1,68,74",cache-aware,10,797111
"1,68,74",cache-aware,11,2298877
"1,68,74",cache-aware,12,3714755
"1,68,74",cache-aware,13,4053256
"1,68,74",cache-aware,14,2396109
"1,68,74",cache-aware,15,589682
"1,68,74",cache-aware,16,49271
"1,68,74",cache-aware,17,1199
"1,68,74",cache-aware,18,67
"1,68,74",cache-aware,19,0
"1,68,74",cache-blind,0,0
"1,68,74",cache-blind,1,0
"1,68,74",cache-blind,2,0
"1,68,74",cache-blind,3,1
"1,68,74",cache-blind,4,1
"1,68,74",cache-blind,5,89
"1,68,74",cache-blind,6,248
"1,68,74",cache-blind,7,6547
"1,68,74",cache-blind,8,47551
"1,68,74",cache-blind,9,229126
"1,68,74",cache-blind,10,885472
"1,68,74",cache-blind,11,2636910
"1,68,74",cache-blind,12,4397483
"1,68,74",cache-blind,13,4829258
"1,68,74",cache-blind,14,2792498
"1,68,74",cache-blind,15,655347
"1,68,74",cache-blind,16,52533
"1,68,74",cache-blind,17,1237
"1,68,74",cache-blind,18,70
"1,68,74",cache-blind,19,0
"0,7,67",cache-blind,0,0
"0,7,67",cache-blind,1,0
"0,7,67",cache-blind,2,0
"0,7,67",cache-blind,3,1
"0,7,67",cache-blind,4,4
"0,7,67",cache-blind,5,119
"0,7,67",cache-blind,6,604
"0,7,67",cache-blind,7,11058
"0,7,67",cache-blind,8,85612
"0,7,67",cache-blind,9,382525
"0,7,67",cache-blind,10,1580437
"0,7,67",cache-blind,11,5047528
"0,7,67",cache-blind,12,9595816
"0,7,67",cache-blind,13,11652157
"0,7,67",cache-blind,14,8352925
"0,7,67",cache-blind,15,2720737
"0,7,67",cache-blind,16,329569
"0,7,67",cache-blind,17,12670
"0,7,67",cache-blind,18,1042
"0,7,67",cache-blind,19,62
"0,7,67",cache-aware,0,0
"0,7,67",cache-aware,1,0
"0,7,67",cache-aware,2,0
"0,7,67",cache-aware,3,1
"0,7,67",cache-aware,4,4
"0,7,67",cache-aware,5,119
"0,7,67",cache-aware,6,604
"0,7,67",cache-aware,7,11058
"0,7,67",cache-aware,8,85612
"0,7,67",cache-aware,9,364164
"0,7,67",cache-aware,10,1414572
"0,7,67",cache-aware,11,4355499
"0,7,67",cache-aware,12,8042141
"0,7,67",cache-aware,13,9655222
"0,7,67",cache-aware,14,7030706
"0,7,67",cache-aware,15,2387084
"0,7,67",cache-aware,16,303154
"0,7,67",cache-aware,17,12046
"0,7,67",cache-aware,18,966
"0,7,67",cache-aware,19,52
"2,43,60",cache-blind,0,0
"2,43,60",cache-blind,1,0
"2,43,60",cache-blind,2,0
"2,43,60",cache-blind,3,1
"2,43,60",cache-blind,4,1
"2,43,60",cache-blind,5,81
"2,43,60",cache-blind,6,174
"2,43,60",cache-blind,7,5349
"2,43,60",cache-blind,8,34309
"2,43,60",cache-blind,9,172152
"2,43,60",cache-blind,10,643335
"2,43,60",cache-blind,11,1962276
"2,43,60",cache-blind,12,3322363
"2,43,60",cache-blind,13,3722705
"2,43,60",cache-blind,14,2243163
"2,43,60",cache-blind,15,547367
"2,43,60",cache-blind,16,44467
"2,43,60",cache-blind,17,1001
"2,43,60",cache-blind,18,42
"2,43,60",cache-blind,19,0
"2,43,60",cache-aware,0,0
"2,43,60",cache-aware,1,0
"2,43,60",cache-aware,2,0
"2,43,60",cache-aware,3,1
"2,43,60",cache-aware,4,1
"2,43,60",cache-aware,5,81
"2,43,60",cache-aware,6,174
"2,43,60",cache-aware,7,5349
"2,43,60",cache-aware,8,34309
"2,43,60",cache-aware,9,165231
"2,43,60",cache-aware,10,578626
"2,43,60",cache-aware,11,1709850
"2,43,60",cache-aware,12,2807680
"2,43,60",cache-aware,13,3127990
"2,43,60",cache-aware,14,1926826
"2,43,60",cache-aware,15,492157
"2,43,60",cache-aware,16,41538
"2,43,60",cache-aware,17,961
"2,43,60",cache-aware,18,41
"2,43,60",cache-aware,19,0
"23,37,45",cache-aware,0,0
"23,37,45",cache-aware,1,0
"23,37,45",cache-aware,2,0
"23,37,45",cache-aware,3,1
"23,37,45",cache-aware,4,2
"23,37,45",cache-aware,5,94
"23,37,45",cache-aware,6,351
"23,37,45",cache-aware,7,7557
"23,37,45",cache-aware,8,54706
"23,37,45",cache-aware,9,207721
"23,37,45",cache-aware,10,714942
"23,37,45",cache-aware,11,1934644
"23,37,45",cache-aware,12,3072618
"23,37,45",cache-aware,13,3247426
"23,37,45",cache-aware,14,1995225
"23,37,45",cache-aware,15,563763
"23,37,45",cache-aware,16,62939
"23,37,45",cache-aware,17,2503
"23,37,45",cache-aware,18,281
"23,37,45",cache-aware,19,0
"23,37,45",cache-blind,0,0
"23,37,45",cache-blind,1,0
"23,37,45",cache-blind,2,0
"23,37,45",cache-blind,3,1
"23,37,45",cache-blind,4,2
"23,37,45",cache-blind,5,94
"23,37,45",cache-blind,6,351
"23,37,45",cache-blind,7,7557
"23,37,45",cache-blind,8,54706
"23,37,45",cache-blind,9,218283
"23,37,45",cache-blind,10,798880
"23,37,45",cache-blind,11,2231715
"23,37,45",cache-blind,12,3642303
"23,37,45",cache-blind,13,3860777
"23,37,45",cache-blind,14,2312877
"23,37,45",cache-blind,15,625413
"23,37,45",cache-blind,16,67076
"23,37,45",cache-blind,17,2582
"23,37,45",cache-blind,18,291
"23,37,45",cache-blind,19,0
"1,6,51",cache-blind,0,0
"1,6,51",cache-blind,1,0
"1,6,51",cache-blind,2,0
"1,6,51",cache-blind,3,1
"1,6,51",cache-blind,4,1
"1,6,51",cache-blind,5,72
"1,6,51",cache-blind,6,299
"1,6,51",cache-blind,7,6427
"1,6,51",cache-blind,8,44235
"1,6,51",cache-blind,9,182365
"1,6,51",cache-blind,10,677750
"1,6,51",cache-blind,11,1985358
"1,6,51",cache-blind,12,3361908
"1,6,51",cache-blind,13,3655057
"1,6,51",cache-blind,14,2243572
"1,6,51",cache-blind,15,577650
"1,6,51",cache-blind,16,50586
"1,6,51",cache-blind,17,1255
"1,6,51",cache-blind,18,60
"1,6,51",cache-blind,19,0
"1,6,51",cache-aware,0,0
"1,6,51",cache-aware,1,0
"1,6,51",cache-aware,2,0
"1,6,51",cache-aware,3,1
"1,6,51",cache-aware,4,1
"1,6,51",cache-aware,5,72
"1,6,51",cache-aware,6,299
"1,6,51",cache-aware,7,6427
"1,6,51",cache-aware,8,44235
"1,6,51",cache-aware,9,173661
"1,6,51",cache-aware,10,605960
"1,6,51",cache-aware,11,1716023
"1,6,51",cache-aware,12,2828171
"1,6,51",cache-aware,13,3059099
"1,6,51",cache-aware,14,1926733
"1,6,51",cache-aware,15,521489
"1,6,51",cache-aware,16,47694
"1,6,51",cache-aware,17,1219
"1,6,51",cache-aware,18,58
"1,6,51",cache-aware,19,0
"12,13,67",cache-aware,0,0
"12,13,67",cache-aware,1,0
"12,13,67",cache-aware,2,0
"12,13,67",cache-aware,3,1
"12,13,67",cache-aware,4,1
"12,13,67",cache-aware,5,78
"12,13,67",cache-aware,6,177
"12,13,67",cache-aware,7,4592
"12,13,67",cache-aware,8,30249
"12,13,67",cache-aware,9,128513
"12,13,67",cache-aware,10,431967
"12,13,67",cache-aware,11,1175980
"12,13,67",cache-aware,12,1772939
"12,13,67",cache-aware,13,1804452
"12,13,67",cache-aware,14,960401
"12,13,67",cache-aware,15,201307
"12,13,67",cache-aware,16,13512
"12,13,67",cache-aware,17,251
"12,13,67",cache-aware,18,7
"12,13,67",cache-aware,19,0
"12,13,67",cache-blind,0,0
"12,13,67",cache-blind,1,0
"12,13,67",cache-blind,2,0
"12,13,67",cache-blind,3,1
"12,13,67",cache-blind,4,1
"12,13,67",cache-blind,5,78
"12,13,67",cache-blind,6,177
"12,13,67",cache-blind,7,4592
"12,13,67",cache-blind,8,30249
"12,13,67",cache-blind,9,134086
"12,13,67",cache-blind,10,480726
"12,13,67",cache-blind,11,1349624
"12,13,67",cache-blind,12,2096489
"12,13,67",cache-blind,13,2133276
"12,13,67",cache-blind,14,1100533
"12,13,67",cache-blind,15,219207
"12,13,67",cache-blind,16,14150
"12,13,67",cache-blind,17,261
"12,13,67",cache-blind,18,10
"12,13,67",cache-blind,19,0
"12,25,71",cache-blind,0,0
"12,25,71",cache-blind,1,0
"12,25,71",cache-blind,2,0
"12,25,71",cache-blind,3,1
"12,25,71",cache-blind,4,1
"12,25,71",cache-blind,5,83
"12,25,71",cache-blind,6,221
"12,25,71",cache-blind,7,6524
"12,25,71",cache-blind,8,44466
"12,25,71",cache-blind,9,213034
"12,25,71",cache-blind,10,800194
"12,25,71",cache-blind,11,2415704
"12,25,71",cache-blind,12,4092051
"12,25,71",cache-blind,13,4580778
"12,25,71",cache-blind,14,2831877
"12,25,71",cache-blind,15,732405
"12,25,71",cache-blind,16,66061
"12,25,71",cache-blind,17,1742
"12,25,71",cache-blind,18,74
"12,25,71",cache-blind,19,0
"12,25,71",cache-aware,0,0
"12,25,71",cache-aware,1,0
"12,25,71",cache-aware,2,0
"12,25,71",cache-aware,3,1
"12,25,71",cache-aware,4,1
"12,25,71",cache-aware,5,83
"12,25,71",cache-aware,6,221
"12,25,71",cache-aware,7,6524
"12,25,71",cache-aware,8,44466
"12,25,71",cache-aware,9,204220
"12,25,71",cache-aware,10,719332
"12,25,71",cache-aware,11,2101703
"12,25,71",cache-aware,12,3455743
"12,25,71",cache-aware,13,3843538
"12,25,71",cache-aware,14,2429476
"12,25,71",cache-aware,15,659293
"12,25,71",cache-aware,16,61991
"12,25,71",cache-aware,17,1681
"12,25,71",cache-aware,18,72
"12,25,71",cache-aware,19,0
