canonical_parent,top_T,top_TE,top_TO,top_raw,y00_T,y01_TO,y10_TE,y11_raw,O_effect_E0,O_effect_E1,interaction,O_flip_class,E_effect_O0,E_effect_O1,E_interaction,E_flip_class,cause_class,pair_T,pair_E,pair_O,pair_raw,true_T,true_E,true_O,true_raw,diff_E_at_O0,diff_O_at_E0,diff_E_at_O1,diff_O_at_E1,distinct_moves,top_T_eq_top_TO,top_TE_eq_top_raw,top_T_eq_top_TE,top_TO_eq_top_raw
"0,11,38,60",20,20,30,30,1,0,1,0,-1,-1,0,none,,,,not_in_E_intersection,O-only,21,0,2,23,22,0,0,22,0,1,0,1,2,0,0,1,1
"0,11,50,59",14,14,56,56,1,0,1,0,-1,-1,0,none,,,,not_in_E_intersection,O-only,18,0,2,20,19,0,0,19,0,1,0,1,2,0,0,1,1
"0,12,15,74",11,11,63,63,1,1,1,1,0,0,0,none,,,,not_in_E_intersection,O-only,19,0,2,21,20,0,0,20,0,1,0,1,2,0,0,1,1
"0,12,23,50",32,42,40,40,1,0,1,0,-1,-1,0,none,,,,not_in_E_intersection,O-only,18,2,2,22,19,1,0,20,1,1,0,1,3,0,0,0,1
"0,12,24,58",4,4,36,36,1,0,1,0,-1,-1,0,none,,,,not_in_E_intersection,O-only,19,0,2,21,20,0,0,20,0,1,0,1,2,0,0,1,1
"0,13,39,43",36,36,40,40,1,0,1,0,-1,-1,0,none,,,,not_in_E_intersection,O-only,20,0,2,22,21,0,0,21,0,1,0,1,2,0,0,1,1
"0,13,56,65",76,76,70,70,0,1,0,1,1,1,0,none,,,,not_in_E_intersection,O-only,17,0,2,19,18,0,0,18,0,1,0,1,2,0,0,1,1
"0,14,40,49",9,9,4,4,1,1,1,1,0,0,0,none,,,,not_in_E_intersection,O-only,19,0,2,21,20,0,0,20,0,1,0,1,2,0,0,1,1
"0,14,50,53",44,44,70,70,0,1,0,1,1,1,0,none,,,,not_in_E_intersection,O-only,21,0,2,23,22,0,0,22,0,1,0,1,2,0,0,1,1
"0,15,22,60",30,30,36,36,0,1,0,1,1,1,0,none,,,,not_in_E_intersection,O-only,20,0,2,22,21,0,0,21,0,1,0,1,2,0,0,1,1
"0,15,31,41",5,5,63,63,1,0,1,0,-1,-1,0,none,,,,not_in_E_intersection,O-only,19,0,2,21,20,0,0,20,0,1,0,1,2,0,0,1,1
"0,16,75,76",64,64,72,72,1,0,1,0,-1,-1,0,none,,,,not_in_E_intersection,O-only,16,0,2,18,17,0,0,17,0,1,0,1,2,0,0,1,1
"0,17,23,60",68,68,80,80,0,0,0,0,0,0,0,none,,,,not_in_E_intersection,O-only,13,0,2,15,14,0,0,14,0,1,0,1,2,0,0,1,1
"0,17,41,60",8,8,10,10,0,0,0,0,0,0,0,none,,,,not_in_E_intersection,O-only,15,0,2,17,16,0,0,16,0,1,0,1,2,0,0,1,1
"0,20,23,56",50,50,30,30,1,1,1,1,0,0,0,none,,,,not_in_E_intersection,O-only,20,0,2,22,21,0,0,21,0,1,0,1,2,0,0,1,1
"0,20,33,42",60,60,50,50,0,1,0,1,1,1,0,none,,,,not_in_E_intersection,O-only,23,0,2,25,24,0,0,24,0,1,0,1,2,0,0,1,1
"0,21,33,48",57,57,28,28,1,1,1,1,0,0,0,none,,,,not_in_E_intersection,O-only,22,0,2,24,23,0,0,23,0,1,0,1,2,0,0,1,1
"0,21,40,43",37,37,24,24,0,1,0,1,1,1,0,none,,,,not_in_E_intersection,O-only,19,0,2,21,20,0,0,20,0,1,0,1,2,0,0,1,1
"0,22,24,38",30,30,19,19,1,1,1,1,0,0,0,none,,,,not_in_E_intersection,O-only,16,2,2,20,17,2,0,19,0,1,0,1,2,0,0,1,1
"0,22,41,43",38,38,36,36,0,0,0,0,0,0,0,none,,,,not_in_E_intersection,O-only,16,0,2,18,17,0,0,17,0,1,0,1,2,0,0,1,1
"0,23,49,76",13,13,50,50,1,1,1,1,0,0,0,none,,,,not_in_E_intersection,O-only,14,0,2,16,15,0,0,15,0,1,0,1,2,0,0,1,1
"0,23,56,62",55,55,24,24,1,0,1,0,-1,-1,0,none,,,,not_in_E_intersection,O-only,16,0,2,18,17,0,0,17,0,1,0,1,2,0,0,1,1
"0,23,57,77",33,33,50,50,0,1,0,1,1,1,0,none,,,,not_in_E_intersection,O-only,20,0,2,22,21,0,0,21,0,1,0,1,2,0,0,1,1
"0,24,30,78",33,33,70,70,1,0,1,0,-1,-1,0,none,,,,not_in_E_intersection,O-only,21,0,3,24,22,0,0,22,0,1,0,1,2,0,0,1,1
"0,24,48,60",40,40,50,50,1,1,1,1,0,0,0,none,,,,not_in_E_intersection,O-only,21,1,3,25,22,2,0,24,0,1,0,1,2,0,0,1,1
"0,24,52,74",45,45,76,76,0,1,0,1,1,1,0,none,,,,not_in_E_intersection,O-only,17,0,2,19,18,0,0,18,0,1,0,1,2,0,0,1,1
"0,3,20,58",60,60,4,4,1,0,1,0,-1,-1,0,none,,,,not_in_E_intersection,O-only,18,0,2,20,19,0,0,19,0,1,0,1,2,0,0,1,1
"0,3,25,39",5,5,7,7,0,0,0,0,0,0,0,none,,,,not_in_E_intersection,O-only,16,1,2,19,17,1,0,18,0,1,0,1,2,0,0,1,1
"0,3,39,65",66,66,9,9,0,0,0,0,0,0,0,none,,,,not_in_E_intersection,O-only,21,0,2,23,22,0,0,22,0,1,0,1,2,0,0,1,1
"0,3,65,72",2,2,9,9,1,0,1,0,-1,-1,0,none,,,,not_in_E_intersection,O-only,17,0,2,19,18,0,0,18,0,1,0,1,2,0,0,1,1
"0,32,42,58",2,2,50,50,0,1,0,1,1,1,0,none,,,,not_in_E_intersection,O-only,17,0,2,19,18,0,0,18,0,1,0,1,2,0,0,1,1
"0,32,43,76",52,52,64,64,1,1,1,1,0,0,0,none,,,,not_in_E_intersection,O-only,18,0,2,20,19,0,0,19,0,1,0,1,2,0,0,1,1
"0,32,57,59",33,33,5,5,0,1,0,1,1,1,0,none,,,,not_in_E_intersection,O-only,20,0,2,22,21,0,0,21,0,1,0,1,2,0,0,1,1
"0,33,40,51",60,60,24,24,0,1,0,1,1,1,0,none,,,,not_in_E_intersection,O-only,23,0,2,25,24,0,0,24,0,1,0,1,2,0,0,1,1
"0,33,41,68",60,60,5,5,1,0,1,0,-1,-1,0,none,,,,not_in_E_intersection,O-only,19,0,2,21,20,0,0,20,0,1,0,1,2,0,0,1,1
"0,33,49,76",60,60,4,4,0,1,0,1,1,1,0,none,,,,not_in_E_intersection,O-only,17,0,2,19,18,0,0,18,0,1,0,1,2,0,0,1,1
"0,34,62,78",74,74,70,70,1,0,1,0,-1,-1,0,none,,,,not_in_E_intersection,O-only,17,0,2,19,18,0,0,18,0,1,0,1,2,0,0,1,1
"0,4,10,68",67,67,60,60,0,1,0,1,1,1,0,none,,,,not_in_E_intersection,O-only,24,0,2,26,25,0,0,25,0,1,0,1,2,0,0,1,1
"0,4,11,66",67,67,3,3,1,1,1,1,0,0,0,none,,,,not_in_E_intersection,O-only,24,0,3,27,25,0,0,25,0,1,0,1,2,0,0,1,1
"0,4,14,62",5,5,2,2,0,0,0,0,0,0,0,none,,,,not_in_E_intersection,O-only,16,0,2,18,17,0,0,17,0,1,0,1,2,0,0,1,1
"0,4,17,26",8,8,7,7,0,1,0,1,1,1,0,none,,,,not_in_E_intersection,O-only,21,0,2,23,22,0,0,22,0,1,0,1,2,0,0,1,1
"0,4,25,65",76,76,5,5,1,1,1,1,0,0,0,none,,,,not_in_E_intersection,O-only,17,0,2,19,18,0,0,18,0,1,0,1,2,0,0,1,1
"0,4,35,62",8,8,5,5,0,1,0,1,1,1,0,none,,,,not_in_E_intersection,O-only,21,0,2,23,22,0,0,22,0,1,0,1,2,0,0,1,1
"0,4,52,69",12,12,76,76,1,1,1,1,0,0,0,none,,,,not_in_E_intersection,O-only,17,0,2,19,18,0,0,18,0,1,0,1,2,0,0,1,1
"0,43,52,67",36,36,60,60,0,1,0,1,1,1,0,none,,,,not_in_E_intersection,O-only,20,0,2,22,21,0,0,21,0,1,0,1,2,0,0,1,1
"0,5,11,80",56,56,4,4,0,0,0,0,0,0,0,none,,,,not_in_E_intersection,O-only,16,2,2,20,17,2,0,19,0,1,0,1,2,0,0,1,1
"0,5,22,29",6,6,33,33,1,1,1,1,0,0,0,none,,,,not_in_E_intersection,O-only,19,0,2,21,20,0,0,20,0,1,0,1,2,0,0,1,1
"0,5,37,58",4,4,57,57,1,0,1,0,-1,-1,0,none,,,,not_in_E_intersection,O-only,20,0,2,22,21,0,0,21,0,1,0,1,2,0,0,1,1
"0,5,37,80",56,56,4,4,0,1,0,1,1,1,0,none,,,,not_in_E_intersection,O-only,16,2,2,20,17,2,0,19,0,1,0,1,2,0,0,1,1
"0,5,60,61",4,4,56,56,1,1,1,1,0,0,0,none,,,,not_in_E_intersection,O-only,19,3,2,24,20,3,0,23,0,1,0,1,2,0,0,1,1
"0,6,16,23",40,40,7,7,1,1,1,1,0,0,0,none,,,,not_in_E_intersection,O-only,19,0,2,21,20,0,0,20,0,1,0,1,2,0,0,1,1
"0,6,23,49",7,7,50,50,1,1,1,1,0,0,0,none,,,,not_in_E_intersection,O-only,13,0,2,15,14,0,0,14,0,1,0,1,2,0,0,1,1
"0,6,24,25",51,51,5,5,0,0,0,0,0,0,0,none,,,,not_in_E_intersection,O-only,18,1,2,21,19,1,0,20,0,1,0,1,2,0,0,1,1
"0,6,24,74",78,78,2,2,0,1,0,1,1,1,0,none,,,,not_in_E_intersection,O-only,17,2,3,22,18,2,1,21,0,1,0,1,2,0,0,1,1
"0,6,25,37",46,46,5,5,1,1,1,1,0,0,0,none,,,,not_in_E_intersection,O-only,19,0,2,21,20,0,0,20,0,1,0,1,2,0,0,1,1
"0,6,32,62",5,5,2,2,0,1,0,1,1,1,0,none,,,,not_in_E_intersection,O-only,21,0,2,23,22,0,0,22,0,1,0,1,2,0,0,1,1
"0,6,46,77",1,1,70,70,1,1,1,1,0,0,0,none,,,,not_in_E_intersection,O-only,18,0,2,20,19,0,0,19,0,1,0,1,2,0,0,1,1
"0,7,14,80",8,8,70,70,0,1,0,1,1,1,0,none,,,,not_in_E_intersection,O-only,16,0,2,18,17,0,0,17,0,1,0,1,2,0,0,1,1
"0,7,35,76",2,2,5,5,0,0,0,0,0,0,0,none,,,,not_in_E_intersection,O-only,14,0,2,16,15,0,0,15,0,1,0,1,2,0,0,1,1
"0,8,29,52",60,60,7,7,1,1,1,1,0,0,0,none,,,,not_in_E_intersection,O-only,15,0,2,17,16,0,0,16,0,1,0,1,2,0,0,1,1
"1,10,13,23",41,41,19,37,0,1,0,1,1,1,0,none,,,,not_in_E_intersection,synergy,16,3,2,21,18,2,0,20,0,1,1,1,3,0,0,1,0
"1,10,65,75",64,64,70,70,1,1,1,1,0,0,0,none,,,,not_in_E_intersection,O-only,16,0,2,18,17,0,0,17,0,1,0,1,2,0,0,1,1
"1,11,13,35",37,37,41,41,0,1,0,1,1,1,0,none,,,,not_in_E_intersection,O-only,20,1,2,23,21,1,0,22,0,1,0,1,2,0,0,1,1
"1,11,27,49",51,51,41,41,1,1,1,1,0,0,0,none,,,,not_in_E_intersection,O-only,20,0,2,22,21,0,0,21,0,1,0,1,2,0,0,1,1
"1,11,34,43",27,27,51,51,1,0,1,0,-1,-1,0,none,,,,not_in_E_intersection,O-only,24,0,2,26,25,0,0,25,0,1,0,1,2,0,0,1,1
"1,11,37,50",28,28,10,10,0,0,0,0,0,0,0,none,,,,not_in_E_intersection,O-only,21,0,2,23,22,0,0,22,0,1,0,1,2,0,0,1,1
"1,12,17,32",41,41,29,29,1,0,1,0,-1,-1,0,none,,,,not_in_E_intersection,O-only,21,1,3,25,22,1,0,23,0,1,0,1,2,0,0,1,1
"1,12,27,45",13,13,9,9,1,0,1,0,-1,-1,0,none,,,,not_in_E_intersection,O-only,22,0,2,24,23,0,0,23,0,1,0,1,2,0,0,1,1
"1,12,32,47",31,31,2,2,1,0,1,0,-1,-1,0,none,,,,not_in_E_intersection,O-only,21,0,2,23,22,0,0,22,0,1,0,1,2,0,0,1,1
"1,12,40,68",34,34,29,29,0,1,0,1,1,1,0,none,,,,not_in_E_intersection,O-only,21,2,2,25,22,2,0,24,0,1,0,1,2,0,0,1,1
"1,12,46,62",29,29,34,34,1,0,1,0,-1,-1,0,none,,,,not_in_E_intersection,O-only,22,0,3,25,23,0,0,23,0,1,0,1,2,0,0,1,1
"1,12,57,74",68,68,18,18,1,0,1,0,-1,-1,0,none,,,,not_in_E_intersection,O-only,17,4,3,24,19,3,0,22,0,1,0,1,2,0,0,1,1
"1,13,22,29",58,58,32,32,0,0,0,0,0,0,0,none,,,,not_in_E_intersection,O-only,19,1,2,22,20,1,0,21,0,1,0,1,2,0,0,1,1
"1,13,28,63",64,64,12,12,1,0,1,0,-1,-1,0,none,,,,not_in_E_intersection,O-only,20,0,2,22,21,0,0,21,0,1,0,1,2,0,0,1,1
"1,13,35,57",58,58,27,27,1,1,1,1,0,0,0,none,,,,not_in_E_intersection,O-only,17,0,2,19,18,0,0,18,0,1,0,1,2,0,0,1,1
"1,14,18,31",41,41,9,9,0,1,0,1,1,1,0,none,,,,not_in_E_intersection,O-only,16,1,3,20,18,0,0,18,0,1,0,1,2,0,0,1,1
"1,14,20,33",65,65,13,13,1,1,1,1,0,0,0,none,,,,not_in_E_intersection,O-only,20,0,2,22,21,0,0,21,0,1,0,1,2,0,0,1,1
"1,14,21,46",37,37,51,51,1,0,1,0,-1,-1,0,none,,,,not_in_E_intersection,O-only,20,1,2,23,21,1,0,22,0,1,0,1,2,0,0,1,1
"1,14,25,74",46,46,34,34,0,1,0,1,1,1,0,none,,,,not_in_E_intersection,O-only,21,0,2,23,22,0,0,22,0,1,0,1,2,0,0,1,1
"1,14,26,44",77,77,71,71,1,0,1,0,-1,-1,0,none,,,,not_in_E_intersection,O-only,19,0,2,21,20,0,0,20,0,1,0,1,2,0,0,1,1
"1,14,40,44",37,37,41,41,0,1,0,1,1,1,0,none,,,,not_in_E_intersection,O-only,21,0,3,24,23,0,0,23,0,1,0,1,2,0,0,1,1
"1,14,53,75",46,46,77,77,0,1,0,1,1,1,0,none,,,,not_in_E_intersection,O-only,18,0,2,20,19,0,0,19,0,1,0,1,2,0,0,1,1
"1,14,55,66",15,15,46,46,1,1,1,1,0,0,0,none,,,,not_in_E_intersection,O-only,21,0,2,23,22,0,0,22,0,1,0,1,2,0,0,1,1
"1,15,32,43",55,55,4,4,0,1,0,1,1,1,0,none,,,,not_in_E_intersection,O-only,20,0,2,22,21,0,0,21,0,1,0,1,2,0,0,1,1
"1,15,46,77",14,14,25,25,0,0,0,0,0,0,0,none,,,,not_in_E_intersection,O-only,22,0,2,24,23,0,0,23,0,1,0,1,2,0,0,1,1
"1,15,48,62",78,78,55,55,1,1,1,1,0,0,0,none,,,,not_in_E_intersection,O-only,15,0,2,17,16,0,0,16,0,1,0,1,2,0,0,1,1
"1,17,19,27",46,46,73,73,1,0,1,0,-1,-1,0,none,,,,not_in_E_intersection,O-only,19,0,2,21,20,0,0,20,0,1,0,1,2,0,0,1,1
"1,17,37,45",9,9,73,73,0,1,0,1,1,1,0,none,,,,not_in_E_intersection,O-only,19,0,2,21,20,0,0,20,0,1,0,1,2,0,0,1,1
"1,17,50,51",41,41,34,34,1,1,1,1,0,0,0,none,,,,not_in_E_intersection,O-only,16,1,2,19,17,1,0,18,0,1,0,1,2,0,0,1,1
"1,18,30,73",46,46,10,10,1,1,1,1,0,0,0,none,,,,not_in_E_intersection,O-only,18,0,2,20,19,0,0,19,0,1,0,1,2,0,0,1,1
"1,18,30,76",75,75,46,46,1,0,1,0,-1,-1,0,none,,,,not_in_E_intersection,O-only,14,0,2,16,15,0,0,15,0,1,0,1,2,0,0,1,1
"1,18,55,65",2,2,58,58,1,1,1,1,0,0,0,none,,,,not_in_E_intersection,O-only,20,1,2,23,21,1,0,22,0,1,0,1,2,0,0,1,1
"1,18,69,75",51,51,64,64,1,1,1,1,0,0,0,none,,,,not_in_E_intersection,O-only,21,0,2,23,22,0,0,22,0,1,0,1,2,0,0,1,1
"1,19,21,52",45,45,28,28,1,0,1,0,-1,-1,0,none,,,,not_in_E_intersection,O-only,24,0,2,26,25,0,0,25,0,1,0,1,2,0,0,1,1
"1,19,22,65",55,55,64,64,1,0,1,0,-1,-1,0,none,,,,not_in_E_intersection,O-only,18,0,2,20,19,0,0,19,0,1,0,1,2,0,0,1,1
"1,19,30,39",31,31,10,10,0,1,0,1,1,1,0,none,,,,not_in_E_intersection,O-only,17,2,2,21,18,2,0,20,0,1,0,1,2,0,0,1,1
"1,2,15,43",5,5,4,4,0,1,0,1,1,1,0,none,,,,not_in_E_intersection,O-only,21,0,2,23,22,0,0,22,0,1,0,1,2,0,0,1,1
"1,2,17,25",7,7,18,18,0,1,0,1,1,1,0,none,,,,not_in_E_intersection,O-only,20,0,2,22,21,0,0,21,0,1,0,1,2,0,0,1,1
"1,2,40,70",0,0,10,10,1,0,1,0,-1,-1,0,none,,,,not_in_E_intersection,O-only,23,0,2,25,24,0,0,24,0,1,0,1,2,0,0,1,1
"1,2,57,60",58,58,6,6,1,1,1,1,0,0,0,none,,,,not_in_E_intersection,O-only,17,2,2,21,18,2,0,20,0,1,0,1,2,0,0,1,1
"1,2,66,77",65,65,14,14,1,1,1,1,0,0,0,none,,,,not_in_E_intersection,O-only,16,0,2,18,17,0,0,17,0,1,0,1,2,0,0,1,1
"1,20,23,61",21,21,31,31,1,0,1,0,-1,-1,0,none,,,,not_in_E_intersection,O-only,20,0,2,22,21,0,0,21,0,1,0,1,2,0,0,1,1
"1,20,25,40",70,37,18,18,0,0,1,0,0,-1,-1,none,,,,not_in_E_intersection,O-only,17,1,2,20,18,0,0,18,1,1,0,1,3,0,0,0,1
"1,20,47,59",29,29,2,2,1,1,1,1,0,0,0,none,,,,not_in_E_intersection,O-only,18,0,2,20,19,0,0,19,0,1,0,1,2,0,0,1,1
"1,21,27,74",18,18,11,11,0,1,0,1,1,1,0,none,,,,not_in_E_intersection,O-only,19,0,2,21,20,0,0,20,0,1,0,1,2,0,0,1,1
"1,22,28,29",34,34,46,46,0,0,0,0,0,0,0,none,,,,not_in_E_intersection,O-only,19,1,3,23,21,0,0,21,0,1,0,1,2,0,0,1,1
"1,22,29,54",74,74,21,21,1,1,1,1,0,0,0,none,,,,not_in_E_intersection,O-only,17,0,2,19,18,0,0,18,0,1,0,1,2,0,0,1,1
"1,22,30,41",58,58,31,31,1,0,1,0,-1,-1,0,none,,,,not_in_E_intersection,O-only,19,0,3,22,21,0,0,21,0,1,0,1,2,0,0,1,1
"1,23,28,61",21,21,37,37,1,1,1,1,0,0,0,none,,,,not_in_E_intersection,O-only,23,0,2,25,24,0,0,24,0,1,0,1,2,0,0,1,1
"1,23,31,48",51,51,3,3,1,1,1,1,0,0,0,none,,,,not_in_E_intersection,O-only,20,0,2,22,21,0,0,21,0,1,0,1,2,0,0,1,1
"1,23,33,45",21,21,51,51,1,1,1,1,0,0,0,none,,,,not_in_E_intersection,O-only,18,1,2,21,19,1,0,20,0,1,0,1,2,0,0,1,1
"1,23,34,47",29,29,51,51,1,1,1,1,0,0,0,none,,,,not_in_E_intersection,O-only,21,0,2,23,22,0,0,22,0,1,0,1,2,0,0,1,1
"1,23,39,48",31,31,3,3,1,1,1,1,0,0,0,none,,,,not_in_E_intersection,O-only,19,0,2,21,20,0,0,20,0,1,0,1,2,0,0,1,1
"1,23,41,47",31,31,51,51,0,0,0,0,0,0,0,none,,,,not_in_E_intersection,O-only,17,4,2,23,18,4,0,22,0,1,0,1,2,0,0,1,1
"1,23,48,65",68,68,2,2,1,1,1,1,0,0,0,none,,,,not_in_E_intersection,O-only,15,0,2,17,16,0,0,16,0,1,0,1,2,0,0,1,1
"1,23,65,75",68,68,77,77,0,1,0,1,1,1,0,none,,,,not_in_E_intersection,O-only,17,0,2,19,18,0,0,18,0,1,0,1,2,0,0,1,1
"1,24,30,53",48,48,46,46,0,0,0,0,0,0,0,none,,,,not_in_E_intersection,O-only,11,0,2,13,12,0,0,12,0,1,0,1,2,0,0,1,1
"1,24,31,45",51,51,64,64,1,1,1,1,0,0,0,none,,,,not_in_E_intersection,O-only,21,0,2,23,22,0,0,22,0,1,0,1,2,0,0,1,1
"1,24,33,45",13,13,51,51,1,1,1,1,0,0,0,none,,,,not_in_E_intersection,O-only,20,1,2,23,21,1,0,22,0,1,0,1,2,0,0,1,1
"1,24,34,57",64,64,40,40,0,1,0,1,1,1,0,none,,,,not_in_E_intersection,O-only,14,2,2,18,15,2,0,17,0,1,0,1,2,0,0,1,1
"1,25,51,59",35,21,31,31,1,1,1,1,0,0,0,none,,,,not_in_E_intersection,O-only,16,1,2,19,17,0,0,17,1,1,0,1,3,0,0,0,1
"1,27,36,53",3,3,46,46,0,0,0,0,0,0,0,none,,,,not_in_E_intersection,O-only,21,0,2,23,22,0,0,22,0,1,0,1,2,0,0,1,1
"1,27,61,62",54,54,34,34,1,0,1,0,-1,-1,0,none,,,,not_in_E_intersection,O-only,17,0,2,19,18,0,0,18,0,1,0,1,2,0,0,1,1
"1,28,29,56",61,61,37,37,0,1,0,1,1,1,0,none,,,,not_in_E_intersection,O-only,19,1,2,22,20,1,0,21,0,1,0,1,2,0,0,1,1
"1,28,41,79",71,71,73,73,0,0,0,0,0,0,0,none,,,,not_in_E_intersection,O-only,18,0,2,20,19,0,0,19,0,1,0,1,2,0,0,1,1
"1,28,67,74",11,11,64,64,1,1,1,1,0,0,0,none,,,,not_in_E_intersection,O-only,21,0,3,24,22,0,0,22,0,1,0,1,2,0,0,1,1
"1,29,30,47",31,31,2,2,1,0,1,0,-1,-1,0,none,,,,not_in_E_intersection,O-only,20,0,2,22,21,0,0,21,0,1,0,1,2,0,0,1,1
"1,29,47,54",74,74,2,2,1,1,1,1,0,0,0,none,,,,not_in_E_intersection,O-only,15,1,2,18,16,1,0,17,0,1,0,1,2,0,0,1,1
"1,29,56,58",34,34,2,2,1,1,1,1,0,0,0,none,,,,not_in_E_intersection,O-only,22,0,2,24,23,0,0,23,0,1,0,1,2,0,0,1,1
"1,3,10,18",4,4,27,27,1,1,1,1,0,0,0,none,,,,not_in_E_intersection,O-only,28,1,2,31,29,1,0,30,0,1,0,1,2,0,0,1,1
"1,3,26,34",27,27,6,6,1,1,1,1,0,0,0,none,,,,not_in_E_intersection,O-only,23,0,2,25,24,0,0,24,0,1,0,1,2,0,0,1,1
"1,3,29,35",5,5,8,8,1,0,1,0,-1,-1,0,none,,,,not_in_E_intersection,O-only,19,1,3,23,20,1,0,21,0,1,0,1,2,0,0,1,1
"1,3,53,70",7,7,13,13,1,1,1,1,0,0,0,none,,,,not_in_E_intersection,O-only,19,0,2,21,20,0,0,20,0,1,0,1,2,0,0,1,1
"1,3,9,40",2,2,0,0,1,1,1,1,0,0,0,none,,,,not_in_E_intersection,O-only,18,3,2,23,19,3,0,22,0,1,0,1,2,0,0,1,1
"1,30,41,68",14,14,57,57,1,0,1,0,-1,-1,0,none,,,,not_in_E_intersection,O-only,19,0,2,21,20,0,0,20,0,1,0,1,2,0,0,1,1
"1,31,69,70",71,71,61,61,1,1,1,1,0,0,0,none,,,,not_in_E_intersection,O-only,22,0,2,24,23,0,0,23,0,1,0,1,2,0,0,1,1
"1,32,47,60",52,52,20,20,1,0,1,0,-1,-1,0,none,,,,not_in_E_intersection,O-only,15,0,2,17,16,0,0,16,0,1,0,1,2,0,0,1,1
"1,33,42,74",23,23,51,51,0,0,0,0,0,0,0,none,,,,not_in_E_intersection,O-only,15,1,2,18,16,1,0,17,0,1,0,1,2,0,0,1,1
"1,33,43,59",3,3,51,51,0,1,0,1,1,1,0,none,,,,not_in_E_intersection,O-only,18,0,2,20,19,0,0,19,0,1,0,1,2,0,0,1,1
"1,33,57,61",41,41,51,51,1,0,1,0,-1,-1,0,none,,,,not_in_E_intersection,O-only,20,1,3,24,21,1,0,22,0,1,0,1,2,0,0,1,1
"1,33,58,68",34,34,28,28,0,0,0,0,0,0,0,none,,,,not_in_E_intersection,O-only,19,0,2,21,20,0,0,20,0,1,0,1,2,0,0,1,1
"1,34,39,61",41,41,25,25,0,1,0,1,1,1,0,none,,,,not_in_E_intersection,O-only,21,0,2,23,22,0,0,22,0,1,0,1,2,0,0,1,1
"1,34,44,49",58,58,4,4,1,0,1,0,-1,-1,0,none,,,,not_in_E_intersection,O-only,19,0,2,21,20,0,0,20,0,1,0,1,2,0,0,1,1
"1,34,47,59",58,58,51,51,1,0,1,0,-1,-1,0,none,,,,not_in_E_intersection,O-only,22,0,2,24,23,0,0,23,0,1,0,1,2,0,0,1,1
"1,34,49,77",27,27,25,25,0,0,0,0,0,0,0,none,,,,not_in_E_intersection,O-only,16,0,2,18,17,0,0,17,0,1,0,1,2,0,0,1,1
"1,35,41,68",28,28,5,5,0,1,0,1,1,1,0,none,,,,not_in_E_intersection,O-only,23,0,2,25,24,0,0,24,0,1,0,1,2,0,0,1,1
"1,35,47,61",56,56,28,28,1,1,1,1,0,0,0,none,,,,not_in_E_intersection,O-only,21,0,2,23,22,0,0,22,0,1,0,1,2,0,0,1,1
"1,36,58,68",18,18,41,41,1,0,1,0,-1,-1,0,none,,,,not_in_E_intersection,O-only,23,0,2,25,24,0,0,24,0,1,0,1,2,0,0,1,1
"1,38,40,45",37,37,64,64,1,1,1,1,0,0,0,none,,,,not_in_E_intersection,O-only,16,0,3,19,18,0,0,18,0,1,0,1,2,0,0,1,1
"1,38,61,62",55,55,71,71,1,0,1,0,-1,-1,0,none,,,,not_in_E_intersection,O-only,16,0,2,18,17,0,0,17,0,1,0,1,2,0,0,1,1
"1,39,40,67",37,37,31,31,0,0,0,0,0,0,0,none,,,,not_in_E_intersection,O-only,20,0,2,22,21,0,0,21,0,1,0,1,2,0,0,1,1
"1,39,41,50",36,36,11,11,0,0,0,0,0,0,0,none,,,,not_in_E_intersection,O-only,18,0,2,20,19,0,0,19,0,1,0,1,2,0,0,1,1
"1,39,56,74",47,47,11,11,0,1,0,1,1,1,0,none,,,,not_in_E_intersection,O-only,13,0,2,15,14,0,0,14,0,1,0,1,2,0,0,1,1
"1,4,19,24",36,36,5,5,0,0,0,0,0,0,0,none,,,,not_in_E_intersection,O-only,19,2,2,23,20,2,0,22,0,1,0,1,2,0,0,1,1
"1,4,26,40",6,6,8,8,1,1,1,1,0,0,0,none,,,,not_in_E_intersection,O-only,16,1,2,19,17,1,0,18,0,1,0,1,2,0,0,1,1
"1,4,40,70",0,0,10,10,1,0,1,0,-1,-1,0,none,,,,not_in_E_intersection,O-only,21,0,2,23,22,0,0,22,0,1,0,1,2,0,0,1,1
"1,40,45,58",13,13,18,18,0,1,0,1,1,1,0,none,,,,not_in_E_intersection,O-only,19,0,2,21,20,0,0,20,0,1,0,1,2,0,0,1,1
"1,40,47,56",31,31,64,64,1,0,1,0,-1,-1,0,none,,,,not_in_E_intersection,O-only,20,0,2,22,21,0,0,21,0,1,0,1,2,0,0,1,1
"1,41,43,75",36,36,64,64,0,1,0,1,1,1,0,none,,,,not_in_E_intersection,O-only,21,0,2,23,22,0,0,22,0,1,0,1,2,0,0,1,1
"1,42,48,61",58,58,51,51,1,0,1,0,-1,-1,0,none,,,,not_in_E_intersection,O-only,16,0,2,18,17,0,0,17,0,1,0,1,2,0,0,1,1
"1,43,45,49",52,52,51,51,1,1,1,1,0,0,0,none,,,,not_in_E_intersection,O-only,20,0,2,22,21,0,0,21,0,1,0,1,2,0,0,1,1
"1,43,51,57",67,21,31,31,1,1,1,1,0,0,0,none,,,,not_in_E_intersection,O-only,17,1,2,20,18,0,0,18,1,1,0,1,3,0,0,0,1
"1,43,60,74",36,36,34,34,1,1,1,1,0,0,0,none,,,,not_in_E_intersection,O-only,15,0,2,17,16,0,0,16,0,1,0,1,2,0,0,1,1
"1,43,61,64",13,13,31,31,0,0,0,0,0,0,0,none,,,,not_in_E_intersection,O-only,17,1,2,20,18,1,0,19,0,1,0,1,2,0,0,1,1
"1,47,65,66",2,2,71,71,0,0,0,0,0,0,0,none,,,,not_in_E_intersection,O-only,21,0,2,23,22,0,0,22,0,1,0,1,2,0,0,1,1
"1,49,56,59",55,55,61,61,0,0,0,0,0,0,0,none,,,,not_in_E_intersection,O-only,18,0,2,20,19,0,0,19,0,1,0,1,2,0,0,1,1
"1,5,29,49",41,41,9,9,1,1,1,1,0,0,0,none,,,,not_in_E_intersection,O-only,19,2,2,23,20,2,0,22,0,1,0,1,2,0,0,1,1
"1,55,62,64",58,58,54,54,0,0,0,0,0,0,0,none,,,,not_in_E_intersection,O-only,15,1,2,18,16,1,0,17,0,1,0,1,2,0,0,1,1
"1,6,30,61",46,46,51,51,1,1,1,1,0,0,0,none,,,,not_in_E_intersection,O-only,15,1,2,18,16,1,0,17,0,1,0,1,2,0,0,1,1
"1,69,70,76",13,13,64,64,1,1,1,1,0,0,0,none,,,,not_in_E_intersection,O-only,25,0,2,27,26,0,0,26,0,1,0,1,2,0,0,1,1
"1,7,9,20",39,39,0,0,1,0,1,0,-1,-1,0,none,,,,not_in_E_intersection,O-only,17,0,2,19,18,0,0,18,0,1,0,1,2,0,0,1,1
"1,9,17,21",41,41,10,10,0,1,0,1,1,1,0,none,,,,not_in_E_intersection,O-only,16,3,3,22,18,3,0,21,0,1,0,1,2,0,0,1,1
"1,9,52,60",12,12,16,16,1,1,1,1,0,0,0,none,,,,not_in_E_intersection,O-only,13,0,2,15,14,0,0,14,0,1,0,1,2,0,0,1,1
"10,11,15,48",36,36,3,3,1,0,1,0,-1,-1,0,none,,,,not_in_E_intersection,O-only,20,2,2,24,21,2,0,23,0,1,0,1,2,0,0,1,1
"10,11,22,47",38,38,2,2,1,1,1,1,0,0,0,none,,,,not_in_E_intersection,O-only,17,3,3,23,19,3,0,22,0,1,0,1,2,0,0,1,1
"10,11,32,51",12,12,27,27,1,0,1,0,-1,-1,0,none,,,,not_in_E_intersection,O-only,20,1,2,23,21,1,0,22,0,1,0,1,2,0,0,1,1
"10,11,66,69",67,67,15,15,0,1,0,1,1,1,0,none,,,,not_in_E_intersection,O-only,19,2,2,23,20,2,0,22,0,1,0,1,2,0,0,1,1
"10,13,20,23",37,37,14,14,0,1,0,1,1,1,0,none,,,,not_in_E_intersection,O-only,18,3,2,23,19,3,0,22,0,1,0,1,2,0,0,1,1
"10,13,31,34",43,43,27,27,0,0,0,0,0,0,0,none,,,,not_in_E_intersection,O-only,23,1,3,27,25,1,0,26,0,1,0,1,2,0,0,1,1
"10,14,25,49",17,17,13,13,0,0,0,0,0,0,0,none,,,,not_in_E_intersection,O-only,22,0,2,24,23,0,0,23,0,1,0,1,2,0,0,1,1
"10,14,40,56",46,46,24,24,0,0,0,0,0,0,0,none,,,,not_in_E_intersection,O-only,20,2,2,24,21,2,0,23,0,1,0,1,2,0,0,1,1
"10,14,47,59",15,15,2,2,1,0,1,0,-1,-1,0,none,,,,not_in_E_intersection,O-only,24,0,2,26,25,0,0,25,0,1,0,1,2,0,0,1,1
"10,15,38,56",11,11,66,66,1,1,1,1,0,0,0,none,,,,not_in_E_intersection,O-only,23,0,2,25,24,0,0,24,0,1,0,1,2,0,0,1,1
"10,16,30,41",11,11,40,40,0,1,0,1,1,1,0,none,,,,not_in_E_intersection,O-only,22,0,2,24,23,0,0,23,0,1,0,1,2,0,0,1,1
"10,20,22,34",29,29,60,60,1,1,1,1,0,0,0,none,,,,not_in_E_intersection,O-only,24,1,2,27,25,1,0,26,0,1,0,1,2,0,0,1,1
"10,23,39,67",43,43,15,15,0,0,0,0,0,0,0,none,,,,not_in_E_intersection,O-only,23,0,2,25,24,0,0,24,0,1,0,1,2,0,0,1,1
"10,24,34,49",40,40,4,4,1,1,1,1,0,0,0,none,,,,not_in_E_intersection,O-only,21,0,2,23,22,0,0,22,0,1,0,1,2,0,0,1,1
"10,32,33,41",13,13,29,29,1,0,1,0,-1,-1,0,none,,,,not_in_E_intersection,O-only,21,0,2,23,22,0,0,22,0,1,0,1,2,0,0,1,1
"11,13,30,58",14,14,41,41,0,1,0,1,1,1,0,none,,,,not_in_E_intersection,O-only,22,0,2,24,23,0,0,23,0,1,0,1,2,0,0,1,1
"11,19,33,40",49,49,24,24,1,1,1,1,0,0,0,none,,,,not_in_E_intersection,O-only,18,0,2,20,19,0,0,19,0,1,0,1,2,0,0,1,1
"11,20,41,59",50,50,29,29,1,0,1,0,-1,-1,0,none,,,,not_in_E_intersection,O-only,20,1,2,23,21,1,0,22,0,1,0,1,2,0,0,1,1
"11,20,42,60",51,51,38,38,0,0,0,0,0,0,0,none,,,,not_in_E_intersection,O-only,21,1,2,24,22,1,0,23,0,1,0,1,2,0,0,1,1
"11,22,40,51",31,31,67,67,0,0,0,0,0,0,0,none,,,,not_in_E_intersection,O-only,25,0,3,28,27,0,0,27,0,1,0,1,2,0,0,1,1
"11,22,41,69",49,49,19,19,0,0,0,0,0,0,0,none,,,,not_in_E_intersection,O-only,18,0,2,20,19,0,0,19,0,1,0,1,2,0,0,1,1
"11,24,39,58",48,48,51,51,0,1,0,1,1,1,0,none,,,,not_in_E_intersection,O-only,16,0,2,18,17,0,0,17,0,1,0,1,2,0,0,1,1
"11,24,43,65",51,51,19,19,0,0,0,0,0,0,0,none,,,,not_in_E_intersection,O-only,20,0,2,22,21,0,0,21,0,1,0,1,2,0,0,1,1
"11,25,41,47",15,15,57,57,0,1,0,1,1,1,0,none,,,,not_in_E_intersection,O-only,21,2,2,25,22,2,0,24,0,1,0,1,2,0,0,1,1
"11,29,31,57",41,41,38,38,0,0,0,0,0,0,0,none,,,,not_in_E_intersection,O-only,24,0,2,26,25,0,0,25,0,1,0,1,2,0,0,1,1
"11,29,33,46",56,56,51,51,1,0,1,0,-1,-1,0,none,,,,not_in_E_intersection,O-only,20,0,2,22,21,0,0,21,0,1,0,1,2,0,0,1,1
"11,31,34,65",29,29,27,27,1,0,1,0,-1,-1,0,none,,,,not_in_E_intersection,O-only,19,0,2,21,20,0,0,20,0,1,0,1,2,0,0,1,1
"11,31,37,66",28,28,21,21,0,0,0,0,0,0,0,none,,,,not_in_E_intersection,O-only,22,0,2,24,23,0,0,23,0,1,0,1,2,0,0,1,1
"11,32,33,40",13,13,16,16,1,0,1,0,-1,-1,0,none,,,,not_in_E_intersection,O-only,21,0,2,23,22,0,0,22,0,1,0,1,2,0,0,1,1
"11,33,49,58",41,41,13,13,0,1,0,1,1,1,0,none,,,,not_in_E_intersection,O-only,21,0,2,23,22,0,0,22,0,1,0,1,2,0,0,1,1
"11,38,40,67",68,68,4,4,0,0,0,0,0,0,0,none,,,,not_in_E_intersection,O-only,23,1,3,27,25,1,0,26,0,1,0,1,2,0,0,1,1
"11,46,47,58",57,57,19,19,1,1,1,1,0,0,0,none,,,,not_in_E_intersection,O-only,22,0,2,24,23,0,0,23,0,1,0,1,2,0,0,1,1
"11,46,47,68",56,56,74,74,1,1,1,1,0,0,0,none,,,,not_in_E_intersection,O-only,23,0,2,25,24,0,0,24,0,1,0,1,2,0,0,1,1
"11,48,57,59",51,51,3,3,1,1,1,1,0,0,0,none,,,,not_in_E_intersection,O-only,25,0,2,27,26,0,0,26,0,1,0,1,2,0,0,1,1
"11,49,51,58",46,46,13,13,0,0,0,0,0,0,0,none,,,,not_in_E_intersection,O-only,23,0,2,25,24,0,0,24,0,1,0,1,2,0,0,1,1
"12,13,41,68",14,14,23,23,0,0,0,0,0,0,0,none,,,,not_in_E_intersection,O-only,23,0,2,25,24,0,0,24,0,1,0,1,2,0,0,1,1
"12,13,50,67",58,58,45,45,1,1,1,1,0,0,0,none,,,,not_in_E_intersection,O-only,21,0,2,23,22,0,0,22,0,1,0,1,2,0,0,1,1
"12,20,30,40",57,57,48,48,0,1,0,1,1,1,0,none,,,,not_in_E_intersection,O-only,17,5,3,25,19,4,0,23,0,1,0,1,2,0,0,1,1
"12,20,39,50",30,30,66,66,1,0,1,0,-1,-1,0,none,,,,not_in_E_intersection,O-only,18,4,3,25,19,4,1,24,0,1,0,1,2,0,0,1,1
"12,20,41,46",14,14,36,36,0,1,0,1,1,1,0,none,,,,not_in_E_intersection,O-only,25,0,2,27,26,0,0,26,0,1,0,1,2,0,0,1,1
"12,21,22,30",42,42,18,18,0,1,0,1,1,1,0,none,,,,not_in_E_intersection,O-only,20,2,2,24,21,2,0,23,0,1,0,1,2,0,0,1,1
"12,21,29,43",75,75,13,13,0,0,0,0,0,0,0,none,,,,not_in_E_intersection,O-only,26,0,2,28,27,0,0,27,0,1,0,1,2,0,0,1,1
"12,21,37,42",30,30,18,18,0,1,0,1,1,1,0,none,,,,not_in_E_intersection,O-only,20,2,2,24,21,2,0,23,0,1,0,1,2,0,0,1,1
"12,22,34,37",42,42,46,46,1,0,1,0,-1,-1,0,none,,,,not_in_E_intersection,O-only,24,0,2,26,25,0,0,25,0,1,0,1,2,0,0,1,1
"12,22,37,43",19,19,36,36,0,1,0,1,1,1,0,none,,,,not_in_E_intersection,O-only,22,0,2,24,23,0,0,23,0,1,0,1,2,0,0,1,1
"12,23,28,49",68,68,33,33,1,1,1,1,0,0,0,none,,,,not_in_E_intersection,O-only,22,0,2,24,23,0,0,23,0,1,0,1,2,0,0,1,1
"12,23,41,52",32,32,68,68,0,0,0,0,0,0,0,none,,,,not_in_E_intersection,O-only,27,0,3,30,28,0,0,28,0,1,0,1,2,0,0,1,1
"12,30,31,50",42,42,40,40,1,0,1,0,-1,-1,0,none,,,,not_in_E_intersection,O-only,20,1,2,23,21,1,0,22,0,1,0,1,2,0,0,1,1
"12,30,32,46",29,29,40,40,0,0,0,0,0,0,0,none,,,,not_in_E_intersection,O-only,19,0,3,22,20,0,1,21,0,1,0,1,2,0,0,1,1
"12,30,50,66",40,40,42,42,0,0,0,0,0,0,0,none,,,,not_in_E_intersection,O-only,20,3,2,25,21,3,0,24,0,1,0,1,2,0,0,1,1
"12,31,52,58",22,22,28,28,0,1,0,1,1,1,0,none,,,,not_in_E_intersection,O-only,21,2,2,25,22,2,0,24,0,1,0,1,2,0,0,1,1
"12,31,56,58",32,32,57,57,0,0,0,0,0,0,0,none,,,,not_in_E_intersection,O-only,25,0,2,27,26,0,0,26,0,1,0,1,2,0,0,1,1
"12,32,51,66",21,21,42,42,0,0,0,0,0,0,0,none,,,,not_in_E_intersection,O-only,25,0,2,27,26,0,0,26,0,1,0,1,2,0,0,1,1
"12,38,51,67",11,11,68,68,0,0,0,0,0,0,0,none,,,,not_in_E_intersection,O-only,24,0,2,26,25,0,0,25,0,1,0,1,2,0,0,1,1
"12,39,50,58",66,66,42,42,1,1,1,1,0,0,0,none,,,,not_in_E_intersection,O-only,23,0,2,25,24,0,0,24,0,1,0,1,2,0,0,1,1
"12,49,56,58",4,4,57,57,1,0,1,0,-1,-1,0,none,,,,not_in_E_intersection,O-only,23,0,2,25,24,0,0,24,0,1,0,1,2,0,0,1,1
"13,21,31,41",58,58,49,49,1,0,1,0,-1,-1,0,none,,,,not_in_E_intersection,O-only,19,5,3,27,21,4,0,25,0,1,0,1,2,0,0,1,1
"13,22,38,60",76,76,58,58,0,0,0,0,0,0,0,none,,,,not_in_E_intersection,O-only,21,0,2,23,22,0,0,22,0,1,0,1,2,0,0,1,1
"13,22,47,58",30,30,2,2,0,1,0,1,1,1,0,none,,,,not_in_E_intersection,O-only,19,3,2,24,20,3,0,23,0,1,0,1,2,0,0,1,1
"13,30,57,59",29,29,58,58,1,0,1,0,-1,-1,0,none,,,,not_in_E_intersection,O-only,25,0,2,27,26,0,0,26,0,1,0,1,2,0,0,1,1
"13,39,56,58",59,59,32,32,1,1,1,1,0,0,0,none,,,,not_in_E_intersection,O-only,22,0,2,24,23,0,0,23,0,1,0,1,2,0,0,1,1
"13,47,49,60",52,52,15,15,1,0,1,0,-1,-1,0,none,,,,not_in_E_intersection,O-only,20,0,2,22,21,0,0,21,0,1,0,1,2,0,0,1,1
"2,10,21,41",40,40,1,1,1,1,1,1,0,0,0,none,,,,not_in_E_intersection,O-only,21,0,3,24,22,0,1,23,0,1,0,1,2,0,0,1,1
"2,10,31,48",32,32,47,47,1,1,1,1,0,0,0,none,,,,not_in_E_intersection,O-only,18,0,2,20,19,0,0,19,0,1,0,1,2,0,0,1,1
"2,10,36,66",65,65,40,40,0,0,0,0,0,0,0,none,,,,not_in_E_intersection,O-only,19,3,3,25,20,3,0,23,0,1,0,1,2,0,0,1,1
"2,10,41,60",40,40,3,3,1,1,1,1,0,0,0,none,,,,not_in_E_intersection,O-only,21,0,2,23,22,0,0,22,0,1,0,1,2,0,0,1,1
"2,10,42,53",65,65,3,3,1,0,1,0,-1,-1,0,none,,,,not_in_E_intersection,O-only,15,0,2,17,16,0,0,16,0,1,0,1,2,0,0,1,1
"2,10,53,61",3,3,17,17,1,0,1,0,-1,-1,0,none,,,,not_in_E_intersection,O-only,13,0,2,15,14,0,0,14,0,1,0,1,2,0,0,1,1
"2,10,53,78",15,15,74,74,0,1,0,1,1,1,0,none,,,,not_in_E_intersection,O-only,17,0,2,19,18,0,0,18,0,1,0,1,2,0,0,1,1
"2,10,67,75",55,55,3,3,1,1,1,1,0,0,0,none,,,,not_in_E_intersection,O-only,18,0,3,21,20,0,0,20,0,1,0,1,2,0,0,1,1
"2,10,69,77",65,65,6,6,0,1,0,1,1,1,0,none,,,,not_in_E_intersection,O-only,15,0,2,17,16,0,0,16,0,1,0,1,2,0,0,1,1
"2,11,27,58",18,18,65,65,0,1,0,1,1,1,0,none,,,,not_in_E_intersection,O-only,23,0,2,25,24,0,0,24,0,1,0,1,2,0,0,1,1
"2,11,57,59",56,56,47,47,1,1,1,1,0,0,0,none,,,,not_in_E_intersection,O-only,23,0,2,25,24,0,0,24,0,1,0,1,2,0,0,1,1
"2,12,13,46",52,52,10,10,0,0,0,0,0,0,0,none,,,,not_in_E_intersection,O-only,23,0,2,25,24,0,0,24,0,1,0,1,2,0,0,1,1
"2,12,14,16",42,42,52,52,1,0,1,0,-1,-1,0,none,,,,not_in_E_intersection,O-only,18,2,2,22,19,2,0,21,0,1,0,1,2,0,0,1,1
"2,12,20,30",40,40,29,29,1,0,1,0,-1,-1,0,none,,,,not_in_E_intersection,O-only,16,4,3,23,17,4,1,22,0,1,0,1,2,0,0,1,1
"2,12,46,70",65,65,52,52,1,0,1,0,-1,-1,0,none,,,,not_in_E_intersection,O-only,17,0,2,19,18,0,0,18,0,1,0,1,2,0,0,1,1
"2,13,15,41",11,11,47,47,1,0,1,0,-1,-1,0,none,,,,not_in_E_intersection,O-only,20,0,2,22,21,0,0,21,0,1,0,1,2,0,0,1,1
"2,13,15,42",33,33,9,9,0,0,0,0,0,0,0,none,,,,not_in_E_intersection,O-only,17,3,3,23,19,2,0,21,0,1,0,1,2,0,0,1,1
"2,13,15,49",10,10,47,47,1,0,1,0,-1,-1,0,none,,,,not_in_E_intersection,O-only,20,0,2,22,21,0,0,21,0,1,0,1,2,0,0,1,1
"2,13,28,46",14,14,10,10,1,0,1,0,-1,-1,0,none,,,,not_in_E_intersection,O-only,23,0,2,25,24,0,0,24,0,1,0,1,2,0,0,1,1
"2,13,54,69",6,6,64,64,1,1,1,1,0,0,0,none,,,,not_in_E_intersection,O-only,20,0,2,22,21,0,0,21,0,1,0,1,2,0,0,1,1
"2,14,23,30",59,59,33,33,0,1,0,1,1,1,0,none,,,,not_in_E_intersection,O-only,21,1,2,24,22,1,0,23,0,1,0,1,2,0,0,1,1
"2,14,26,30",6,6,21,21,0,1,0,1,1,1,0,none,,,,not_in_E_intersection,O-only,21,0,3,24,22,0,1,23,0,1,0,1,2,0,0,1,1
"2,15,18,44",36,36,78,78,1,0,1,0,-1,-1,0,none,,,,not_in_E_intersection,O-only,18,0,3,21,19,0,0,19,0,1,0,1,2,0,0,1,1
"2,15,22,47",38,38,52,52,1,0,1,0,-1,-1,0,none,,,,not_in_E_intersection,O-only,19,1,2,22,20,1,0,21,0,1,0,1,2,0,0,1,1
"2,15,24,26",42,42,78,78,0,0,0,0,0,0,0,none,,,,not_in_E_intersection,O-only,24,0,2,26,25,0,0,25,0,1,0,1,2,0,0,1,1
"2,15,24,38",78,47,42,42,0,1,0,1,1,1,0,none,,,,not_in_E_intersection,O-only,20,2,3,25,21,1,1,23,1,1,0,1,3,0,0,0,1
"2,15,30,49",39,39,42,42,1,0,1,0,-1,-1,0,none,,,,not_in_E_intersection,O-only,16,0,2,18,17,0,0,17,0,1,0,1,2,0,0,1,1
"2,15,36,38",47,47,4,4,1,1,1,1,0,0,0,none,,,,not_in_E_intersection,O-only,24,0,2,26,25,0,0,25,0,1,0,1,2,0,0,1,1
"2,15,38,43",47,47,10,10,1,0,1,0,-1,-1,0,none,,,,not_in_E_intersection,O-only,24,0,2,26,25,0,0,25,0,1,0,1,2,0,0,1,1
"2,15,39,59",42,42,47,47,1,1,1,1,0,0,0,none,,,,not_in_E_intersection,O-only,21,1,2,24,22,1,0,23,0,1,0,1,2,0,0,1,1
"2,15,53,64",13,13,74,74,1,1,1,1,0,0,0,none,,,,not_in_E_intersection,O-only,11,0,2,13,12,0,0,12,0,1,0,1,2,0,0,1,1
"2,16,22,68",52,52,5,5,1,0,1,0,-1,-1,0,none,,,,not_in_E_intersection,O-only,24,0,2,26,25,0,0,25,0,1,0,1,2,0,0,1,1
"2,16,58,59",42,42,56,56,1,0,1,0,-1,-1,0,none,,,,not_in_E_intersection,O-only,18,1,2,21,19,1,0,20,0,1,0,1,2,0,0,1,1
"2,19,21,27",22,22,18,18,0,1,0,1,1,1,0,none,,,,not_in_E_intersection,O-only,20,0,3,23,21,0,0,21,0,1,0,1,2,0,0,1,1
"2,19,31,41",11,11,58,58,1,1,1,1,0,0,0,none,,,,not_in_E_intersection,O-only,20,1,2,23,21,1,0,22,0,1,0,1,2,0,0,1,1
"2,19,31,77",76,76,47,47,1,1,1,1,0,0,0,none,,,,not_in_E_intersection,O-only,14,0,2,16,15,0,0,15,0,1,0,1,2,0,0,1,1
"2,19,34,51",24,24,59,59,0,1,0,1,1,1,0,none,,,,not_in_E_intersection,O-only,16,0,2,18,17,0,0,17,0,1,0,1,2,0,0,1,1
"2,20,24,37",47,47,42,42,1,1,1,1,0,0,0,none,,,,not_in_E_intersection,O-only,20,0,2,22,21,0,0,21,0,1,0,1,2,0,0,1,1
"2,20,31,40",32,32,11,11,0,1,0,1,1,1,0,none,,,,not_in_E_intersection,O-only,17,2,2,21,18,2,0,20,0,1,0,1,2,0,0,1,1
"2,20,34,46",25,25,74,74,0,0,0,0,0,0,0,none,,,,not_in_E_intersection,O-only,22,0,2,24,23,0,0,23,0,1,0,1,2,0,0,1,1
"2,21,26,41",18,18,19,19,0,0,0,0,0,0,0,none,,,,not_in_E_intersection,O-only,17,1,2,20,18,1,0,19,0,1,0,1,2,0,0,1,1
"2,21,39,41",1,1,11,11,1,1,1,1,0,0,0,none,,,,not_in_E_intersection,O-only,19,0,2,21,20,0,0,20,0,1,0,1,2,0,0,1,1
"2,21,46,48",22,22,47,47,0,1,0,1,1,1,0,none,,,,not_in_E_intersection,O-only,20,0,2,22,21,0,0,21,0,1,0,1,2,0,0,1,1
"2,21,48,62",12,12,32,32,1,1,1,1,0,0,0,none,,,,not_in_E_intersection,O-only,19,0,2,21,20,0,0,20,0,1,0,1,2,0,0,1,1
"2,22,23,36",42,42,18,18,1,1,1,1,0,0,0,none,,,,not_in_E_intersection,O-only,21,0,2,23,22,0,0,22,0,1,0,1,2,0,0,1,1
"2,22,25,56",20,20,18,18,1,1,1,1,0,0,0,none,,,,not_in_E_intersection,O-only,19,0,2,21,20,0,0,20,0,1,0,1,2,0,0,1,1
"2,22,28,56",29,29,11,11,1,1,1,1,0,0,0,none,,,,not_in_E_intersection,O-only,23,1,2,26,24,1,0,25,0,1,0,1,2,0,0,1,1
"2,22,30,78",62,62,54,54,1,1,1,1,0,0,0,none,,,,not_in_E_intersection,O-only,19,0,2,21,20,0,0,20,0,1,0,1,2,0,0,1,1
"2,22,47,67",35,35,19,19,0,0,0,0,0,0,0,none,,,,not_in_E_intersection,O-only,18,1,2,21,19,1,0,20,0,1,0,1,2,0,0,1,1
"2,22,51,59",19,19,42,42,1,1,1,1,0,0,0,none,,,,not_in_E_intersection,O-only,21,0,2,23,22,0,0,22,0,1,0,1,2,0,0,1,1
"2,23,26,39",18,18,7,7,1,1,1,1,0,0,0,none,,,,not_in_E_intersection,O-only,20,0,2,22,21,0,0,21,0,1,0,1,2,0,0,1,1
"2,23,35,77",59,59,27,27,0,1,0,1,1,1,0,none,,,,not_in_E_intersection,O-only,20,0,2,22,21,0,0,21,0,1,0,1,2,0,0,1,1
"2,23,58,67",13,13,47,47,1,1,1,1,0,0,0,none,,,,not_in_E_intersection,O-only,21,0,2,23,22,0,0,22,0,1,0,1,2,0,0,1,1
"2,24,40,49",32,32,4,4,0,1,0,1,1,1,0,none,,,,not_in_E_intersection,O-only,21,0,2,23,22,0,0,22,0,1,0,1,2,0,0,1,1
"2,24,66,68",65,65,14,14,1,1,1,1,0,0,0,none,,,,not_in_E_intersection,O-only,19,0,2,21,20,0,0,20,0,1,0,1,2,0,0,1,1
"2,26,32,64",74,74,16,16,0,0,0,0,0,0,0,none,,,,not_in_E_intersection,O-only,22,0,2,24,23,0,0,23,0,1,0,1,2,0,0,1,1
"2,26,46,50",6,6,52,52,0,0,0,0,0,0,0,none,,,,not_in_E_intersection,O-only,23,0,2,25,24,0,0,24,0,1,0,1,2,0,0,1,1
"2,27,33,59",32,32,35,35,0,0,0,0,0,0,0,none,,,,not_in_E_intersection,O-only,20,2,2,24,21,2,0,23,0,1,0,1,2,0,0,1,1
"2,27,50,77",5,5,32,32,1,1,1,1,0,0,0,none,,,,not_in_E_intersection,O-only,18,0,2,20,19,0,0,19,0,1,0,1,2,0,0,1,1
"2,28,41,61",68,68,52,52,1,0,1,0,-1,-1,0,none,,,,not_in_E_intersection,O-only,19,0,2,21,20,0,0,20,0,1,0,1,2,0,0,1,1
"2,29,40,48",56,56,32,32,0,0,0,0,0,0,0,none,,,,not_in_E_intersection,O-only,25,0,2,27,26,0,0,26,0,1,0,1,2,0,0,1,1
"2,29,41,57",65,65,38,38,1,1,1,1,0,0,0,none,,,,not_in_E_intersection,O-only,24,0,2,26,25,0,0,25,0,1,0,1,2,0,0,1,1
"2,29,45,51",47,47,65,65,1,1,1,1,0,0,0,none,,,,not_in_E_intersection,O-only,19,0,2,21,20,0,0,20,0,1,0,1,2,0,0,1,1
"2,3,23,62",74,74,22,22,0,0,0,0,0,0,0,none,,,,not_in_E_intersection,O-only,16,2,2,20,17,2,0,19,0,1,0,1,2,0,0,1,1
"2,30,49,60",22,22,52,52,1,1,1,1,0,0,0,none,,,,not_in_E_intersection,O-only,18,0,2,20,19,0,0,19,0,1,0,1,2,0,0,1,1
"2,31,37,58",42,42,47,47,0,1,0,1,1,1,0,none,,,,not_in_E_intersection,O-only,24,1,2,27,25,1,0,26,0,1,0,1,2,0,0,1,1
"2,31,38,41",11,11,32,32,1,1,1,1,0,0,0,none,,,,not_in_E_intersection,O-only,19,3,2,24,20,3,0,23,0,1,0,1,2,0,0,1,1
"2,32,46,78",6,6,28,28,0,1,0,1,1,1,0,none,,,,not_in_E_intersection,O-only,16,1,2,19,17,1,0,18,0,1,0,1,2,0,0,1,1
"2,32,53,74",29,29,62,62,1,1,1,1,0,0,0,none,,,,not_in_E_intersection,O-only,20,0,2,22,21,0,0,21,0,1,0,1,2,0,0,1,1
"2,32,66,69",42,42,65,65,0,0,0,0,0,0,0,none,,,,not_in_E_intersection,O-only,23,0,2,25,24,0,0,24,0,1,0,1,2,0,0,1,1
"2,33,48,58",32,32,42,42,0,1,0,1,1,1,0,none,,,,not_in_E_intersection,O-only,22,0,2,24,23,0,0,23,0,1,0,1,2,0,0,1,1
"2,38,40,57",41,41,29,29,1,1,1,1,0,0,0,none,,,,not_in_E_intersection,O-only,19,0,2,21,20,0,0,20,0,1,0,1,2,0,0,1,1
"2,38,41,48",47,47,65,65,0,0,0,0,0,0,0,none,,,,not_in_E_intersection,O-only,17,3,2,22,18,3,0,21,0,1,0,1,2,0,0,1,1
"2,4,27,30",36,36,3,3,1,1,1,1,0,0,0,none,,,,not_in_E_intersection,O-only,27,1,3,31,29,0,0,29,0,1,0,1,2,0,0,1,1
"2,4,29,69",38,38,6,6,0,0,0,0,0,0,0,none,,,,not_in_E_intersection,O-only,20,0,2,22,21,0,0,21,0,1,0,1,2,0,0,1,1
"2,4,31,48",32,32,3,3,1,1,1,1,0,0,0,none,,,,not_in_E_intersection,O-only,23,0,2,25,24,0,0,24,0,1,0,1,2,0,0,1,1
"2,4,31,62",5,5,32,32,1,1,1,1,0,0,0,none,,,,not_in_E_intersection,O-only,20,0,2,22,21,0,0,21,0,1,0,1,2,0,0,1,1
"2,40,57,60",10,10,56,56,0,1,0,1,1,1,0,none,,,,not_in_E_intersection,O-only,19,0,2,21,20,0,0,20,0,1,0,1,2,0,0,1,1
"2,44,46,50",53,53,52,52,0,1,0,1,1,1,0,none,,,,not_in_E_intersection,O-only,20,0,2,22,21,0,0,21,0,1,0,1,2,0,0,1,1
"2,46,48,58",47,47,52,52,0,0,0,0,0,0,0,none,,,,not_in_E_intersection,O-only,25,0,3,28,26,0,1,27,0,1,0,1,2,0,0,1,1
"2,46,56,68",11,28,65,65,0,1,1,1,1,0,-1,none,,,,not_in_E_intersection,O-only,19,2,3,24,20,1,0,21,1,1,0,1,3,0,0,0,1
"2,48,52,59",60,60,42,42,0,1,0,1,1,1,0,none,,,,not_in_E_intersection,O-only,17,3,2,22,18,3,0,21,0,1,0,1,2,0,0,1,1
"2,5,16,27",6,6,35,35,1,1,1,1,0,0,0,none,,,,not_in_E_intersection,O-only,22,0,2,24,23,0,0,23,0,1,0,1,2,0,0,1,1
"2,5,16,40",56,56,4,4,1,1,1,1,0,0,0,none,,,,not_in_E_intersection,O-only,24,0,2,26,25,0,0,25,0,1,0,1,2,0,0,1,1
"2,5,28,69",4,4,35,35,1,1,1,1,0,0,0,none,,,,not_in_E_intersection,O-only,22,0,2,24,23,0,0,23,0,1,0,1,2,0,0,1,1
"2,5,50,52",6,6,26,26,1,0,1,0,-1,-1,0,none,,,,not_in_E_intersection,O-only,15,2,2,19,16,2,0,18,0,1,0,1,2,0,0,1,1
"2,6,12,51",42,42,18,18,1,1,1,1,0,0,0,none,,,,not_in_E_intersection,O-only,23,0,2,25,24,0,0,24,0,1,0,1,2,0,0,1,1
"20,23,30,33",47,47,24,24,1,0,1,0,-1,-1,0,none,,,,not_in_E_intersection,O-only,16,3,2,21,17,3,0,20,0,1,0,1,2,0,0,1,1
"22,30,40,50",67,67,58,58,0,0,0,0,0,0,0,none,,,,not_in_E_intersection,O-only,19,5,3,27,21,4,0,25,0,1,0,1,2,0,0,1,1
"3,10,14,61",4,4,54,54,1,1,1,1,0,0,0,none,,,,not_in_E_intersection,O-only,24,0,2,26,25,0,0,25,0,1,0,1,2,0,0,1,1
"3,11,22,42",74,74,2,2,0,0,0,0,0,0,0,none,,,,not_in_E_intersection,O-only,20,0,3,23,21,0,0,21,0,1,0,1,2,0,0,1,1
"3,11,32,55",15,15,27,27,0,0,0,0,0,0,0,none,,,,not_in_E_intersection,O-only,20,0,2,22,21,0,0,21,0,1,0,1,2,0,0,1,1
"3,11,46,70",53,53,14,14,0,1,0,1,1,1,0,none,,,,not_in_E_intersection,O-only,22,0,2,24,23,0,0,23,0,1,0,1,2,0,0,1,1
"3,12,24,37",75,75,19,19,1,1,1,1,0,0,0,none,,,,not_in_E_intersection,O-only,22,0,2,24,23,0,0,23,0,1,0,1,2,0,0,1,1
"3,12,51,61",11,11,75,75,1,0,1,0,-1,-1,0,none,,,,not_in_E_intersection,O-only,23,0,2,25,24,0,0,24,0,1,0,1,2,0,0,1,1
"3,13,15,77",14,14,53,53,0,1,0,1,1,1,0,none,,,,not_in_E_intersection,O-only,24,0,2,26,25,0,0,25,0,1,0,1,2,0,0,1,1
"3,13,20,38",14,14,29,29,0,0,0,0,0,0,0,none,,,,not_in_E_intersection,O-only,25,0,2,27,26,0,0,26,0,1,0,1,2,0,0,1,1
"3,13,30,67",27,27,4,4,0,1,0,1,1,1,0,none,,,,not_in_E_intersection,O-only,20,2,2,24,21,2,0,23,0,1,0,1,2,0,0,1,1
"3,13,64,65",37,37,45,45,1,1,1,1,0,0,0,none,,,,not_in_E_intersection,O-only,20,1,2,23,21,1,0,22,0,1,0,1,2,0,0,1,1
"3,14,16,43",34,34,10,10,0,0,0,0,0,0,0,none,,,,not_in_E_intersection,O-only,19,3,3,25,21,2,0,23,0,1,0,1,2,0,0,1,1
"3,14,27,50",66,66,23,23,1,0,1,0,-1,-1,0,none,,,,not_in_E_intersection,O-only,19,0,2,21,20,0,0,20,0,1,0,1,2,0,0,1,1
"3,14,29,57",30,30,59,59,1,1,1,1,0,0,0,none,,,,not_in_E_intersection,O-only,26,0,2,28,27,0,0,27,0,1,0,1,2,0,0,1,1
"3,15,44,77",14,14,53,53,1,1,1,1,0,0,0,none,,,,not_in_E_intersection,O-only,22,0,2,24,23,0,0,23,0,1,0,1,2,0,0,1,1
"3,15,59,77",14,14,5,5,1,1,1,1,0,0,0,none,,,,not_in_E_intersection,O-only,25,0,3,28,26,0,1,27,0,1,0,1,2,0,0,1,1
"3,16,23,48",39,39,24,24,1,0,1,0,-1,-1,0,none,,,,not_in_E_intersection,O-only,17,1,2,20,18,1,0,19,0,1,0,1,2,0,0,1,1
"3,16,39,44",48,48,11,11,0,0,0,0,0,0,0,none,,,,not_in_E_intersection,O-only,22,0,2,24,23,0,0,23,0,1,0,1,2,0,0,1,1
"3,19,39,58",59,59,30,30,1,1,1,1,0,0,0,none,,,,not_in_E_intersection,O-only,22,0,2,24,23,0,0,23,0,1,0,1,2,0,0,1,1
"3,19,42,56",66,66,59,59,0,0,0,0,0,0,0,none,,,,not_in_E_intersection,O-only,20,0,2,22,21,0,0,21,0,1,0,1,2,0,0,1,1
"3,20,23,52",47,47,12,12,1,1,1,1,0,0,0,none,,,,not_in_E_intersection,O-only,18,0,2,20,19,0,0,19,0,1,0,1,2,0,0,1,1
"3,20,23,57",47,47,12,12,0,1,0,1,1,1,0,none,,,,not_in_E_intersection,O-only,21,1,3,25,22,1,0,23,0,1,0,1,2,0,0,1,1
"3,20,24,44",25,25,14,14,1,0,1,0,-1,-1,0,none,,,,not_in_E_intersection,O-only,22,0,2,24,23,0,0,23,0,1,0,1,2,0,0,1,1
"3,20,33,47",23,23,11,11,1,1,1,1,0,0,0,none,,,,not_in_E_intersection,O-only,23,0,2,25,24,0,0,24,0,1,0,1,2,0,0,1,1
"3,21,32,35",30,30,27,27,1,1,1,1,0,0,0,none,,,,not_in_E_intersection,O-only,20,0,3,23,21,0,1,22,0,1,0,1,2,0,0,1,1
"3,21,49,57",29,29,25,25,1,0,1,0,-1,-1,0,none,,,,not_in_E_intersection,O-only,14,4,2,20,15,4,0,19,0,1,0,1,2,0,0,1,1
"3,21,58,60",66,66,48,48,0,0,0,0,0,0,0,none,,,,not_in_E_intersection,O-only,20,0,2,22,21,0,0,21,0,1,0,1,2,0,0,1,1
"3,22,43,70",67,67,10,10,1,0,1,0,-1,-1,0,none,,,,not_in_E_intersection,O-only,20,0,2,22,21,0,0,21,0,1,0,1,2,0,0,1,1
"3,22,47,49",23,23,48,48,0,0,0,0,0,0,0,none,,,,not_in_E_intersection,O-only,23,0,2,25,24,0,0,24,0,1,0,1,2,0,0,1,1
"3,23,24,37",43,43,19,19,0,1,0,1,1,1,0,none,,,,not_in_E_intersection,O-only,21,0,2,23,22,0,0,22,0,1,0,1,2,0,0,1,1
"3,23,35,41",32,32,5,5,1,1,1,1,0,0,0,none,,,,not_in_E_intersection,O-only,21,0,2,23,22,0,0,22,0,1,0,1,2,0,0,1,1
"3,23,36,44",43,43,27,27,0,1,0,1,1,1,0,none,,,,not_in_E_intersection,O-only,21,0,2,23,22,0,0,22,0,1,0,1,2,0,0,1,1
"3,23,37,53",46,46,20,20,0,0,0,0,0,0,0,none,,,,not_in_E_intersection,O-only,21,1,2,24,22,1,0,23,0,1,0,1,2,0,0,1,1
"3,24,41,57",48,48,33,33,1,0,1,0,-1,-1,0,none,,,,not_in_E_intersection,O-only,24,0,2,26,25,0,0,25,0,1,0,1,2,0,0,1,1
"3,24,56,65",33,33,2,2,0,0,0,0,0,0,0,none,,,,not_in_E_intersection,O-only,21,0,2,23,22,0,0,22,0,1,0,1,2,0,0,1,1
"3,25,40,76",13,13,37,37,0,1,0,1,1,1,0,none,,,,not_in_E_intersection,O-only,19,1,2,22,20,1,0,21,0,1,0,1,2,0,0,1,1
"3,25,67,69",66,66,15,15,0,1,0,1,1,1,0,none,,,,not_in_E_intersection,O-only,22,0,2,24,23,0,0,23,0,1,0,1,2,0,0,1,1
"3,28,30,34",4,4,66,66,0,0,0,0,0,0,0,none,,,,not_in_E_intersection,O-only,24,2,3,29,25,3,0,28,0,1,0,1,2,0,0,1,1
"3,28,30,41",31,31,33,33,1,1,1,1,0,0,0,none,,,,not_in_E_intersection,O-only,20,2,3,25,22,1,0,23,0,1,0,1,2,0,0,1,1
"3,28,40,56",37,37,48,48,1,1,1,1,0,0,0,none,,,,not_in_E_intersection,O-only,22,0,2,24,23,0,0,23,0,1,0,1,2,0,0,1,1
"3,28,48,67",37,37,55,55,1,1,1,1,0,0,0,none,,,,not_in_E_intersection,O-only,21,1,3,25,22,1,0,23,0,1,0,1,2,0,0,1,1
"3,29,31,69",30,30,39,39,1,1,1,1,0,0,0,none,,,,not_in_E_intersection,O-only,19,0,2,21,20,0,0,20,0,1,0,1,2,0,0,1,1
"3,29,42,69",6,6,59,59,0,0,0,0,0,0,0,none,,,,not_in_E_intersection,O-only,22,0,2,24,23,0,0,23,0,1,0,1,2,0,0,1,1
"3,29,51,55",48,48,15,15,1,1,1,1,0,0,0,none,,,,not_in_E_intersection,O-only,22,0,2,24,23,0,0,23,0,1,0,1,2,0,0,1,1
"3,30,33,40",39,39,66,66,0,0,0,0,0,0,0,none,,,,not_in_E_intersection,O-only,20,2,2,24,21,2,0,23,0,1,0,1,2,0,0,1,1
"3,30,36,70",43,43,66,66,0,0,0,0,0,0,0,none,,,,not_in_E_intersection,O-only,23,0,2,25,24,0,0,24,0,1,0,1,2,0,0,1,1
"3,30,41,49",57,57,33,33,0,1,0,1,1,1,0,none,,,,not_in_E_intersection,O-only,24,0,2,26,25,0,0,25,0,1,0,1,2,0,0,1,1
"3,30,46,52",48,48,66,66,1,0,1,0,-1,-1,0,none,,,,not_in_E_intersection,O-only,19,0,2,21,20,0,0,20,0,1,0,1,2,0,0,1,1
"3,30,46,59",19,19,14,14,1,1,1,1,0,0,0,none,,,,not_in_E_intersection,O-only,25,0,2,27,26,0,0,26,0,1,0,1,2,0,0,1,1
"3,31,59,70",37,37,42,42,1,0,1,0,-1,-1,0,none,,,,not_in_E_intersection,O-only,21,2,2,25,22,2,0,24,0,1,0,1,2,0,0,1,1
"3,32,38,59",43,43,48,48,1,1,1,1,0,0,0,none,,,,not_in_E_intersection,O-only,24,1,2,27,25,1,0,26,0,1,0,1,2,0,0,1,1
"3,32,48,65",33,33,59,59,0,1,0,1,1,1,0,none,,,,not_in_E_intersection,O-only,21,1,3,25,23,1,0,24,0,1,0,1,2,0,0,1,1
"3,32,57,59",33,33,48,48,1,1,1,1,0,0,0,none,,,,not_in_E_intersection,O-only,24,1,2,27,25,1,0,26,0,1,0,1,2,0,0,1,1
"3,33,38,68",65,65,43,43,1,1,1,1,0,0,0,none,,,,not_in_E_intersection,O-only,18,0,2,20,19,0,0,19,0,1,0,1,2,0,0,1,1
"3,34,44,59",66,66,60,60,1,0,1,0,-1,-1,0,none,,,,not_in_E_intersection,O-only,24,0,2,26,25,0,0,25,0,1,0,1,2,0,0,1,1
"3,34,50,59",43,43,66,66,1,0,1,0,-1,-1,0,none,,,,not_in_E_intersection,O-only,28,0,3,31,30,0,0,30,0,1,0,1,2,0,0,1,1
"3,35,65,67",66,66,27,27,0,1,0,1,1,1,0,none,,,,not_in_E_intersection,O-only,23,0,2,25,24,0,0,24,0,1,0,1,2,0,0,1,1
"3,36,39,57",27,27,43,43,0,0,0,0,0,0,0,none,,,,not_in_E_intersection,O-only,24,2,3,29,25,3,0,28,0,1,0,1,2,0,0,1,1
"3,37,39,49",48,48,19,19,0,0,0,0,0,0,0,none,,,,not_in_E_intersection,O-only,18,2,2,22,19,2,0,21,0,1,0,1,2,0,0,1,1
"3,39,49,55",4,4,15,15,1,1,1,1,0,0,0,none,,,,not_in_E_intersection,O-only,22,1,2,25,23,1,0,24,0,1,0,1,2,0,0,1,1
"3,39,57,69",6,6,29,29,1,0,1,0,-1,-1,0,none,,,,not_in_E_intersection,O-only,17,3,2,22,18,3,0,21,0,1,0,1,2,0,0,1,1
"3,4,32,59",5,5,14,14,1,1,1,1,0,0,0,none,,,,not_in_E_intersection,O-only,23,0,2,25,24,0,0,24,0,1,0,1,2,0,0,1,1
"3,4,41,58",49,49,36,36,0,0,0,0,0,0,0,none,,,,not_in_E_intersection,O-only,21,0,2,23,22,0,0,22,0,1,0,1,2,0,0,1,1
"3,41,57,69",66,66,39,39,1,0,1,0,-1,-1,0,none,,,,not_in_E_intersection,O-only,20,0,2,22,21,0,0,21,0,1,0,1,2,0,0,1,1
"3,41,70,76",25,25,37,37,1,1,1,1,0,0,0,none,,,,not_in_E_intersection,O-only,17,0,2,19,18,0,0,18,0,1,0,1,2,0,0,1,1
"3,47,48,52",40,40,66,57,0,0,0,1,0,1,1,none,,,,not_in_E_intersection,synergy,15,2,2,19,17,1,0,18,0,1,1,1,3,0,0,1,0
"3,47,50,55",48,48,23,23,1,1,1,1,0,0,0,none,,,,not_in_E_intersection,O-only,20,0,2,22,21,0,0,21,0,1,0,1,2,0,0,1,1
"3,5,13,29",6,6,53,53,1,1,1,1,0,0,0,none,,,,not_in_E_intersection,O-only,17,3,2,22,18,3,0,21,0,1,0,1,2,0,0,1,1
"3,5,20,40",0,0,8,8,1,1,1,1,0,0,0,none,,,,not_in_E_intersection,O-only,21,0,2,23,22,0,0,22,0,1,0,1,2,0,0,1,1
"3,57,59,68",29,29,48,48,1,0,1,0,-1,-1,0,none,,,,not_in_E_intersection,O-only,19,1,2,22,20,1,0,21,0,1,0,1,2,0,0,1,1
"4,10,12,22",67,67,15,15,0,1,0,1,1,1,0,none,,,,not_in_E_intersection,O-only,20,2,2,24,21,2,0,23,0,1,0,1,2,0,0,1,1
"4,10,22,41",40,40,36,36,1,1,1,1,0,0,0,none,,,,not_in_E_intersection,O-only,21,1,2,24,22,1,0,23,0,1,0,1,2,0,0,1,1
"4,10,58,66",38,38,40,40,1,0,1,0,-1,-1,0,none,,,,not_in_E_intersection,O-only,15,4,2,21,16,4,0,20,0,1,0,1,2,0,0,1,1
"4,11,46,52",14,14,56,56,1,1,1,1,0,0,0,none,,,,not_in_E_intersection,O-only,20,0,2,22,21,0,0,21,0,1,0,1,2,0,0,1,1
"4,12,23,41",11,11,32,32,1,1,1,1,0,0,0,none,,,,not_in_E_intersection,O-only,23,0,2,25,24,0,0,24,0,1,0,1,2,0,0,1,1
"4,12,51,69",75,75,24,24,0,1,0,1,1,1,0,none,,,,not_in_E_intersection,O-only,22,0,2,24,23,0,0,23,0,1,0,1,2,0,0,1,1
"4,13,29,52",76,76,12,12,1,0,1,0,-1,-1,0,none,,,,not_in_E_intersection,O-only,21,0,2,23,22,0,0,22,0,1,0,1,2,0,0,1,1
"4,13,48,60",3,3,58,58,1,1,1,1,0,0,0,none,,,,not_in_E_intersection,O-only,23,0,2,25,24,0,0,24,0,1,0,1,2,0,0,1,1
"4,19,22,58",28,28,26,26,0,0,0,0,0,0,0,none,,,,not_in_E_intersection,O-only,23,2,2,27,24,2,0,26,0,1,0,1,2,0,0,1,1
"4,19,29,57",49,49,5,5,0,0,0,0,0,0,0,none,,,,not_in_E_intersection,O-only,24,0,2,26,25,0,0,25,0,1,0,1,2,0,0,1,1
"4,19,31,37",5,5,28,28,1,1,1,1,0,0,0,none,,,,not_in_E_intersection,O-only,27,1,3,31,29,0,0,29,0,1,0,1,2,0,0,1,1
"4,20,33,59",60,60,3,3,0,0,0,0,0,0,0,none,,,,not_in_E_intersection,O-only,22,0,2,24,23,0,0,23,0,1,0,1,2,0,0,1,1
"4,21,37,66",15,15,10,10,1,0,1,0,-1,-1,0,none,,,,not_in_E_intersection,O-only,23,1,2,26,24,1,0,25,0,1,0,1,2,0,0,1,1
"4,21,38,48",20,14,12,12,0,0,0,0,0,0,0,none,,,,not_in_E_intersection,O-only,19,1,2,22,20,0,0,20,1,1,0,1,3,0,0,0,1
"4,21,48,50",20,20,49,49,1,0,1,0,-1,-1,0,none,,,,not_in_E_intersection,O-only,23,0,2,25,24,0,0,24,0,1,0,1,2,0,0,1,1
"4,21,58,59",13,13,26,26,1,1,1,1,0,0,0,none,,,,not_in_E_intersection,O-only,19,0,2,21,20,0,0,20,0,1,0,1,2,0,0,1,1
"4,29,30,51",31,31,34,34,1,1,1,1,0,0,0,none,,,,not_in_E_intersection,O-only,19,0,2,21,20,0,0,20,0,1,0,1,2,0,0,1,1
"4,29,37,58",56,56,67,67,0,0,0,0,0,0,0,none,,,,not_in_E_intersection,O-only,22,0,2,24,23,0,0,23,0,1,0,1,2,0,0,1,1
"4,29,56,58",28,28,20,20,0,1,0,1,1,1,0,none,,,,not_in_E_intersection,O-only,22,1,2,25,23,1,0,24,0,1,0,1,2,0,0,1,1
"4,30,47,49",50,50,23,23,1,1,1,1,0,0,0,none,,,,not_in_E_intersection,O-only,22,0,2,24,23,0,0,23,0,1,0,1,2,0,0,1,1
"4,36,41,51",43,43,67,67,0,0,0,0,0,0,0,none,,,,not_in_E_intersection,O-only,17,1,2,20,18,1,0,19,0,1,0,1,2,0,0,1,1
"4,38,40,51",43,43,6,6,0,1,0,1,1,1,0,none,,,,not_in_E_intersection,O-only,20,0,2,22,21,0,0,21,0,1,0,1,2,0,0,1,1
"4,38,52,64",43,43,76,76,0,1,0,1,1,1,0,none,,,,not_in_E_intersection,O-only,19,0,2,21,20,0,0,20,0,1,0,1,2,0,0,1,1
"4,39,55,68",67,67,28,28,1,0,1,0,-1,-1,0,none,,,,not_in_E_intersection,O-only,20,0,2,22,21,0,0,21,0,1,0,1,2,0,0,1,1
"4,39,58,66",36,36,67,67,1,0,1,0,-1,-1,0,none,,,,not_in_E_intersection,O-only,20,2,2,24,21,2,0,23,0,1,0,1,2,0,0,1,1
"4,40,56,59",16,16,49,49,1,0,1,0,-1,-1,0,none,,,,not_in_E_intersection,O-only,21,1,2,24,22,1,0,23,0,1,0,1,2,0,0,1,1
