canonical_parent,stratum,y00_T,y01_TO,y10_TE,y11_raw,E_effect_O0,E_effect_O1,interaction
"0,1,10,14",overlap,1,1,0,0,-1,-1,0
"0,1,10,24",E1_only,,0,,1,,1,
"0,1,11,29",E1_only,,0,,0,,0,
"0,1,12,67",E1_only,,0,,1,,1,
"0,1,16,20",E0_only,1,,0,,-1,,
"0,1,17,79",E1_only,,0,,0,,0,
"0,1,19,27",E0_only,0,,0,,0,,
"0,1,19,57",E1_only,,1,,1,,0,
"0,1,22,40",E1_only,,1,,1,,0,
"0,1,25,31",E0_only,1,,0,,-1,,
"0,1,29,32",E1_only,,1,,0,,-1,
"0,1,30,60",E1_only,,0,,0,,0,
"0,1,34,51",overlap,1,1,1,1,0,0,0
"0,1,36,57",E1_only,,1,,0,,-1,
"0,1,37,41",E1_only,,0,,1,,1,
"0,1,4,70",E1_only,,1,,1,,0,
"0,1,40,68",E1_only,,1,,1,,0,
"0,1,5,47",E0_only,0,,1,,1,,
"0,1,5,68",E0_only,0,,0,,0,,
"0,1,5,71",E1_only,,1,,1,,0,
"0,1,6,12",E0_only,1,,1,,0,,
"0,1,64,69",E1_only,,1,,1,,0,
"0,1,7,65",E0_only,1,,0,,-1,,
"0,1,73,75",E1_only,,1,,0,,-1,
"0,1,8,58",E0_only,1,,1,,0,,
"0,1,9,16",overlap,1,1,1,1,0,0,0
"0,1,9,31",E0_only,0,,1,,1,,
"0,10,11,48",E1_only,,0,,1,,1,
"0,10,12,57",E0_only,0,,0,,0,,
"0,10,16,56",E0_only,1,,1,,0,,
"0,10,24,76",E1_only,,1,,1,,0,
"0,10,33,61",E0_only,0,,0,,0,,
"0,10,43,70",E1_only,,1,,1,,0,
"0,11,13,40",E0_only,1,,0,,-1,,
"0,11,14,23",E1_only,,0,,1,,1,
"0,11,14,33",E1_only,,1,,1,,0,
"0,11,14,50",overlap,0,0,0,0,0,0,0
"0,11,20,32",E0_only,1,,1,,0,,
"0,11,20,56",E0_only,0,,0,,0,,
"0,11,28,30",E1_only,,1,,0,,-1,
"0,11,29,39",E1_only,,0,,1,,1,
"0,11,31,44",E1_only,,0,,1,,1,
"0,11,31,57",E0_only,1,,0,,-1,,
"0,11,33,39",E0_only,0,,0,,0,,
"0,11,33,41",overlap,0,0,1,1,1,1,0
"0,11,33,67",overlap,0,0,0,0,0,0,0
"0,11,43,58",E0_only,1,,0,,-1,,
"0,11,44,68",E0_only,1,,1,,0,,
"0,11,66,71",E0_only,1,,0,,-1,,
"0,12,20,38",E1_only,,0,,1,,1,
"0,12,20,50",E0_only,0,,0,,0,,
"0,12,26,61",E1_only,,0,,0,,0,
"0,12,30,40",E1_only,,1,,0,,-1,
"0,12,31,39",overlap,0,0,0,0,0,0,0
"0,12,50,66",E1_only,,0,,0,,0,
"0,12,57,67",E1_only,,1,,0,,-1,
"0,13,21,30",E0_only,0,,1,,1,,
"0,13,22,25",E1_only,,1,,1,,0,
"0,13,22,33",E0_only,0,,1,,1,,
"0,13,23,55",E0_only,0,,0,,0,,
"0,13,23,66",E1_only,,1,,1,,0,
"0,13,35,43",E1_only,,0,,0,,0,
"0,14,22,50",E1_only,,1,,0,,-1,
"0,14,22,52",E0_only,1,,1,,0,,
"0,14,22,56",overlap,1,1,1,1,0,0,0
"0,14,29,73",E1_only,,0,,0,,0,
"0,14,34,58",overlap,0,0,1,1,1,1,0
"0,14,39,56",overlap,1,1,0,0,-1,-1,0
"0,14,60,64",E1_only,,1,,1,,0,
"0,15,22,33",E1_only,,1,,0,,-1,
"0,15,51,59",E0_only,0,,1,,1,,
"0,15,52,68",E1_only,,1,,1,,0,
"0,16,26,50",E0_only,1,,1,,0,,
"0,16,33,47",E1_only,,1,,0,,-1,
"0,16,35,53",E1_only,,0,,1,,1,
"0,16,35,67",E0_only,1,,0,,-1,,
"0,16,40,56",E1_only,,1,,1,,0,
"0,16,40,59",E0_only,1,,1,,0,,
"0,16,60,76",E1_only,,0,,1,,1,
"0,16,78,79",overlap,0,0,0,0,0,0,0
"0,17,23,26",overlap,0,0,0,0,0,0,0
"0,17,68,69",E1_only,,0,,0,,0,
"0,2,10,36",E1_only,,1,,1,,0,
"0,2,12,32",E1_only,,0,,1,,1,
"0,2,13,44",E0_only,1,,1,,0,,
"0,2,17,21",E1_only,,0,,1,,1,
"0,2,24,56",E1_only,,0,,1,,1,
"0,2,26,62",E1_only,,0,,0,,0,
"0,2,3,25",E1_only,,0,,1,,1,
"0,2,3,68",overlap,0,0,1,1,1,1,0
"0,2,30,46",E0_only,0,,0,,0,,
"0,2,30,60",E0_only,0,,1,,1,,
"0,2,32,38",E1_only,,0,,0,,0,
"0,2,32,46",E0_only,0,,0,,0,,
"0,2,36,76",E1_only,,1,,1,,0,
"0,2,42,46",E1_only,,0,,1,,1,
"0,2,5,12",E1_only,,0,,0,,0,
"0,2,6,74",E0_only,0,,0,,0,,
"0,2,63,76",E1_only,,0,,1,,1,
"0,2,8,39",E0_only,0,,0,,0,,
"0,20,21,31",overlap,0,0,0,0,0,0,0
"0,20,26,50",E0_only,1,,0,,-1,,
"0,20,31,40",E0_only,1,,1,,0,,
"0,20,40,41",E0_only,1,,1,,0,,
"0,21,22,61",overlap,1,1,1,1,0,0,0
"0,21,30,41",E0_only,1,,0,,-1,,
"0,21,52,60",E1_only,,1,,0,,-1,
"0,21,59,61",E1_only,,1,,0,,-1,
"0,22,23,39",E0_only,0,,1,,1,,
"0,22,26,56",E1_only,,1,,1,,0,
"0,22,50,78",E0_only,1,,0,,-1,,
"0,22,51,66",E0_only,1,,1,,0,,
"0,23,26,48",E1_only,,1,,1,,0,
"0,23,33,39",E1_only,,1,,0,,-1,
"0,23,41,50",overlap,0,0,0,0,0,0,0
"0,24,30,76",E1_only,,0,,0,,0,
"0,24,40,48",E1_only,,1,,1,,0,
"0,24,42,67",E0_only,1,,1,,0,,
"0,24,56,62",E1_only,,0,,1,,1,
"0,24,58,76",E1_only,,1,,1,,0,
"0,25,40,50",E1_only,,1,,1,,0,
"0,25,43,52",E0_only,0,,1,,1,,
"0,25,43,57",E1_only,,0,,0,,0,
"0,26,52,61",E1_only,,0,,1,,1,
"0,26,53,78",E0_only,0,,0,,0,,
"0,26,57,61",overlap,1,1,1,1,0,0,0
"0,26,61,62",E0_only,1,,0,,-1,,
"0,26,62,78",E1_only,,1,,1,,0,
"0,3,10,37",E1_only,,0,,0,,0,
"0,3,11,14",E1_only,,1,,0,,-1,
"0,3,12,45",E0_only,0,,1,,1,,
"0,3,13,49",E0_only,1,,1,,0,,
"0,3,14,52",E1_only,,0,,0,,0,
"0,3,15,29",E0_only,0,,1,,1,,
"0,3,19,39",E1_only,,0,,1,,1,
"0,3,20,62",E1_only,,0,,1,,1,
"0,3,20,64",E1_only,,0,,0,,0,
"0,3,22,45",overlap,0,0,1,1,1,1,0
"0,3,23,47",E1_only,,0,,1,,1,
"0,3,23,57",E0_only,1,,1,,0,,
"0,3,23,64",E0_only,0,,1,,1,,
"0,3,23,70",E1_only,,1,,1,,0,
"0,3,23,71",overlap,0,0,0,0,0,0,0
"0,3,4,17",E0_only,1,,1,,0,,
"0,3,4,21",E1_only,,0,,0,,0,
"0,3,5,58",E1_only,,1,,1,,0,
"0,3,50,58",overlap,0,0,1,1,1,1,0
"0,3,55,66",overlap,1,1,1,1,0,0,0
"0,3,6,19",overlap,0,0,1,1,1,1,0
"0,3,6,41",E1_only,,0,,1,,1,
"0,3,6,67",E1_only,,0,,1,,1,
"0,3,7,29",E0_only,0,,0,,0,,
"0,3,8,42",E1_only,,0,,1,,1,
"0,30,31,33",E1_only,,1,,0,,-1,
"0,30,32,44",E1_only,,1,,1,,0,
"0,31,33,57",E0_only,0,,0,,0,,
"0,31,40,76",E0_only,0,,0,,0,,
"0,32,60,76",E1_only,,1,,1,,0,
"0,33,40,59",E1_only,,0,,1,,1,
"0,33,50,78",E0_only,1,,1,,0,,
"0,4,12,22",E1_only,,1,,1,,0,
"0,4,12,76",E1_only,,0,,1,,1,
"0,4,21,22",E0_only,0,,0,,0,,
"0,4,22,49",E0_only,1,,0,,-1,,
"0,4,22,73",E1_only,,1,,0,,-1,
"0,4,24,51",E1_only,,1,,1,,0,
"0,4,30,42",E1_only,,1,,0,,-1,
"0,4,33,64",overlap,1,1,0,0,-1,-1,0
"0,4,38,64",overlap,1,1,1,1,0,0,0
"0,4,40,58",E1_only,,1,,0,,-1,
"0,4,5,16",E1_only,,1,,1,,0,
"0,4,5,40",E0_only,0,,1,,1,,
"0,4,5,67",overlap,0,0,0,0,0,0,0
"0,4,5,71",E0_only,1,,1,,0,,
"0,4,5,75",E0_only,1,,0,,-1,,
"0,4,58,73",E0_only,0,,0,,0,,
"0,4,6,22",E0_only,1,,1,,0,,
"0,4,6,57",E0_only,1,,0,,-1,,
"0,4,7,45",E1_only,,0,,0,,0,
"0,4,7,52",E0_only,1,,1,,0,,
"0,40,43,50",E0_only,1,,0,,-1,,
"0,41,43,44",E0_only,1,,0,,-1,,
"0,41,43,58",E1_only,,0,,1,,1,
"0,41,44,70",E0_only,0,,1,,1,,
"0,5,10,37",E0_only,0,,0,,0,,
"0,5,15,61",E0_only,1,,1,,0,,
"0,5,15,65",E0_only,1,,0,,-1,,
"0,5,19,30",E0_only,1,,1,,0,,
"0,5,24,47",E0_only,0,,1,,1,,
"0,5,24,60",E0_only,1,,0,,-1,,
"0,5,28,39",E1_only,,0,,0,,0,
"0,5,30,38",E1_only,,0,,0,,0,
"0,5,30,75",E1_only,,1,,1,,0,
"0,5,33,39",E1_only,,0,,1,,1,
"0,5,35,71",E1_only,,1,,0,,-1,
"0,5,48,57",E1_only,,1,,1,,0,
"0,5,57,64",E1_only,,1,,0,,-1,
"0,5,57,70",E0_only,1,,1,,0,,
"0,5,6,78",overlap,1,1,0,0,-1,-1,0
"0,5,7,48",E0_only,1,,1,,0,,
"0,50,62,70",E1_only,,1,,0,,-1,
"0,6,13,25",E1_only,,1,,0,,-1,
"0,6,13,33",E0_only,0,,0,,0,,
"0,6,16,42",overlap,1,1,1,1,0,0,0
"0,6,16,77",E0_only,1,,0,,-1,,
"0,6,20,60",E1_only,,0,,1,,1,
"0,6,24,76",E1_only,,0,,1,,1,
"0,6,69,78",overlap,1,1,1,1,0,0,0
"0,6,70,74",E0_only,1,,0,,-1,,
"0,6,74,78",E0_only,0,,0,,0,,
"0,7,10,11",E1_only,,0,,1,,1,
"0,7,13,33",E1_only,,0,,0,,0,
"0,7,13,70",E0_only,1,,0,,-1,,
"0,7,20,32",E1_only,,1,,1,,0,
"0,7,24,50",E1_only,,1,,1,,0,
"0,7,40,48",overlap,0,0,0,0,0,0,0
"0,7,43,73",overlap,0,0,0,0,0,0,0
"0,7,51,70",overlap,0,0,1,1,1,1,0
"0,7,60,62",E0_only,0,,0,,0,,
"0,7,72,80",E1_only,,1,,1,,0,
"0,8,22,56",E1_only,,1,,1,,0,
"0,8,29,39",E0_only,1,,0,,-1,,
"1,10,11,20",E0_only,0,,0,,0,,
"1,10,14,46",E1_only,,1,,1,,0,
"1,10,16,23",E0_only,0,,1,,1,,
"1,10,20,37",E0_only,0,,1,,1,,
"1,10,27,67",E1_only,,0,,1,,1,
"1,10,28,51",E1_only,,0,,0,,0,
"1,10,30,41",overlap,0,1,1,1,1,0,-1
"1,10,31,78",E1_only,,1,,1,,0,
"1,10,34,47",E0_only,1,,1,,0,,
"1,10,36,37",E1_only,,1,,0,,-1,
"1,10,36,61",E0_only,0,,1,,1,,
"1,10,37,47",E0_only,0,,0,,0,,
"1,10,37,54",E1_only,,1,,1,,0,
"1,10,38,63",E0_only,1,,1,,0,,
"1,10,40,73",E0_only,0,,1,,1,,
"1,10,41,64",E0_only,1,,0,,-1,,
"1,10,46,49",E1_only,,0,,1,,1,
"1,10,46,71",E1_only,,1,,1,,0,
"1,10,46,75",E0_only,1,,1,,0,,
"1,10,55,62",overlap,1,1,1,1,0,0,0
"1,10,55,76",E1_only,,0,,1,,1,
"1,10,59,74",E1_only,,1,,1,,0,
"1,11,12,34",E1_only,,1,,0,,-1,
"1,11,13,27",E0_only,0,,0,,0,,
"1,11,13,29",E1_only,,0,,0,,0,
"1,11,14,36",E0_only,1,,1,,0,,
"1,11,16,19",E0_only,0,,1,,1,,
"1,11,19,27",E0_only,1,,1,,0,,
"1,11,26,51",E1_only,,0,,1,,1,
"1,11,28,44",E0_only,0,,1,,1,,
"1,11,29,33",E0_only,1,,1,,0,,
"1,11,33,73",E0_only,0,,1,,1,,
"1,11,37,39",E0_only,0,,0,,0,,
"1,11,48,71",E1_only,,1,,0,,-1,
"1,11,54,74",E0_only,0,,1,,1,,
"1,11,58,73",E0_only,1,,0,,-1,,
"1,12,14,52",E0_only,0,,0,,0,,
"1,12,21,31",E0_only,1,,1,,0,,
"1,12,21,46",E1_only,,0,,1,,1,
"1,12,21,57",E1_only,,0,,0,,0,
"1,12,24,64",E1_only,,0,,0,,0,
"1,12,30,40",E1_only,,1,,1,,0,
"1,12,31,32",E1_only,,0,,1,,1,
"1,12,35,48",E1_only,,1,,0,,-1,
"1,12,37,42",E1_only,,1,,1,,0,
"1,12,37,46",E0_only,0,,0,,0,,
"1,12,40,47",E1_only,,1,,1,,0,
"1,12,46,48",E0_only,0,,1,,1,,
"1,12,47,64",E0_only,0,,0,,0,,
"1,12,48,51",E0_only,0,,1,,1,,
"1,12,55,66",E0_only,1,,1,,0,,
"1,12,61,64",E1_only,,1,,1,,0,
"1,13,23,29",E1_only,,1,,0,,-1,
"1,13,23,57",E0_only,0,,0,,0,,
"1,13,24,61",E0_only,1,,1,,0,,
"1,13,29,43",E0_only,1,,0,,-1,,
"1,13,31,79",E0_only,0,,1,,1,,
"1,13,34,41",E1_only,,0,,1,,1,
"1,13,36,71",E1_only,,0,,1,,1,
"1,13,41,54",E1_only,,0,,1,,1,
"1,13,43,64",overlap,0,0,0,0,0,0,0
"1,13,51,58",E0_only,1,,0,,-1,,
"1,13,53,65",overlap,0,0,0,0,0,0,0
"1,13,64,69",overlap,1,1,1,1,0,0,0
"1,14,15,25",E1_only,,1,,1,,0,
"1,14,18,21",E0_only,1,,1,,0,,
"1,14,21,24",E0_only,1,,1,,0,,
"1,14,34,51",overlap,0,0,0,0,0,0,0
"1,14,34,54",E0_only,1,,1,,0,,
"1,14,37,58",E0_only,0,,1,,1,,
"1,14,45,74",E0_only,1,,0,,-1,,
"1,14,49,79",E0_only,0,,1,,1,,
"1,14,50,59",E1_only,,0,,0,,0,
"1,14,62,74",overlap,0,0,1,1,1,1,0
"1,14,70,76",E1_only,,0,,0,,0,
"1,15,16,64",E0_only,0,,0,,0,,
"1,15,20,44",E1_only,,1,,1,,0,
"1,15,21,44",E0_only,1,,1,,0,,
"1,15,28,62",E0_only,1,,0,,-1,,
"1,15,30,46",E1_only,,1,,1,,0,
"1,15,31,59",E1_only,,1,,1,,0,
"1,15,36,46",E0_only,1,,1,,0,,
"1,15,37,46",E1_only,,1,,1,,0,
"1,15,45,50",E0_only,1,,1,,0,,
"1,15,55,76",E1_only,,0,,1,,1,
"1,15,69,78",E0_only,1,,1,,0,,
"1,16,28,34",E1_only,,1,,1,,0,
"1,16,29,61",E1_only,,1,,1,,0,
"1,16,30,54",E1_only,,1,,1,,0,
"1,16,36,61",E0_only,1,,1,,0,,
"1,16,39,64",E0_only,0,,0,,0,,
"1,16,43,48",E1_only,,1,,1,,0,
"1,16,45,54",E0_only,0,,1,,1,,
"1,16,48,61",E0_only,1,,0,,-1,,
"1,16,59,64",E1_only,,1,,1,,0,
"1,17,21,63",overlap,0,0,1,1,1,1,0
"1,17,32,65",E0_only,1,,0,,-1,,
"1,17,37,39",E1_only,,1,,1,,0,
"1,17,37,58",E0_only,1,,0,,-1,,
"1,17,41,51",overlap,1,1,1,1,0,0,0
"1,17,51,73",E0_only,0,,0,,0,,
"1,17,55,64",E0_only,0,,1,,1,,
"1,18,21,37",E1_only,,1,,0,,-1,
"1,18,23,45",E1_only,,0,,1,,1,
"1,18,25,44",E1_only,,0,,0,,0,
"1,18,27,61",E0_only,0,,1,,1,,
"1,18,28,30",E1_only,,0,,0,,0,
"1,18,28,40",E0_only,0,,1,,1,,
"1,18,28,58",overlap,1,1,1,1,0,0,0
"1,18,33,57",E1_only,,1,,0,,-1,
"1,18,34,74",E1_only,,1,,1,,0,
"1,18,36,58",E1_only,,0,,1,,1,
"1,18,38,64",E1_only,,0,,1,,1,
"1,18,41,57",E0_only,1,,1,,0,,
"1,18,42,56",E0_only,1,,1,,0,,
"1,18,42,58",E1_only,,1,,1,,0,
"1,18,44,58",E1_only,,0,,0,,0,
"1,18,51,64",E1_only,,0,,0,,0,
"1,18,51,75",E1_only,,0,,0,,0,
"1,18,55,57",E1_only,,0,,0,,0,
"1,18,58,73",E1_only,,1,,0,,-1,
"1,19,20,36",E0_only,0,,1,,1,,
"1,19,22,47",E1_only,,1,,0,,-1,
"1,19,41,61",E0_only,0,,1,,1,,
"1,19,46,60",E1_only,,1,,1,,0,
"1,19,48,49",overlap,1,1,0,0,-1,-1,0
"1,19,60,64",E1_only,,1,,1,,0,
"1,2,11,59",E0_only,0,,0,,0,,
"1,2,12,30",overlap,1,1,0,0,-1,-1,0
"1,2,12,32",overlap,0,0,0,0,0,0,0
"1,2,14,28",E0_only,1,,0,,-1,,
"1,2,14,40",E0_only,1,,1,,0,,
"1,2,14,58",E1_only,,1,,0,,-1,
"1,2,14,64",E0_only,1,,1,,0,,
"1,2,16,61",E1_only,,0,,1,,1,
"1,2,18,33",E0_only,1,,0,,-1,,
"1,2,23,28",E0_only,0,,0,,0,,
"1,2,26,78",E1_only,,0,,0,,0,
"1,2,27,58",E0_only,0,,1,,1,,
"1,2,28,36",E0_only,1,,1,,0,,
"1,2,28,75",E0_only,1,,1,,0,,
"1,2,29,51",E1_only,,1,,0,,-1,
"1,2,29,61",overlap,0,0,1,1,1,1,0
"1,2,3,19",overlap,1,1,0,0,-1,-1,0
"1,2,3,32",E0_only,0,,1,,1,,
"1,2,36,51",E0_only,1,,1,,0,,
"1,2,36,56",E1_only,,0,,0,,0,
"1,2,38,58",E1_only,,1,,0,,-1,
"1,2,4,24",E1_only,,1,,1,,0,
"1,2,41,71",E0_only,1,,1,,0,,
"1,2,45,49",E1_only,,1,,1,,0,
"1,2,46,51",E0_only,1,,0,,-1,,
"1,2,5,67",E1_only,,0,,0,,0,
"1,2,50,74",E1_only,,1,,1,,0,
"1,2,55,57",overlap,0,0,0,0,0,0,0
"1,2,6,29",E1_only,,0,,1,,1,
"1,2,6,55",E1_only,,1,,0,,-1,
"1,20,21,31",overlap,0,0,1,1,1,1,0
"1,20,23,26",E0_only,1,,1,,0,,
"1,20,25,44",E0_only,0,,1,,1,,
"1,20,25,62",E0_only,0,,1,,1,,
"1,20,28,46",E0_only,1,,0,,-1,,
"1,20,28,64",E0_only,0,,0,,0,,
"1,20,32,71",E0_only,0,,1,,1,,
"1,20,35,51",E0_only,1,,0,,-1,,
"1,20,40,41",E1_only,,1,,0,,-1,
"1,20,41,49",E0_only,1,,1,,0,,
"1,20,43,68",E0_only,1,,0,,-1,,
"1,20,61,77",E0_only,1,,1,,0,,
"1,21,26,46",E1_only,,0,,1,,1,
"1,21,27,58",overlap,1,1,1,1,0,0,0
"1,21,30,31",E1_only,,1,,0,,-1,
"1,21,40,41",E1_only,,0,,0,,0,
"1,21,40,57",E1_only,,0,,0,,0,
"1,21,41,76",overlap,1,1,1,1,0,0,0
"1,21,45,59",E0_only,0,,1,,1,,
"1,21,61,74",E0_only,1,,0,,-1,,
"1,22,28,39",E1_only,,1,,0,,-1,
"1,22,29,64",E0_only,1,,1,,0,,
"1,22,34,46",E1_only,,1,,0,,-1,
"1,22,40,49",E0_only,1,,0,,-1,,
"1,22,50,56",E0_only,1,,1,,0,,
"1,23,27,39",E1_only,,0,,0,,0,
"1,23,31,37",E1_only,,1,,1,,0,
"1,23,34,55",E1_only,,1,,1,,0,
"1,23,39,55",E1_only,,0,,1,,1,
"1,23,46,57",overlap,0,0,0,0,0,0,0
"1,23,51,73",E1_only,,0,,1,,1,
"1,23,55,79",E1_only,,0,,0,,0,
"1,24,32,65",E1_only,,0,,1,,1,
"1,24,46,67",E0_only,1,,1,,0,,
"1,24,53,61",E1_only,,0,,1,,1,
"1,24,56,66",E1_only,,1,,0,,-1,
"1,24,64,75",E1_only,,0,,1,,1,
"1,24,67,68",E1_only,,1,,1,,0,
"1,24,67,70",overlap,1,1,0,0,-1,-1,0
"1,25,26,35",E1_only,,0,,1,,1,
"1,25,32,53",overlap,1,1,1,1,0,0,0
"1,25,35,77",E0_only,0,,1,,1,,
"1,25,38,46",E1_only,,1,,0,,-1,
"1,25,39,46",overlap,0,0,0,0,0,0,0
"1,25,44,65",E1_only,,0,,1,,1,
"1,25,51,59",E0_only,1,,1,,0,,
"1,25,64,75",overlap,1,1,1,1,0,0,0
"1,26,28,55",E0_only,0,,1,,1,,
"1,26,28,62",E0_only,0,,0,,0,,
"1,26,37,46",E1_only,,0,,1,,1,
"1,26,38,60",overlap,1,1,1,1,0,0,0
"1,27,31,67",E0_only,1,,1,,0,,
"1,27,36,47",E1_only,,1,,1,,0,
"1,27,39,42",E0_only,1,,0,,-1,,
"1,27,39,67",E1_only,,0,,0,,0,
"1,27,44,59",overlap,1,1,1,1,0,0,0
"1,27,44,77",E1_only,,1,,1,,0,
"1,27,45,64",E1_only,,1,,0,,-1,
"1,27,51,77",E0_only,1,,1,,0,,
"1,27,54,77",E0_only,1,,1,,0,,
"1,27,58,61",E1_only,,1,,1,,0,
"1,27,58,64",E0_only,1,,1,,0,,
"1,27,58,68",overlap,1,1,1,1,0,0,0
"1,27,64,65",E0_only,1,,0,,-1,,
"1,28,29,30",E1_only,,1,,1,,0,
"1,28,31,37",E0_only,1,,0,,-1,,
"1,28,32,51",E1_only,,0,,0,,0,
"1,28,33,37",E1_only,,1,,1,,0,
"1,28,33,39",E0_only,0,,0,,0,,
"1,28,33,40",overlap,0,0,0,0,0,0,0
"1,28,37,43",overlap,1,1,0,0,-1,-1,0
"1,28,41,47",E0_only,0,,0,,0,,
"1,28,41,68",E0_only,1,,1,,0,,
"1,28,44,55",E0_only,0,,0,,0,,
"1,28,48,52",E0_only,1,,0,,-1,,
"1,28,59,61",E0_only,1,,1,,0,,
"1,29,34,58",E1_only,,0,,1,,1,
"1,29,37,49",E0_only,0,,0,,0,,
"1,29,50,75",E1_only,,1,,1,,0,
"1,29,53,61",E0_only,1,,1,,0,,
"1,29,61,64",E1_only,,0,,1,,1,
"1,3,10,43",E0_only,0,,0,,0,,
"1,3,11,19",E0_only,1,,1,,0,,
"1,3,13,70",E1_only,,1,,1,,0,
"1,3,14,31",E0_only,0,,0,,0,,
"1,3,15,39",E0_only,0,,1,,1,,
"1,3,18,61",E1_only,,0,,0,,0,
"1,3,19,24",E0_only,0,,0,,0,,
"1,3,21,22",E1_only,,0,,1,,1,
"1,3,21,23",overlap,0,0,0,0,0,0,0
"1,3,21,55",E1_only,,1,,0,,-1,
"1,3,22,57",E1_only,,1,,1,,0,
"1,3,27,47",E0_only,1,,1,,0,,
"1,3,30,41",E1_only,,0,,0,,0,
"1,3,31,61",E1_only,,1,,0,,-1,
"1,3,37,46",E0_only,1,,0,,-1,,
"1,3,4,25",E0_only,0,,0,,0,,
"1,3,4,30",E0_only,0,,0,,0,,
"1,3,5,59",E0_only,1,,0,,-1,,
"1,3,55,59",E0_only,0,,0,,0,,
"1,3,59,73",E1_only,,1,,1,,0,
"1,3,7,57",overlap,0,0,0,0,0,0,0
"1,30,31,61",E1_only,,0,,0,,0,
"1,30,34,40",E1_only,,0,,1,,1,
"1,30,37,38",E1_only,,1,,1,,0,
"1,30,49,60",E0_only,1,,0,,-1,,
"1,30,65,78",E0_only,1,,0,,-1,,
"1,31,32,40",E1_only,,1,,1,,0,
"1,31,35,43",E0_only,1,,1,,0,,
"1,31,35,61",E0_only,0,,0,,0,,
"1,31,37,67",E1_only,,0,,0,,0,
"1,31,38,39",E0_only,1,,1,,0,,
"1,31,41,46",overlap,0,0,0,0,0,0,0
"1,31,41,65",E1_only,,0,,0,,0,
"1,31,43,61",E0_only,1,,0,,-1,,
"1,31,49,75",E1_only,,1,,1,,0,
"1,31,64,69",E0_only,1,,1,,0,,
"1,32,37,59",E1_only,,1,,0,,-1,
"1,32,46,53",E1_only,,1,,1,,0,
"1,32,48,49",E1_only,,1,,1,,0,
"1,32,48,61",E1_only,,1,,0,,-1,
"1,33,39,41",E0_only,0,,0,,0,,
"1,33,41,58",E1_only,,0,,0,,0,
"1,33,64,67",E0_only,1,,1,,0,,
"1,34,40,44",E1_only,,1,,1,,0,
"1,34,41,49",E0_only,0,,0,,0,,
"1,34,46,49",E0_only,0,,1,,1,,
"1,34,66,68",E1_only,,0,,1,,1,
"1,35,44,60",E1_only,,0,,0,,0,
"1,35,45,59",overlap,1,1,1,1,0,0,0
"1,35,61,68",E0_only,0,,0,,0,,
"1,36,37,39",E0_only,0,,1,,1,,
"1,36,41,79",E1_only,,1,,0,,-1,
"1,36,42,51",overlap,0,0,0,0,0,0,0
"1,36,43,55",E1_only,,0,,0,,0,
"1,36,43,57",overlap,0,0,1,1,1,1,0
"1,36,50,62",overlap,1,1,0,0,-1,-1,0
"1,37,38,40",overlap,0,0,1,1,1,1,0
"1,37,39,77",E0_only,1,,0,,-1,,
"1,37,46,49",overlap,0,0,1,1,1,1,0
"1,37,46,62",E0_only,0,,1,,1,,
"1,37,57,74",overlap,1,1,1,1,0,0,0
"1,38,39,41",E1_only,,1,,1,,0,
"1,38,39,66",E0_only,1,,0,,-1,,
"1,38,40,42",E0_only,1,,1,,0,,
"1,38,51,58",E1_only,,0,,0,,0,
"1,38,52,67",E0_only,1,,0,,-1,,
"1,39,46,52",E0_only,0,,0,,0,,
"1,39,55,57",E0_only,1,,1,,0,,
"1,39,58,61",E0_only,0,,1,,1,,
"1,4,11,22",E0_only,1,,0,,-1,,
"1,4,13,31",E0_only,1,,0,,-1,,
"1,4,14,50",overlap,1,1,1,1,0,0,0
"1,4,15,28",E0_only,0,,0,,0,,
"1,4,16,30",E1_only,,1,,0,,-1,
"1,4,21,32",E1_only,,1,,1,,0,
"1,4,23,32",E0_only,1,,1,,0,,
"1,4,24,45",E0_only,0,,1,,1,,
"1,4,27,43",E1_only,,1,,1,,0,
"1,4,28,41",E1_only,,0,,1,,1,
"1,4,30,33",E0_only,1,,1,,0,,
"1,4,32,71",E0_only,1,,1,,0,,
"1,4,35,61",E1_only,,1,,0,,-1,
"1,4,41,79",overlap,1,1,1,1,0,0,0
"1,4,46,65",E0_only,0,,1,,1,,
"1,4,49,63",overlap,1,1,1,1,0,0,0
"1,4,5,65",overlap,0,0,0,0,0,0,0
"1,4,6,25",E0_only,0,,0,,0,,
"1,4,60,66",E0_only,0,,0,,0,,
"1,4,61,78",E1_only,,0,,1,,1,
"1,4,62,77",E0_only,1,,1,,0,,
"1,4,7,46",E1_only,,0,,0,,0,
"1,4,9,20",E0_only,0,,1,,1,,
"1,40,41,47",E1_only,,1,,0,,-1,
"1,40,44,58",E1_only,,0,,0,,0,
"1,40,51,67",E0_only,0,,1,,1,,
"1,40,61,62",overlap,1,1,0,0,-1,-1,0
"1,41,55,58",overlap,0,0,0,0,0,0,0
"1,43,53,61",E0_only,1,,0,,-1,,
"1,43,55,64",E1_only,,1,,0,,-1,
"1,44,45,51",overlap,1,1,0,0,-1,-1,0
"1,45,49,75",E0_only,1,,1,,0,,
"1,45,59,60",E0_only,0,,1,,1,,
"1,46,51,55",overlap,0,0,0,0,0,0,0
"1,46,55,68",E0_only,0,,1,,1,,
"1,46,64,67",E1_only,,1,,1,,0,
"1,47,67,77",E1_only,,1,,1,,0,
"1,48,55,64",E1_only,,0,,0,,0,
"1,5,10,41",E1_only,,0,,1,,1,
"1,5,18,23",E0_only,0,,1,,1,,
"1,5,19,25",E0_only,0,,0,,0,,
"1,5,29,59",E0_only,1,,1,,0,,
"1,5,29,62",E1_only,,1,,0,,-1,
"1,5,32,33",E1_only,,1,,0,,-1,
"1,5,33,73",overlap,0,0,1,1,1,1,0
"1,5,35,41",E1_only,,1,,0,,-1,
"1,5,37,59",E0_only,0,,1,,1,,
"1,5,38,42",E0_only,0,,1,,1,,
"1,5,38,57",E0_only,0,,0,,0,,
"1,5,57,69",E1_only,,1,,0,,-1,
"1,5,58,77",overlap,0,0,1,1,1,1,0
"1,5,6,29",E1_only,,0,,0,,0,
"1,5,67,70",E1_only,,1,,1,,0,
"1,51,57,64",E0_only,0,,0,,0,,
"1,52,56,60",E1_only,,0,,1,,1,
"1,53,55,62",E1_only,,1,,1,,0,
"1,53,56,76",E0_only,1,,0,,-1,,
"1,53,67,68",E1_only,,1,,1,,0,
"1,54,61,76",E0_only,1,,1,,0,,
"1,55,57,62",E1_only,,0,,0,,0,
"1,56,66,76",E0_only,0,,1,,1,,
"1,57,60,62",E1_only,,0,,1,,1,
"1,57,64,69",E0_only,0,,1,,1,,
"1,58,64,67",E1_only,,0,,0,,0,
"1,58,64,77",overlap,0,0,1,1,1,1,0
"1,6,10,58",E0_only,0,,1,,1,,
"1,6,11,51",E0_only,1,,0,,-1,,
"1,6,11,58",E1_only,,1,,1,,0,
"1,6,12,29",E0_only,1,,1,,0,,
"1,6,12,36",E1_only,,0,,1,,1,
"1,6,12,39",E1_only,,0,,1,,1,
"1,6,12,42",E1_only,,0,,1,,1,
"1,6,13,63",E1_only,,0,,1,,1,
"1,6,14,46",overlap,1,1,0,0,-1,-1,0
"1,6,15,67",E1_only,,0,,1,,1,
"1,6,16,27",E1_only,,1,,0,,-1,
"1,6,16,52",E0_only,1,,1,,0,,
"1,6,16,59",E1_only,,1,,1,,0,
"1,6,20,30",overlap,1,1,1,1,0,0,0
"1,6,27,69",E1_only,,1,,1,,0,
"1,6,28,29",E1_only,,1,,1,,0,
"1,6,28,32",E0_only,1,,1,,0,,
"1,6,30,54",E0_only,0,,1,,1,,
"1,6,31,77",overlap,1,1,0,0,-1,-1,0
"1,6,33,58",E0_only,1,,0,,-1,,
"1,6,34,40",E1_only,,1,,1,,0,
"1,6,34,54",E1_only,,0,,1,,1,
"1,6,38,73",E1_only,,1,,1,,0,
"1,6,39,41",E1_only,,0,,0,,0,
"1,6,41,44",E1_only,,0,,0,,0,
"1,6,41,51",E1_only,,0,,1,,1,
"1,6,43,48",E0_only,1,,1,,0,,
"1,6,45,65",E0_only,0,,0,,0,,
"1,6,48,57",E1_only,,1,,1,,0,
"1,6,53,66",E1_only,,1,,0,,-1,
"1,6,54,68",E0_only,0,,0,,0,,
"1,6,61,65",E0_only,1,,0,,-1,,
"1,6,63,66",E0_only,0,,1,,1,,
"1,6,64,65",E0_only,0,,0,,0,,
"1,6,69,70",E0_only,0,,0,,0,,
"1,6,9,26",overlap,0,0,1,1,1,1,0
"1,6,9,33",E1_only,,0,,0,,0,
"1,60,61,69",overlap,1,1,1,1,0,0,0
"1,7,12,70",E1_only,,1,,1,,0,
"1,7,27,46",E0_only,0,,0,,0,,
"1,7,28,55",overlap,0,0,0,0,0,0,0
"1,7,30,58",E1_only,,1,,1,,0,
"1,7,55,65",overlap,1,1,1,1,0,0,0
"1,7,67,75",E1_only,,1,,0,,-1,
"1,7,9,44",E0_only,0,,1,,1,,
"1,9,10,51",E1_only,,1,,0,,-1,
"1,9,11,71",E0_only,0,,1,,1,,
"1,9,13,25",E1_only,,1,,1,,0,
"1,9,13,29",E0_only,1,,1,,0,,
"1,9,13,46",E0_only,0,,1,,1,,
"1,9,14,31",E0_only,0,,1,,1,,
"1,9,14,44",E0_only,0,,0,,0,,
"1,9,16,59",E0_only,0,,0,,0,,
"1,9,17,34",E0_only,0,,1,,1,,
"1,9,17,67",E1_only,,0,,1,,1,
"1,9,22,49",E0_only,1,,1,,0,,
"1,9,25,69",E1_only,,0,,1,,1,
"1,9,32,41",E1_only,,0,,0,,0,
"10,11,12,41",E0_only,1,,0,,-1,,
"10,11,14,59",E1_only,,1,,0,,-1,
"10,11,15,31",E0_only,1,,1,,0,,
"10,11,15,37",E0_only,1,,0,,-1,,
"10,11,15,38",E0_only,0,,0,,0,,
"10,11,16,56",E0_only,0,,0,,0,,
"10,11,22,28",overlap,0,0,1,1,1,1,0
"10,11,23,49",E1_only,,1,,1,,0,
"10,11,28,40",E0_only,0,,1,,1,,
"10,11,28,68",E0_only,0,,0,,0,,
"10,11,30,42",E1_only,,0,,1,,1,
"10,11,33,47",E1_only,,1,,1,,0,
"10,11,37,55",E1_only,,1,,1,,0,
"10,11,38,70",E1_only,,1,,0,,-1,
"10,11,43,67",E1_only,,0,,0,,0,
"10,11,55,57",E0_only,0,,0,,0,,
"10,12,13,48",E0_only,0,,0,,0,,
"10,12,15,58",E1_only,,1,,1,,0,
"10,12,16,30",E0_only,0,,0,,0,,
"10,12,20,48",E0_only,0,,0,,0,,
"10,12,22,49",overlap,1,1,0,0,-1,-1,0
"10,12,28,32",overlap,1,1,0,0,-1,-1,0
"10,12,32,42",E0_only,0,,0,,0,,
"10,12,38,40",E1_only,,0,,0,,0,
"10,12,46,60",E1_only,,0,,1,,1,
"10,12,52,64",E1_only,,0,,1,,1,
"10,13,14,68",E0_only,1,,0,,-1,,
"10,13,15,37",E1_only,,0,,0,,0,
"10,13,16,30",overlap,0,0,0,0,0,0,0
"10,13,21,48",E1_only,,1,,0,,-1,
"10,13,33,57",overlap,1,1,0,0,-1,-1,0
"10,13,34,48",E0_only,0,,1,,1,,
"10,13,43,52",E1_only,,1,,0,,-1,
"10,13,46,58",E0_only,0,,0,,0,,
"10,13,49,50",E1_only,,0,,1,,1,
"10,14,15,34",E1_only,,0,,0,,0,
"10,14,20,43",E1_only,,0,,1,,1,
"10,14,31,32",E1_only,,0,,0,,0,
"10,14,31,38",E1_only,,1,,0,,-1,
"10,14,33,41",overlap,1,1,1,1,0,0,0
"10,14,38,55",E1_only,,0,,0,,0,
"10,14,40,48",E1_only,,0,,1,,1,
"10,15,23,25",E1_only,,0,,0,,0,
"10,15,23,42",E0_only,0,,0,,0,,
"10,15,25,55",E0_only,0,,1,,1,,
"10,15,30,40",E0_only,0,,0,,0,,
"10,15,33,42",E1_only,,1,,1,,0,
"10,15,38,49",E0_only,1,,1,,0,,
"10,15,39,69",overlap,1,1,1,1,0,0,0
"10,15,41,42",E0_only,1,,1,,0,,
"10,15,50,70",E1_only,,0,,0,,0,
"10,15,60,70",E0_only,0,,0,,0,,
"10,16,30,40",E1_only,,0,,0,,0,
"10,16,65,68",overlap,0,0,1,1,1,1,0
"10,20,21,30",E1_only,,0,,0,,0,
"10,20,21,31",overlap,1,1,1,1,0,0,0
"10,20,22,41",E1_only,,1,,0,,-1,
"10,21,22,31",E0_only,0,,1,,1,,
"10,21,34,41",E0_only,0,,0,,0,,
"10,21,34,67",E1_only,,1,,1,,0,
"10,21,40,50",E1_only,,0,,0,,0,
"10,21,40,61",E1_only,,1,,1,,0,
"10,21,42,67",E0_only,1,,1,,0,,
"10,21,43,51",overlap,1,1,0,0,-1,-1,0
"10,22,30,33",E0_only,1,,1,,0,,
"10,22,31,41",E1_only,,1,,0,,-1,
"10,22,33,67",E0_only,0,,0,,0,,
"10,23,40,43",E1_only,,0,,0,,0,
"10,23,40,48",E0_only,0,,0,,0,,
"10,23,43,60",E1_only,,0,,0,,0,
"10,23,59,68",E1_only,,0,,0,,0,
"10,24,30,31",E1_only,,1,,0,,-1,
"10,24,39,60",E1_only,,0,,1,,1,
"10,24,51,69",overlap,0,0,0,0,0,0,0
"10,25,40,69",E0_only,1,,1,,0,,
"10,25,57,59",E1_only,,1,,1,,0,
"10,30,32,34",E0_only,1,,1,,0,,
"10,30,33,60",E0_only,0,,0,,0,,
"10,31,32,41",E0_only,1,,1,,0,,
"10,32,34,41",E1_only,,0,,0,,0,
"10,32,40,42",E1_only,,1,,1,,0,
"10,32,42,52",overlap,1,1,1,1,0,0,0
"10,50,51,60",E0_only,0,,0,,0,,
"11,12,14,48",E0_only,1,,1,,0,,
"11,12,15,60",E1_only,,0,,0,,0,
"11,12,20,56",E0_only,1,,0,,-1,,
"11,12,21,25",E0_only,0,,1,,1,,
"11,12,21,28",overlap,1,1,1,1,0,0,0
"11,12,22,67",E1_only,,0,,0,,0,
"11,12,23,37",E1_only,,0,,0,,0,
"11,12,25,40",E1_only,,0,,1,,1,
"11,12,31,57",overlap,0,0,0,0,0,0,0
"11,12,32,49",E0_only,0,,0,,0,,
"11,12,38,46",E0_only,0,,1,,1,,
"11,12,38,56",E0_only,1,,1,,0,,
"11,12,40,42",E0_only,1,,0,,-1,,
"11,12,41,47",E0_only,1,,1,,0,,
"11,12,56,59",overlap,0,0,0,0,0,0,0
"11,12,56,67",E1_only,,1,,1,,0,
"11,13,14,21",E0_only,0,,1,,1,,
"11,13,14,41",E0_only,0,,1,,1,,
"11,13,19,21",E1_only,,0,,1,,1,
"11,13,19,46",E0_only,0,,1,,1,,
"11,13,20,21",E1_only,,0,,0,,0,
"11,13,21,48",E1_only,,1,,1,,0,
"11,13,25,65",overlap,1,1,0,0,-1,-1,0
"11,13,33,55",overlap,0,0,1,1,1,1,0
"11,13,33,56",E0_only,0,,1,,1,,
"11,13,39,46",E0_only,1,,1,,0,,
"11,13,41,57",E1_only,,0,,1,,1,
"11,13,43,65",E1_only,,0,,0,,0,
"11,13,52,65",E0_only,0,,1,,1,,
"11,13,58,60",E0_only,1,,1,,0,,
"11,14,20,59",overlap,1,1,1,1,0,0,0
"11,14,22,49",E0_only,0,,1,,1,,
"11,14,22,61",overlap,0,0,1,1,1,1,0
"11,14,23,33",E0_only,1,,0,,-1,,
"11,14,24,55",E0_only,0,,1,,1,,
"11,14,25,31",E0_only,0,,0,,0,,
"11,14,28,37",E0_only,0,,0,,0,,
"11,14,30,37",E1_only,,1,,0,,-1,
"11,14,30,41",E1_only,,1,,1,,0,
"11,14,31,34",E0_only,1,,1,,0,,
"11,14,34,52",E0_only,1,,1,,0,,
"11,14,37,56",E1_only,,0,,1,,1,
"11,14,37,66",overlap,1,1,0,0,-1,-1,0
"11,14,46,60",E0_only,1,,0,,-1,,
"11,14,47,67",E0_only,1,,0,,-1,,
"11,14,50,61",E1_only,,0,,0,,0,
"11,14,56,67",E0_only,0,,0,,0,,
"11,15,29,32",E1_only,,1,,1,,0,
"11,15,46,65",overlap,0,0,1,1,1,1,0
"11,19,20,61",E1_only,,1,,0,,-1,
"11,19,23,33",E1_only,,0,,0,,0,
"11,19,30,31",E1_only,,0,,1,,1,
"11,20,22,56",E0_only,0,,0,,0,,
"11,20,23,43",overlap,0,0,1,1,1,1,0
"11,20,24,55",E1_only,,0,,1,,1,
"11,20,25,56",E1_only,,1,,1,,0,
"11,20,29,30",E1_only,,1,,1,,0,
"11,20,33,65",E0_only,0,,1,,1,,
"11,20,34,40",E1_only,,1,,1,,0,
"11,20,38,66",E1_only,,1,,1,,0,
"11,20,41,50",E0_only,1,,1,,0,,
"11,20,46,47",E1_only,,0,,1,,1,
"11,20,48,50",E0_only,1,,0,,-1,,
"11,20,49,50",E1_only,,0,,1,,1,
"11,20,49,61",E0_only,0,,1,,1,,
"11,20,51,59",E0_only,0,,0,,0,,
"11,20,51,65",E1_only,,0,,1,,1,
"11,20,56,68",E0_only,0,,0,,0,,
"11,21,25,40",E1_only,,0,,1,,1,
"11,21,28,61",E0_only,0,,1,,1,,
"11,21,37,49",E0_only,0,,0,,0,,
"11,21,48,58",E0_only,0,,1,,1,,
"11,21,59,65",overlap,1,1,1,1,0,0,0
"11,22,32,56",E0_only,0,,0,,0,,
"11,22,38,48",E1_only,,0,,1,,1,
"11,22,39,48",E0_only,0,,0,,0,,
"11,22,41,61",E0_only,0,,1,,1,,
"11,22,42,67",E0_only,0,,1,,1,,
"11,23,24,50",E0_only,1,,1,,0,,
"11,23,33,65",E1_only,,0,,1,,1,
"11,23,37,58",E0_only,1,,0,,-1,,
"11,23,46,49",E1_only,,0,,1,,1,
"11,23,50,67",E1_only,,0,,0,,0,
"11,24,33,40",E0_only,0,,1,,1,,
"11,24,48,51",E0_only,1,,0,,-1,,
"11,25,28,68",E0_only,0,,1,,1,,
"11,25,32,40",E1_only,,1,,1,,0,
"11,25,37,49",E0_only,0,,0,,0,,
"11,25,39,47",E1_only,,0,,0,,0,
"11,25,46,56",overlap,0,0,0,0,0,0,0
"11,28,30,38",E1_only,,0,,0,,0,
"11,28,32,42",E0_only,1,,1,,0,,
"11,28,33,37",overlap,0,0,0,0,0,0,0
"11,28,33,65",E1_only,,0,,0,,0,
"11,28,34,65",E1_only,,1,,0,,-1,
"11,28,40,61",E0_only,0,,1,,1,,
"11,28,46,61",overlap,1,1,0,0,-1,-1,0
"11,28,46,68",E1_only,,0,,1,,1,
"11,28,51,67",E0_only,1,,1,,0,,
"11,28,57,61",E0_only,1,,1,,0,,
"11,29,31,58",E1_only,,1,,0,,-1,
"11,29,41,50",E0_only,0,,1,,1,,
"11,29,46,57",overlap,1,1,1,1,0,0,0
"11,29,49,56",E1_only,,0,,0,,0,
"11,30,33,40",E1_only,,0,,1,,1,
"11,30,33,49",E0_only,0,,0,,0,,
"11,30,38,61",E0_only,0,,0,,0,,
"11,30,39,47",E1_only,,0,,0,,0,
"11,30,39,48",E1_only,,0,,0,,0,
"11,30,48,51",E0_only,1,,0,,-1,,
"11,30,51,59",E1_only,,1,,1,,0,
"11,31,33,65",E0_only,1,,1,,0,,
"11,31,33,67",E0_only,0,,1,,1,,
"11,31,37,38",E0_only,0,,0,,0,,
"11,31,37,68",E1_only,,0,,1,,1,
"11,31,38,47",E0_only,0,,1,,1,,
"11,31,38,65",E1_only,,0,,1,,1,
"11,31,39,68",E0_only,0,,0,,0,,
"11,31,40,68",E1_only,,0,,0,,0,
"11,31,41,67",E0_only,1,,0,,-1,,
"11,31,47,52",E0_only,1,,0,,-1,,
"11,31,51,68",E1_only,,0,,1,,1,
"11,32,38,49",E0_only,0,,1,,1,,
"11,32,42,66",E1_only,,1,,0,,-1,
"11,32,48,58",E1_only,,1,,0,,-1,
"11,33,40,67",overlap,1,1,1,1,0,0,0
"11,33,52,65",overlap,0,0,0,0,0,0,0
"11,34,41,58",E0_only,0,,0,,0,,
"11,34,49,50",E0_only,0,,0,,0,,
"11,37,38,39",E0_only,0,,0,,0,,
"11,37,38,49",E0_only,0,,0,,0,,
"11,37,38,61",E1_only,,1,,1,,0,
"11,37,42,57",overlap,0,0,0,0,0,0,0
"11,37,58,59",E1_only,,1,,1,,0,
"11,38,39,51",E1_only,,0,,1,,1,
"11,39,40,50",E1_only,,1,,1,,0,
"11,39,52,68",E0_only,0,,1,,1,,
"11,40,41,48",E0_only,1,,1,,0,,
"11,41,42,50",E0_only,0,,0,,0,,
"11,41,51,67",E1_only,,0,,0,,0,
"11,43,48,66",E1_only,,1,,1,,0,
"11,46,47,56",E0_only,0,,0,,0,,
"11,46,50,52",E0_only,0,,0,,0,,
"11,48,57,67",overlap,1,1,0,0,-1,-1,0
"11,50,56,59",E1_only,,0,,1,,1,
"11,51,60,66",E0_only,1,,0,,-1,,
"11,52,58,59",E1_only,,0,,0,,0,
"12,13,20,30",E0_only,0,,1,,1,,
"12,13,22,41",E1_only,,0,,1,,1,
"12,13,22,49",E0_only,1,,1,,0,,
"12,13,23,58",E1_only,,1,,0,,-1,
"12,13,24,51",E0_only,0,,1,,1,,
"12,13,28,50",E0_only,0,,0,,0,,
"12,13,33,40",E0_only,1,,0,,-1,,
"12,13,39,66",E0_only,1,,0,,-1,,
"12,13,48,58",E1_only,,1,,1,,0,
"12,13,52,60",E0_only,0,,1,,1,,
"12,14,20,30",E1_only,,1,,1,,0,
"12,14,21,59",E0_only,0,,1,,1,,
"12,14,22,46",E0_only,0,,1,,1,,
"12,14,28,41",overlap,0,0,0,0,0,0,0
"12,14,29,51",E1_only,,1,,0,,-1,
"12,14,46,67",overlap,1,1,1,1,0,0,0
"12,14,47,66",E0_only,0,,0,,0,,
"12,14,48,59",E1_only,,0,,1,,1,
"12,20,22,38",E1_only,,1,,1,,0,
"12,20,22,57",E1_only,,0,,0,,0,
"12,20,23,58",E1_only,,1,,1,,0,
"12,20,24,34",E0_only,1,,1,,0,,
"12,20,29,48",E0_only,1,,0,,-1,,
"12,20,30,38",overlap,1,1,0,0,-1,-1,0
"12,20,32,43",E0_only,0,,1,,1,,
"12,20,32,50",overlap,0,0,0,0,0,0,0
"12,20,32,58",E1_only,,1,,1,,0,
"12,20,38,52",E1_only,,1,,1,,0,
"12,20,39,42",E0_only,0,,1,,1,,
"12,20,42,56",E1_only,,1,,1,,0,
"12,20,50,66",E1_only,,0,,0,,0,
"12,21,22,28",E1_only,,0,,0,,0,
"12,21,30,47",overlap,0,0,0,0,0,0,0
"12,21,31,37",E0_only,1,,1,,0,,
"12,22,23,47",E0_only,1,,1,,0,,
"12,22,33,39",E1_only,,0,,1,,1,
"12,22,34,42",E1_only,,0,,0,,0,
"12,22,38,50",E1_only,,0,,0,,0,
"12,22,39,66",overlap,0,0,0,0,0,0,0
"12,22,41,42",E0_only,0,,0,,0,,
"12,22,52,67",E1_only,,0,,0,,0,
"12,23,28,60",E1_only,,1,,1,,0,
"12,23,29,59",E1_only,,1,,1,,0,
"12,23,33,68",E1_only,,1,,0,,-1,
"12,23,39,66",E0_only,0,,0,,0,,
"12,23,40,59",E1_only,,0,,0,,0,
"12,23,42,48",E1_only,,0,,0,,0,
"12,23,46,66",E0_only,1,,0,,-1,,
"12,23,49,57",overlap,1,1,0,0,-1,-1,0
"12,24,28,57",E0_only,0,,0,,0,,
"12,24,30,40",overlap,1,1,1,1,0,0,0
"12,24,31,60",E0_only,0,,1,,1,,
"12,24,33,42",E0_only,0,,0,,0,,
"12,24,39,66",E1_only,,1,,0,,-1,
"12,24,47,48",E1_only,,1,,0,,-1,
"12,24,50,58",E0_only,1,,1,,0,,
"12,28,31,50",E1_only,,0,,0,,0,
"12,29,32,43",E1_only,,0,,1,,1,
"12,29,32,68",E1_only,,1,,1,,0,
"12,29,38,48",E0_only,0,,0,,0,,
"12,29,41,56",E1_only,,1,,1,,0,
"12,30,31,37",E0_only,1,,1,,0,,
"12,30,32,66",overlap,0,0,1,1,1,1,0
"12,30,32,68",E1_only,,0,,1,,1,
"12,30,34,49",E0_only,1,,0,,-1,,
"12,30,39,49",E0_only,0,,1,,1,,
"12,30,40,50",E1_only,,0,,0,,0,
"12,31,32,49",E1_only,,0,,1,,1,
"12,31,41,56",E1_only,,1,,1,,0,
"12,31,41,68",overlap,0,0,1,1,1,1,0
"12,31,43,48",E0_only,0,,0,,0,,
"12,31,43,67",E1_only,,0,,1,,1,
"12,31,49,57",E0_only,0,,0,,0,,
"12,32,33,57",E1_only,,0,,0,,0,
"12,32,33,59",E1_only,,0,,0,,0,
"12,32,38,40",E1_only,,0,,0,,0,
"12,32,39,68",E1_only,,1,,1,,0,
"12,32,40,41",overlap,0,0,0,0,0,0,0
"12,32,46,52",E1_only,,1,,0,,-1,
"12,32,47,57",E0_only,1,,0,,-1,,
"12,32,51,58",E0_only,1,,1,,0,,
"12,32,56,58",E1_only,,1,,1,,0,
"12,33,40,42",E0_only,0,,0,,0,,
"12,33,42,48",overlap,0,0,1,1,1,1,0
"12,34,40,48",E1_only,,0,,1,,1,
"12,37,40,47",E1_only,,0,,0,,0,
"12,37,42,47",E0_only,0,,0,,0,,
"12,37,47,52",overlap,0,0,0,0,0,0,0
"12,37,47,58",E1_only,,1,,0,,-1,
"12,37,51,57",overlap,1,1,1,1,0,0,0
"12,38,42,43",E1_only,,0,,1,,1,
"12,38,42,60",E0_only,0,,1,,1,,
"12,38,56,57",E0_only,1,,1,,0,,
"12,39,40,49",overlap,0,0,0,0,0,0,0
"12,40,41,67",E1_only,,0,,0,,0,
"12,40,56,59",E0_only,0,,0,,0,,
"12,41,42,51",E1_only,,1,,0,,-1,
"12,42,49,59",E1_only,,1,,0,,-1,
"12,42,51,67",E1_only,,1,,1,,0,
"12,42,56,60",E1_only,,0,,0,,0,
"12,47,57,67",E0_only,1,,0,,-1,,
"12,48,49,51",E0_only,0,,1,,1,,
"12,48,57,67",E0_only,1,,0,,-1,,
"13,20,22,23",overlap,1,1,1,1,0,0,0
"13,20,33,43",E0_only,0,,0,,0,,
"13,21,30,58",E0_only,0,,0,,0,,
"13,21,32,60",E1_only,,1,,0,,-1,
"13,21,40,67",overlap,1,1,0,0,-1,-1,0
"13,21,43,50",E0_only,1,,1,,0,,
"13,21,47,51",E0_only,0,,1,,1,,
"13,21,51,67",E0_only,1,,0,,-1,,
"13,22,31,56",E1_only,,1,,1,,0,
"13,29,39,41",E1_only,,1,,1,,0,
"13,31,38,47",E0_only,1,,0,,-1,,
"13,38,42,57",E0_only,1,,1,,0,,
"13,39,47,59",overlap,0,0,0,0,0,0,0
"13,39,51,59",E1_only,,0,,0,,0,
"2,10,11,23",E1_only,,1,,0,,-1,
"2,10,14,24",E0_only,0,,1,,1,,
"2,10,16,47",E0_only,1,,1,,0,,
"2,10,20,39",E1_only,,1,,1,,0,
"2,10,21,29",E1_only,,0,,0,,0,
"2,10,21,54",E1_only,,1,,0,,-1,
"2,10,22,65",overlap,1,1,0,0,-1,-1,0
"2,10,23,49",E0_only,0,,1,,1,,
"2,10,26,49",E0_only,0,,1,,1,,
"2,10,27,34",overlap,0,0,1,1,1,1,0
"2,10,27,49",E0_only,0,,1,,1,,
"2,10,29,39",E1_only,,0,,0,,0,
"2,10,30,46",E1_only,,0,,1,,1,
"2,10,31,42",E0_only,1,,1,,0,,
"2,10,31,50",overlap,0,0,1,1,1,1,0
"2,10,32,46",overlap,1,1,1,1,0,0,0
"2,10,37,52",E1_only,,0,,0,,0,
"2,10,37,60",E0_only,1,,0,,-1,,
"2,10,37,74",E1_only,,1,,0,,-1,
"2,10,38,55",E1_only,,0,,1,,1,
"2,10,49,70",E0_only,0,,1,,1,,
"2,10,54,55",overlap,1,1,0,0,-1,-1,0
"2,10,60,62",E1_only,,1,,1,,0,
"2,11,12,18",E1_only,,0,,1,,1,
"2,11,12,21",overlap,0,0,0,0,0,0,0
"2,11,13,30",E1_only,,1,,1,,0,
"2,11,15,20",E1_only,,0,,0,,0,
"2,11,15,46",E0_only,1,,0,,-1,,
"2,11,15,54",overlap,1,1,1,1,0,0,0
"2,11,20,22",E1_only,,0,,1,,1,
"2,11,20,52",overlap,0,0,0,0,0,0,0
"2,11,21,39",overlap,0,0,1,1,1,1,0
"2,11,29,44",E1_only,,0,,0,,0,
"2,11,30,47",E0_only,0,,1,,1,,
"2,11,30,50",E0_only,0,,1,,1,,
"2,11,30,62",E0_only,1,,0,,-1,,
"2,11,31,47",E1_only,,0,,0,,0,
"2,11,39,41",E0_only,0,,1,,1,,
"2,11,40,42",E0_only,0,,0,,0,,
"2,11,42,66",E1_only,,0,,0,,0,
"2,11,47,60",E0_only,1,,0,,-1,,
"2,11,49,56",E1_only,,0,,1,,1,
"2,11,56,76",E1_only,,1,,1,,0,
"2,11,65,76",E0_only,0,,1,,1,,
"2,12,21,35",E0_only,1,,0,,-1,,
"2,12,23,42",E0_only,0,,1,,1,,
"2,12,24,32",E1_only,,0,,1,,1,
"2,12,24,69",E0_only,0,,1,,1,,
"2,12,26,42",E1_only,,1,,1,,0,
"2,12,26,74",E0_only,1,,1,,0,,
"2,12,32,67",E1_only,,1,,0,,-1,
"2,12,36,57",E1_only,,1,,0,,-1,
"2,12,52,74",E1_only,,0,,0,,0,
"2,13,14,31",E1_only,,1,,1,,0,
"2,13,15,37",overlap,1,1,1,1,0,0,0
"2,13,15,47",E0_only,0,,0,,0,,
"2,13,16,49",E0_only,1,,0,,-1,,
"2,13,18,33",E1_only,,1,,0,,-1,
"2,13,24,29",overlap,0,0,1,1,1,1,0
"2,13,35,41",overlap,1,1,0,0,-1,-1,0
"2,13,35,52",E0_only,0,,0,,0,,
"2,13,36,69",E0_only,0,,1,,1,,
"2,13,37,50",E0_only,0,,0,,0,,
"2,13,39,69",E0_only,0,,1,,1,,
"2,13,40,69",E1_only,,1,,1,,0,
"2,13,40,76",E0_only,0,,0,,0,,
"2,13,41,49",E1_only,,0,,0,,0,
"2,13,47,56",E1_only,,0,,0,,0,
"2,13,62,69",E1_only,,1,,1,,0,
"2,14,18,76",E1_only,,0,,0,,0,
"2,14,30,59",E1_only,,0,,0,,0,
"2,14,33,47",E0_only,0,,0,,0,,
"2,14,36,40",E0_only,0,,0,,0,,
"2,14,38,47",E1_only,,0,,1,,1,
"2,14,54,61",E1_only,,1,,0,,-1,
"2,14,59,70",E1_only,,0,,0,,0,
"2,14,65,70",E1_only,,0,,1,,1,
"2,15,19,27",E1_only,,0,,0,,0,
"2,15,24,35",overlap,1,1,0,0,-1,-1,0
"2,15,24,69",overlap,0,0,1,1,1,1,0
"2,15,24,78",overlap,0,0,0,0,0,0,0
"2,15,31,37",E1_only,,1,,1,,0,
"2,15,35,50",E0_only,1,,0,,-1,,
"2,15,35,67",overlap,1,1,0,0,-1,-1,0
"2,15,50,67",E1_only,,0,,1,,1,
"2,15,55,70",E0_only,1,,0,,-1,,
"2,16,18,23",E1_only,,0,,1,,1,
"2,16,23,31",overlap,0,0,0,0,0,0,0
"2,16,32,40",E1_only,,0,,1,,1,
"2,16,41,42",E1_only,,1,,0,,-1,
"2,16,43,60",E1_only,,1,,1,,0,
"2,16,46,59",E1_only,,0,,1,,1,
"2,16,55,62",E0_only,1,,1,,0,,
"2,16,56,75",overlap,1,1,1,1,0,0,0
"2,16,60,77",overlap,0,0,0,0,0,0,0
"2,18,21,24",E1_only,,0,,0,,0,
"2,18,22,40",E0_only,0,,1,,1,,
"2,18,22,58",overlap,0,0,1,0,1,0,-1
"2,18,26,76",E0_only,0,,1,,1,,
"2,19,22,42",E1_only,,1,,0,,-1,
"2,19,25,32",E1_only,,1,,0,,-1,
"2,19,28,62",overlap,1,1,0,0,-1,-1,0
"2,19,28,65",E0_only,1,,1,,0,,
"2,19,29,58",E0_only,1,,0,,-1,,
"2,19,52,67",E1_only,,1,,1,,0,
"2,19,52,76",E0_only,0,,1,,1,,
"2,19,55,78",E0_only,1,,1,,0,,
"2,19,59,66",E0_only,1,,0,,-1,,
"2,19,59,67",E0_only,0,,1,,1,,
"2,20,26,56",E0_only,0,,0,,0,,
"2,20,27,44",E1_only,,1,,1,,0,
"2,20,28,46",E0_only,1,,1,,0,,
"2,20,29,45",overlap,1,1,0,0,-1,-1,0
"2,20,31,75",E1_only,,0,,0,,0,
"2,20,38,55",E1_only,,0,,1,,1,
"2,20,42,62",E1_only,,0,,0,,0,
"2,20,46,62",E1_only,,1,,0,,-1,
"2,20,47,50",E1_only,,1,,0,,-1,
"2,21,25,52",E0_only,1,,0,,-1,,
"2,21,28,41",E0_only,1,,1,,0,,
"2,21,29,65",overlap,0,0,0,0,0,0,0
"2,21,32,38",E0_only,1,,1,,0,,
"2,21,32,64",E0_only,0,,0,,0,,
"2,21,33,60",E0_only,1,,1,,0,,
"2,21,39,59",E0_only,0,,1,,1,,
"2,22,28,29",E1_only,,1,,0,,-1,
"2,22,29,55",E1_only,,0,,0,,0,
"2,22,32,46",E1_only,,1,,1,,0,
"2,22,36,38",E1_only,,1,,1,,0,
"2,22,38,47",E0_only,1,,1,,0,,
"2,22,38,74",E1_only,,1,,1,,0,
"2,22,42,47",overlap,1,1,0,0,-1,-1,0
"2,22,44,48",E0_only,1,,0,,-1,,
"2,22,52,68",E0_only,0,,1,,1,,
"2,22,56,78",E1_only,,1,,0,,-1,
"2,22,58,62",E0_only,1,,0,,-1,,
"2,23,27,74",overlap,0,0,0,0,0,0,0
"2,23,27,76",E0_only,0,,0,,0,,
"2,23,32,54",E1_only,,0,,1,,1,
"2,23,42,56",E1_only,,1,,1,,0,
"2,23,45,68",overlap,1,1,0,0,-1,-1,0
"2,23,46,59",E0_only,0,,1,,1,,
"2,23,49,55",E1_only,,1,,0,,-1,
"2,23,49,69",E0_only,1,,0,,-1,,
"2,23,59,68",E0_only,0,,0,,0,,
"2,24,28,29",E0_only,1,,0,,-1,,
"2,24,33,78",E1_only,,1,,1,,0,
"2,24,36,48",E1_only,,1,,0,,-1,
"2,24,42,47",E0_only,0,,1,,1,,
"2,24,47,51",E0_only,0,,1,,1,,
"2,24,47,75",E1_only,,0,,1,,1,
"2,24,52,56",E0_only,0,,1,,1,,
"2,24,54,62",E1_only,,0,,1,,1,
"2,24,58,60",overlap,0,0,1,1,1,1,0
"2,25,34,38",overlap,0,0,1,1,1,1,0
"2,25,45,75",E0_only,1,,1,,0,,
"2,25,52,75",E0_only,1,,1,,0,,
"2,25,70,77",overlap,1,1,1,1,0,0,0
"2,26,28,29",E1_only,,1,,1,,0,
"2,26,40,58",E1_only,,1,,0,,-1,
"2,26,40,74",E1_only,,0,,0,,0,
"2,27,28,37",E0_only,1,,1,,0,,
"2,27,32,44",E0_only,1,,0,,-1,,
"2,27,32,51",E1_only,,0,,1,,1,
"2,27,36,45",E1_only,,1,,0,,-1,
"2,27,39,65",E0_only,1,,1,,0,,
"2,27,41,69",E1_only,,1,,0,,-1,
"2,27,44,60",E1_only,,1,,1,,0,
"2,27,46,65",E0_only,1,,1,,0,,
"2,27,47,58",E0_only,1,,1,,0,,
"2,28,29,58",E1_only,,1,,1,,0,
"2,28,32,58",E0_only,1,,1,,0,,
"2,28,37,64",E1_only,,0,,0,,0,
"2,28,38,52",E0_only,0,,0,,0,,
"2,28,39,42",E1_only,,0,,0,,0,
"2,28,40,48",overlap,1,1,1,1,0,0,0
"2,28,43,59",E0_only,1,,1,,0,,
"2,28,46,56",E1_only,,1,,1,,0,
"2,29,30,42",E0_only,1,,0,,-1,,
"2,29,30,55",E1_only,,1,,1,,0,
"2,29,34,40",overlap,0,0,0,0,0,0,0
"2,29,34,51",E1_only,,0,,0,,0,
"2,29,36,48",E0_only,1,,1,,0,,
"2,29,37,40",overlap,0,0,0,0,0,0,0
"2,29,37,47",E0_only,1,,0,,-1,,
"2,29,38,76",overlap,0,0,0,0,0,0,0
"2,29,40,46",E1_only,,0,,1,,1,
"2,29,42,48",E1_only,,0,,0,,0,
"2,29,48,74",E0_only,0,,1,,1,,
"2,29,51,57",E0_only,1,,1,,0,,
"2,3,12,65",E0_only,1,,1,,0,,
"2,3,13,28",overlap,0,0,0,0,0,0,0
"2,3,13,59",E1_only,,1,,1,,0,
"2,3,14,69",E0_only,1,,0,,-1,,
"2,3,16,60",E0_only,1,,1,,0,,
"2,3,19,65",E1_only,,1,,0,,-1,
"2,3,21,29",E0_only,1,,1,,0,,
"2,3,22,25",E0_only,0,,0,,0,,
"2,3,22,27",overlap,1,1,0,0,-1,-1,0
"2,3,32,51",E1_only,,0,,1,,1,
"2,3,36,57",E0_only,1,,1,,0,,
"2,3,4,33",E1_only,,1,,1,,0,
"2,3,5,43",overlap,1,1,1,1,0,0,0
"2,3,6,12",E0_only,0,,0,,0,,
"2,3,6,68",overlap,0,0,0,0,0,0,0
"2,3,64,65",E1_only,,1,,0,,-1,
"2,3,66,68",overlap,0,0,0,0,0,0,0
"2,30,31,41",E1_only,,1,,0,,-1,
"2,30,32,42",E0_only,0,,1,,1,,
"2,30,36,40",E1_only,,0,,1,,1,
"2,30,36,46",E0_only,0,,0,,0,,
"2,30,36,65",E0_only,1,,0,,-1,,
"2,30,38,39",overlap,0,0,0,0,0,0,0
"2,30,40,69",E1_only,,0,,1,,1,
"2,30,41,60",E1_only,,0,,1,,1,
"2,30,41,61",E0_only,1,,0,,-1,,
"2,30,44,74",E1_only,,1,,1,,0,
"2,30,51,76",E0_only,0,,0,,0,,
"2,30,67,70",E0_only,1,,0,,-1,,
"2,31,38,46",E0_only,0,,1,,1,,
"2,31,38,75",E0_only,1,,1,,0,,
"2,31,41,65",E1_only,,0,,1,,1,
"2,31,42,46",E1_only,,0,,0,,0,
"2,31,52,77",E0_only,1,,1,,0,,
"2,31,58,66",E1_only,,0,,1,,1,
"2,32,38,42",E0_only,0,,1,,1,,
"2,32,42,58",E0_only,0,,1,,1,,
"2,32,48,53",E0_only,1,,0,,-1,,
"2,32,50,65",E1_only,,1,,1,,0,
"2,32,55,62",overlap,0,0,1,1,1,1,0
"2,32,58,70",E1_only,,0,,1,,1,
"2,32,58,75",E0_only,0,,1,,1,,
"2,33,52,60",overlap,1,1,0,0,-1,-1,0
"2,33,55,65",E1_only,,0,,0,,0,
"2,33,60,69",E0_only,0,,1,,1,,
"2,34,38,43",E0_only,0,,1,,1,,
"2,34,48,69",E1_only,,0,,1,,1,
"2,34,75,76",E1_only,,1,,0,,-1,
"2,35,36,59",E0_only,1,,0,,-1,,
"2,35,44,59",E0_only,0,,0,,0,,
"2,35,45,59",overlap,0,0,0,0,0,0,0
"2,35,46,52",E1_only,,1,,1,,0,
"2,35,46,53",E0_only,0,,1,,1,,
"2,35,47,70",E1_only,,1,,1,,0,
"2,35,50,51",E0_only,1,,1,,0,,
"2,35,52,64",E0_only,1,,0,,-1,,
"2,35,58,75",E1_only,,0,,1,,1,
"2,35,59,66",E0_only,1,,0,,-1,,
"2,35,60,64",E0_only,0,,0,,0,,
"2,36,42,44",E1_only,,1,,0,,-1,
"2,36,47,56",E1_only,,0,,1,,1,
"2,36,56,76",overlap,0,0,1,1,1,1,0
"2,36,58,62",E1_only,,0,,1,,1,
"2,36,58,69",E0_only,0,,0,,0,,
"2,36,60,65",overlap,0,0,0,0,0,0,0
"2,36,62,65",E0_only,0,,1,,1,,
"2,37,41,43",overlap,1,1,0,0,-1,-1,0
"2,38,39,40",E0_only,1,,1,,0,,
"2,38,39,59",E1_only,,0,,1,,1,
"2,38,42,47",E1_only,,0,,0,,0,
"2,38,44,47",E0_only,0,,1,,1,,
"2,38,45,64",E0_only,0,,0,,0,,
"2,38,49,65",E1_only,,1,,1,,0,
"2,38,57,62",E1_only,,1,,1,,0,
"2,38,58,75",E1_only,,0,,1,,1,
"2,39,41,43",E1_only,,1,,0,,-1,
"2,39,47,50",E1_only,,1,,1,,0,
"2,39,57,66",E1_only,,0,,0,,0,
"2,4,12,36",E1_only,,0,,1,,1,
"2,4,12,42",E1_only,,0,,0,,0,
"2,4,14,29",E1_only,,0,,1,,1,
"2,4,15,36",E0_only,0,,1,,1,,
"2,4,18,20",overlap,1,1,1,1,0,0,0
"2,4,19,58",E0_only,1,,1,,0,,
"2,4,20,35",E1_only,,0,,1,,1,
"2,4,21,31",E0_only,1,,0,,-1,,
"2,4,22,47",E1_only,,1,,1,,0,
"2,4,22,56",E0_only,0,,0,,0,,
"2,4,24,46",E0_only,1,,0,,-1,,
"2,4,30,38",E1_only,,0,,1,,1,
"2,4,34,46",overlap,1,1,0,0,-1,-1,0
"2,4,34,58",E1_only,,0,,1,,1,
"2,4,36,49",overlap,1,1,1,1,0,0,0
"2,4,40,50",E0_only,0,,1,,1,,
"2,4,42,57",E1_only,,1,,0,,-1,
"2,4,46,52",E1_only,,1,,1,,0,
"2,4,5,26",overlap,0,0,0,0,0,0,0
"2,4,52,56",E1_only,,1,,1,,0,
"2,4,54,75",E0_only,1,,1,,0,,
"2,4,54,78",E0_only,0,,1,,1,,
"2,4,57,58",E0_only,1,,1,,0,,
"2,4,59,67",E0_only,0,,0,,0,,
"2,4,6,12",overlap,1,1,1,1,0,0,0
"2,4,60,76",E1_only,,0,,0,,0,
"2,40,42,65",E1_only,,0,,0,,0,
"2,40,51,59",E0_only,0,,0,,0,,
"2,41,42,49",overlap,0,0,1,1,1,1,0
"2,41,47,56",E1_only,,0,,1,,1,
"2,42,48,50",E0_only,0,,0,,0,,
"2,43,48,51",E1_only,,0,,1,,1,
"2,43,49,50",E1_only,,0,,0,,0,
"2,44,52,58",E0_only,1,,0,,-1,,
"2,44,52,69",E0_only,1,,1,,0,,
"2,44,65,70",E0_only,0,,1,,1,,
"2,44,75,77",E0_only,1,,1,,0,,
"2,45,51,67",E0_only,1,,1,,0,,
"2,46,48,53",E1_only,,1,,1,,0,
"2,46,50,76",E0_only,0,,1,,1,,
"2,46,51,60",E0_only,1,,0,,-1,,
"2,46,60,76",overlap,0,0,0,0,0,0,0
"2,47,51,65",E1_only,,0,,0,,0,
"2,48,49,51",E1_only,,1,,1,,0,
"2,48,60,69",E1_only,,1,,1,,0,
"2,5,10,52",E1_only,,0,,1,,1,
"2,5,11,28",E1_only,,1,,0,,-1,
"2,5,13,16",E0_only,1,,0,,-1,,
"2,5,15,51",E0_only,0,,1,,1,,
"2,5,18,51",overlap,0,0,1,1,1,1,0
"2,5,21,24",E0_only,0,,1,,1,,
"2,5,28,47",E1_only,,1,,1,,0,
"2,5,28,61",E0_only,0,,1,,1,,
"2,5,36,41",E1_only,,1,,0,,-1,
"2,5,38,42",E0_only,1,,1,,0,,
"2,5,41,58",E0_only,1,,1,,0,,
"2,5,42,60",E0_only,0,,0,,0,,
"2,50,55,70",E0_only,0,,1,,1,,
"2,52,58,77",E0_only,1,,1,,0,,
"2,52,66,76",E1_only,,0,,0,,0,
"2,55,61,69",E0_only,1,,1,,0,,
"2,58,65,70",E0_only,0,,0,,0,,
"2,58,65,77",E0_only,0,,1,,1,,
"2,6,11,38",overlap,0,0,1,1,1,1,0
"2,6,11,42",E0_only,0,,1,,1,,
"2,6,12,38",E1_only,,1,,1,,0,
"2,6,12,56",E0_only,0,,1,,1,,
"2,6,20,74",E0_only,1,,0,,-1,,
"2,6,27,70",E0_only,0,,0,,0,,
"2,6,28,54",E0_only,1,,0,,-1,,
"2,6,36,46",E1_only,,0,,0,,0,
"2,6,36,64",E0_only,1,,0,,-1,,
"2,6,54,55",overlap,0,0,1,1,1,1,0
"2,6,56,74",E1_only,,0,,1,,1,
"2,64,67,68",E0_only,0,,0,,0,,
"20,21,22,38",E1_only,,0,,0,,0,
"20,21,22,49",E1_only,,0,,0,,0,
"20,21,22,57",E1_only,,1,,0,,-1,
"20,21,23,41",E1_only,,1,,1,,0,
"20,21,24,29",E1_only,,1,,0,,-1,
"20,21,30,38",E0_only,1,,1,,0,,
"20,21,39,40",E1_only,,1,,0,,-1,
"20,21,39,41",overlap,0,0,0,0,0,0,0
"20,21,39,58",overlap,0,0,1,1,1,1,0
"20,21,42,48",E0_only,1,,1,,0,,
"20,22,31,41",overlap,1,1,0,0,-1,-1,0
"20,23,31,39",overlap,0,0,0,0,0,0,0
"20,23,32,51",E1_only,,0,,0,,0,
"20,23,32,60",E0_only,0,,1,,1,,
"20,23,33,51",E1_only,,1,,0,,-1,
"20,23,40,42",E0_only,0,,0,,0,,
"20,23,49,60",overlap,1,1,0,0,-1,-1,0
"20,24,39,50",E1_only,,1,,0,,-1,
"20,31,42,48",E1_only,,0,,0,,0,
"20,31,48,51",E0_only,0,,1,,1,,
"20,41,50,59",overlap,0,0,0,0,0,0,0
"21,22,23,30",E1_only,,0,,0,,0,
"21,22,30,40",overlap,1,1,0,0,-1,-1,0
"21,22,30,57",E0_only,0,,1,,1,,
"21,22,31,39",E0_only,0,,1,,1,,
"21,22,39,51",E0_only,1,,0,,-1,,
"21,22,40,42",E1_only,,1,,1,,0,
"21,22,47,49",E0_only,1,,1,,0,,
"21,23,48,59",E1_only,,0,,0,,0,
"21,30,33,49",E1_only,,0,,0,,0,
"21,30,33,57",E1_only,,0,,0,,0,
"21,30,38,57",E1_only,,0,,0,,0,
"21,30,40,57",E0_only,0,,0,,0,,
"21,31,33,57",E0_only,0,,1,,1,,
"21,32,49,50",E1_only,,1,,0,,-1,
"21,39,40,48",E1_only,,1,,0,,-1,
"22,38,41,50",E0_only,0,,0,,0,,
"3,10,12,13",E0_only,0,,1,,1,,
"3,10,13,28",E0_only,0,,0,,0,,
"3,10,15,68",E0_only,1,,1,,0,,
"3,10,21,30",E1_only,,1,,0,,-1,
"3,10,22,32",E0_only,1,,1,,0,,
"3,10,23,43",E1_only,,1,,1,,0,
"3,10,23,48",E0_only,0,,1,,1,,
"3,10,24,66",E1_only,,0,,0,,0,
"3,10,25,61",E0_only,1,,1,,0,,
"3,10,30,37",E0_only,0,,0,,0,,
"3,10,30,57",E1_only,,1,,0,,-1,
"3,10,31,66",E0_only,0,,0,,0,,
"3,10,34,50",E1_only,,1,,1,,0,
"3,10,45,52",E0_only,0,,1,,1,,
"3,10,50,75",overlap,0,0,0,0,0,0,0
"3,10,68,75",E0_only,1,,1,,0,,
"3,11,12,15",E1_only,,0,,1,,1,
"3,11,14,16",E0_only,0,,1,,1,,
"3,11,15,25",E1_only,,0,,0,,0,
"3,11,19,24",E1_only,,1,,1,,0,
"3,11,19,30",overlap,1,1,1,1,0,0,0
"3,11,19,53",E1_only,,0,,1,,1,
"3,11,20,27",E1_only,,1,,0,,-1,
"3,11,20,39",E0_only,0,,0,,0,,
"3,11,20,51",E0_only,0,,0,,0,,
"3,11,20,55",overlap,1,1,0,0,-1,-1,0
"3,11,20,59",overlap,0,0,0,0,0,0,0
"3,11,23,49",E1_only,,1,,1,,0,
"3,11,25,38",E1_only,,1,,0,,-1,
"3,11,27,77",E0_only,1,,1,,0,,
"3,11,28,35",E0_only,0,,1,,1,,
"3,11,28,39",E0_only,0,,1,,1,,
"3,11,31,33",overlap,1,1,0,0,-1,-1,0
"3,11,33,51",E1_only,,1,,1,,0,
"3,11,33,61",E1_only,,0,,0,,0,
"3,11,36,46",E0_only,0,,0,,0,,
"3,11,36,53",overlap,0,0,0,0,0,0,0
"3,11,41,42",E1_only,,1,,0,,-1,
"3,11,43,66",E0_only,0,,0,,0,,
"3,11,48,52",E0_only,1,,1,,0,,
"3,11,52,61",E1_only,,0,,0,,0,
"3,11,55,56",E0_only,0,,0,,0,,
"3,11,65,68",E0_only,0,,1,,1,,
"3,12,13,23",E1_only,,0,,1,,1,
"3,12,15,16",E0_only,1,,0,,-1,,
"3,12,21,42",E0_only,1,,1,,0,,
"3,12,21,67",overlap,0,0,1,1,1,1,0
"3,12,27,77",E1_only,,0,,1,,1,
"3,12,30,35",E1_only,,1,,0,,-1,
"3,12,55,57",overlap,1,1,1,1,0,0,0
"3,12,57,77",E1_only,,1,,1,,0,
"3,13,16,43",E0_only,0,,0,,0,,
"3,13,19,24",E1_only,,1,,1,,0,
"3,13,35,75",overlap,1,1,0,0,-1,-1,0
"3,13,35,77",E0_only,0,,1,,1,,
"3,13,38,58",E0_only,1,,1,,0,,
"3,13,39,55",E1_only,,0,,1,,1,
"3,13,40,49",E0_only,1,,1,,0,,
"3,13,40,50",E0_only,1,,1,,0,,
"3,13,40,51",E1_only,,0,,0,,0,
"3,13,40,53",E0_only,0,,0,,0,,
"3,13,42,69",E1_only,,1,,1,,0,
"3,13,44,70",E1_only,,0,,0,,0,
"3,13,45,65",E0_only,0,,0,,0,,
"3,13,46,66",E1_only,,0,,0,,0,
"3,13,47,75",E0_only,0,,1,,1,,
"3,13,48,57",E1_only,,0,,0,,0,
"3,13,55,66",E1_only,,1,,0,,-1,
"3,14,15,33",E1_only,,0,,1,,1,
"3,14,16,23",E0_only,1,,1,,0,,
"3,14,20,59",E1_only,,0,,1,,1,
"3,14,28,30",E1_only,,1,,0,,-1,
"3,14,28,50",E1_only,,1,,1,,0,
"3,14,34,66",E0_only,0,,0,,0,,
"3,14,36,65",E0_only,0,,1,,1,,
"3,14,36,66",E0_only,1,,0,,-1,,
"3,14,37,38",overlap,0,0,0,0,0,0,0
"3,14,39,43",E1_only,,1,,0,,-1,
"3,14,43,48",E0_only,0,,1,,1,,
"3,14,48,57",E1_only,,1,,0,,-1,
"3,14,50,70",E1_only,,0,,0,,0,
"3,14,51,56",overlap,1,1,1,1,0,0,0
"3,14,53,60",E1_only,,1,,0,,-1,
"3,14,58,59",E0_only,1,,1,,0,,
"3,14,66,69",E0_only,1,,1,,0,,
"3,15,21,48",E1_only,,1,,0,,-1,
"3,15,22,32",E1_only,,1,,0,,-1,
"3,15,22,67",overlap,1,1,1,1,0,0,0
"3,15,23,32",E1_only,,1,,1,,0,
"3,15,27,56",E0_only,0,,1,,1,,
"3,15,40,55",E0_only,0,,1,,1,,
"3,15,40,67",E0_only,1,,1,,0,,
"3,15,42,70",E0_only,1,,0,,-1,,
"3,15,43,58",E0_only,1,,1,,0,,
"3,15,44,45",E0_only,1,,1,,0,,
"3,15,44,59",E0_only,1,,1,,0,,
"3,15,51,59",E1_only,,0,,0,,0,
"3,15,53,57",E0_only,1,,0,,-1,,
"3,15,53,66",E0_only,0,,0,,0,,
"3,16,24,44",E1_only,,1,,0,,-1,
"3,16,25,31",overlap,1,1,1,1,0,0,0
"3,16,25,38",E1_only,,1,,1,,0,
"3,16,30,34",E0_only,1,,0,,-1,,
"3,16,30,70",E0_only,1,,0,,-1,,
"3,16,43,68",E0_only,0,,1,,1,,
"3,16,46,51",E0_only,1,,1,,0,,
"3,16,49,51",E1_only,,1,,1,,0,
"3,19,20,25",E1_only,,0,,1,,1,
"3,19,24,52",E0_only,1,,1,,0,,
"3,19,28,46",E1_only,,0,,1,,1,
"3,19,28,50",E1_only,,0,,0,,0,
"3,19,30,41",E1_only,,0,,1,,1,
"3,19,30,57",E1_only,,0,,0,,0,
"3,19,31,39",E1_only,,1,,1,,0,
"3,19,33,65",E1_only,,0,,1,,1,
"3,19,37,42",E1_only,,0,,1,,1,
"3,19,39,55",E1_only,,0,,1,,1,
"3,19,40,57",E0_only,1,,1,,0,,
"3,19,44,66",E0_only,1,,1,,0,,
"3,19,49,64",E0_only,0,,1,,1,,
"3,19,53,65",E0_only,1,,1,,0,,
"3,20,23,32",overlap,1,1,0,0,-1,-1,0
"3,20,23,47",E0_only,0,,0,,0,,
"3,20,25,50",E0_only,0,,0,,0,,
"3,20,29,47",E0_only,1,,0,,-1,,
"3,20,47,59",E1_only,,1,,1,,0,
"3,21,22,32",E1_only,,0,,1,,1,
"3,21,27,31",overlap,0,0,1,1,1,1,0
"3,21,28,37",E0_only,1,,1,,0,,
"3,21,30,36",E1_only,,1,,1,,0,
"3,21,30,68",E0_only,1,,0,,-1,,
"3,21,31,42",E1_only,,1,,0,,-1,
"3,21,31,52",E0_only,1,,1,,0,,
"3,21,31,61",E1_only,,0,,1,,1,
"3,21,33,59",E1_only,,1,,1,,0,
"3,21,37,43",E1_only,,1,,0,,-1,
"3,21,38,75",E0_only,1,,0,,-1,,
"3,21,42,66",E1_only,,0,,0,,0,
"3,21,53,57",E0_only,1,,1,,0,,
"3,22,23,33",overlap,0,0,0,0,0,0,0
"3,22,29,38",overlap,1,1,0,0,-1,-1,0
"3,22,30,70",E0_only,0,,1,,1,,
"3,22,34,55",E0_only,0,,0,,0,,
"3,22,39,49",E1_only,,1,,0,,-1,
"3,22,40,60",E0_only,0,,1,,1,,
"3,23,29,30",E0_only,1,,0,,-1,,
"3,23,29,40",E1_only,,1,,1,,0,
"3,23,30,33",overlap,0,0,0,0,0,0,0
"3,23,30,55",E0_only,1,,1,,0,,
"3,23,31,59",overlap,0,0,1,1,1,1,0
"3,23,34,43",E0_only,0,,1,,1,,
"3,23,36,55",E1_only,,1,,1,,0,
"3,23,37,57",E0_only,1,,0,,-1,,
"3,23,40,43",E0_only,0,,0,,0,,
"3,23,41,48",E1_only,,1,,1,,0,
"3,23,42,58",E1_only,,1,,1,,0,
"3,23,43,60",E0_only,1,,1,,0,,
"3,23,50,51",E0_only,1,,1,,0,,
"3,24,28,38",E1_only,,1,,1,,0,
"3,24,29,75",E0_only,0,,1,,1,,
"3,24,30,58",E0_only,0,,0,,0,,
"3,24,38,51",E1_only,,1,,1,,0,
"3,24,46,56",E1_only,,0,,0,,0,
"3,24,66,70",overlap,1,1,0,0,-1,-1,0
"3,25,28,34",E0_only,1,,0,,-1,,
"3,25,30,43",E0_only,0,,1,,1,,
"3,25,31,61",E1_only,,1,,1,,0,
"3,25,33,43",E0_only,0,,1,,1,,
"3,25,37,77",E0_only,1,,1,,0,,
"3,25,40,57",E0_only,1,,1,,0,,
"3,25,43,60",E0_only,1,,0,,-1,,
"3,25,49,61",overlap,0,0,0,0,0,0,0
"3,25,59,76",E0_only,1,,1,,0,,
"3,27,32,60",E1_only,,0,,1,,1,
"3,27,42,43",E1_only,,1,,0,,-1,
"3,28,30,37",E1_only,,0,,1,,1,
"3,28,33,37",E1_only,,1,,0,,-1,
"3,28,34,48",E0_only,0,,1,,1,,
"3,28,38,53",E0_only,1,,1,,0,,
"3,28,70,76",E1_only,,1,,1,,0,
"3,29,30,41",E1_only,,0,,0,,0,
"3,29,30,69",overlap,1,1,1,1,0,0,0
"3,29,35,41",E0_only,1,,1,,0,,
"3,29,36,43",E0_only,0,,1,,1,,
"3,29,37,43",E1_only,,1,,0,,-1,
"3,29,41,59",overlap,1,1,1,1,0,0,0
"3,29,49,57",E0_only,0,,0,,0,,
"3,29,61,76",E1_only,,1,,1,,0,
"3,30,32,75",E0_only,0,,0,,0,,
"3,30,33,39",overlap,0,0,0,0,0,0,0
"3,30,33,65",E0_only,0,,1,,1,,
"3,30,34,60",E0_only,0,,1,,1,,
"3,30,40,59",E0_only,1,,1,,0,,
"3,30,49,75",overlap,0,0,1,1,1,1,0
"3,30,57,58",E1_only,,1,,0,,-1,
"3,31,32,34",E1_only,,0,,1,,1,
"3,31,32,38",E1_only,,0,,1,,1,
"3,31,36,66",overlap,0,0,1,1,1,1,0
"3,31,39,47",overlap,1,1,0,0,-1,-1,0
"3,31,43,48",E0_only,0,,0,,0,,
"3,31,47,61",E0_only,0,,1,,1,,
"3,31,50,57",E1_only,,0,,1,,1,
"3,31,51,60",overlap,0,0,0,0,0,0,0
"3,32,34,66",E0_only,0,,1,,1,,
"3,32,36,67",E0_only,1,,1,,0,,
"3,33,34,59",E1_only,,0,,1,,1,
"3,33,43,55",E1_only,,0,,0,,0,
"3,33,43,70",E1_only,,0,,0,,0,
"3,33,49,50",E0_only,1,,0,,-1,,
"3,33,58,65",E1_only,,1,,0,,-1,
"3,33,59,76",E0_only,0,,0,,0,,
"3,33,64,66",E1_only,,0,,0,,0,
"3,34,36,49",E1_only,,0,,1,,1,
"3,34,45,77",E1_only,,0,,1,,1,
"3,34,52,66",E0_only,0,,0,,0,,
"3,34,60,76",E0_only,1,,1,,0,,
"3,34,67,70",E1_only,,0,,0,,0,
"3,36,43,68",E0_only,0,,0,,0,,
"3,36,43,70",E0_only,1,,0,,-1,,
"3,36,65,67",E1_only,,1,,1,,0,
"3,36,66,68",E1_only,,0,,0,,0,
"3,37,47,50",E1_only,,0,,0,,0,
"3,37,47,70",E0_only,1,,0,,-1,,
"3,37,59,70",overlap,0,0,0,0,0,0,0
"3,38,39,44",E1_only,,1,,0,,-1,
"3,38,40,51",E1_only,,0,,1,,1,
"3,38,48,59",E0_only,1,,0,,-1,,
"3,38,55,67",E1_only,,0,,0,,0,
"3,38,60,66",E0_only,0,,0,,0,,
"3,39,43,48",E1_only,,0,,1,,1,
"3,39,43,69",E0_only,1,,0,,-1,,
"3,39,48,58",E0_only,0,,0,,0,,
"3,39,48,59",E1_only,,0,,0,,0,
"3,39,56,67",overlap,0,0,1,1,1,1,0
"3,4,10,28",E0_only,0,,1,,1,,
"3,4,10,29",E1_only,,0,,1,,1,
"3,4,11,53",E0_only,1,,1,,0,,
"3,4,13,21",E0_only,0,,0,,0,,
"3,4,14,40",overlap,0,0,1,1,1,1,0
"3,4,14,50",E0_only,0,,1,,1,,
"3,4,16,20",E1_only,,1,,1,,0,
"3,4,19,20",E0_only,1,,1,,0,,
"3,4,23,49",E0_only,0,,1,,1,,
"3,4,24,25",E0_only,0,,1,,1,,
"3,4,24,39",E0_only,1,,0,,-1,,
"3,4,27,40",E1_only,,1,,1,,0,
"3,4,29,33",overlap,1,1,0,0,-1,-1,0
"3,4,29,36",E1_only,,1,,1,,0,
"3,4,40,48",E1_only,,1,,0,,-1,
"3,4,42,50",E1_only,,1,,1,,0,
"3,4,46,59",E1_only,,1,,0,,-1,
"3,4,48,60",E0_only,0,,0,,0,,
"3,4,53,77",overlap,1,1,0,0,-1,-1,0
"3,4,60,68",E1_only,,0,,0,,0,
"3,4,61,77",E0_only,0,,0,,0,,
"3,40,43,55",E0_only,0,,1,,1,,
"3,41,46,49",E1_only,,1,,1,,0,
"3,41,50,57",E0_only,0,,0,,0,,
"3,42,52,65",overlap,1,1,1,1,0,0,0
"3,43,49,60",E1_only,,1,,0,,-1,
"3,43,51,55",overlap,0,0,0,0,0,0,0
"3,43,51,70",E1_only,,0,,0,,0,
"3,43,55,57",E1_only,,0,,1,,1,
"3,43,56,59",E0_only,1,,0,,-1,,
"3,43,57,58",E0_only,0,,1,,1,,
"3,44,48,68",E0_only,1,,1,,0,,
"3,47,56,66",overlap,1,1,0,0,-1,-1,0
"3,47,57,68",E1_only,,0,,0,,0,
"3,48,49,50",E1_only,,0,,1,,1,
"3,48,49,65",E1_only,,1,,1,,0,
"3,48,57,76",E1_only,,1,,1,,0,
"3,48,66,67",E0_only,1,,0,,-1,,
"3,49,50,52",E1_only,,0,,1,,1,
"3,5,11,21",overlap,1,1,0,0,-1,-1,0
"3,5,11,32",E1_only,,0,,1,,1,
"3,5,12,21",E0_only,1,,0,,-1,,
"3,5,13,27",E0_only,1,,0,,-1,,
"3,5,21,43",E1_only,,0,,0,,0,
"3,5,21,59",E1_only,,1,,1,,0,
"3,5,29,32",E0_only,0,,1,,1,,
"3,5,29,49",overlap,0,0,1,1,1,1,0
"3,5,31,39",overlap,0,0,0,0,0,0,0
"3,5,36,43",E1_only,,1,,0,,-1,
"3,5,37,50",E1_only,,0,,0,,0,
"3,5,37,58",E0_only,1,,0,,-1,,
"3,5,65,66",E1_only,,0,,0,,0,
"3,50,55,60",E0_only,0,,1,,1,,
"3,55,58,66",E0_only,0,,0,,0,,
"3,55,60,76",overlap,1,1,1,0,0,-1,-1
"3,56,65,66",E1_only,,0,,0,,0,
"3,58,59,65",overlap,0,0,0,0,0,0,0
"3,58,59,66",E1_only,,0,,1,,1,
"3,64,68,69",E0_only,0,,0,,0,,
"30,31,39,41",overlap,0,0,0,0,0,0,0
"30,31,40,48",overlap,0,0,0,0,0,0,0
"4,10,12,38",E0_only,1,,0,,-1,,
"4,10,12,55",overlap,0,0,0,0,0,0,0
"4,10,12,66",E0_only,1,,0,,-1,,
"4,10,13,41",E1_only,,0,,0,,0,
"4,10,13,55",E1_only,,0,,0,,0,
"4,10,13,58",E0_only,0,,0,,0,,
"4,10,14,52",E1_only,,0,,0,,0,
"4,10,15,59",E0_only,1,,0,,-1,,
"4,10,15,64",overlap,1,1,0,0,-1,-1,0
"4,10,23,37",E0_only,1,,1,,0,,
"4,10,24,60",E0_only,0,,1,,1,,
"4,10,30,43",E1_only,,1,,0,,-1,
"4,10,32,34",E0_only,1,,1,,0,,
"4,10,36,51",E0_only,1,,1,,0,,
"4,10,38,47",E0_only,0,,0,,0,,
"4,10,39,66",E0_only,0,,1,,1,,
"4,10,55,58",E1_only,,0,,0,,0,
"4,10,55,65",E1_only,,1,,1,,0,
"4,11,12,19",E0_only,0,,0,,0,,
"4,11,12,38",E1_only,,1,,1,,0,
"4,11,19,31",E0_only,1,,1,,0,,
"4,11,19,39",E0_only,1,,0,,-1,,
"4,11,20,56",E1_only,,0,,0,,0,
"4,11,22,28",E1_only,,1,,1,,0,
"4,11,28,38",E1_only,,0,,0,,0,
"4,11,29,56",E0_only,0,,0,,0,,
"4,11,31,33",overlap,0,0,1,1,1,1,0
"4,11,31,49",E0_only,0,,1,,1,,
"4,11,33,47",E1_only,,1,,0,,-1,
"4,11,43,68",E1_only,,1,,0,,-1,
"4,11,47,61",overlap,1,1,1,1,0,0,0
"4,11,50,68",E1_only,,0,,1,,1,
"4,11,66,68",E0_only,1,,0,,-1,,
"4,12,13,44",E0_only,0,,0,,0,,
"4,12,13,49",E0_only,1,,1,,0,,
"4,12,22,32",E0_only,0,,0,,0,,
"4,12,25,76",E1_only,,1,,0,,-1,
"4,12,29,40",E0_only,1,,1,,0,,
"4,12,30,44",E0_only,1,,1,,0,,
"4,12,34,44",E1_only,,0,,0,,0,
"4,12,39,42",E1_only,,1,,1,,0,
"4,12,40,70",overlap,1,1,1,1,0,0,0
"4,12,42,58",E1_only,,1,,0,,-1,
"4,12,43,76",overlap,0,0,0,0,0,0,0
"4,12,44,46",E1_only,,1,,1,,0,
"4,12,46,66",E1_only,,1,,1,,0,
"4,13,19,76",overlap,1,1,1,1,0,0,0
"4,13,20,31",E0_only,0,,0,,0,,
"4,13,22,66",E1_only,,1,,0,,-1,
"4,13,46,49",E0_only,1,,1,,0,,
"4,19,22,59",E1_only,,1,,0,,-1,
"4,19,33,64",E0_only,1,,1,,0,,
"4,19,43,49",E1_only,,1,,0,,-1,
"4,19,49,67",E1_only,,0,,0,,0,
"4,19,50,59",E0_only,0,,1,,1,,
"4,19,55,66",E0_only,1,,1,,0,,
"4,19,59,69",E0_only,1,,0,,-1,,
"4,19,61,68",E0_only,0,,1,,1,,
"4,19,61,69",E1_only,,0,,0,,0,
"4,20,22,40",E0_only,1,,1,,0,,
"4,20,22,46",overlap,1,1,0,0,-1,-1,0
"4,20,23,51",E1_only,,1,,0,,-1,
"4,20,24,38",E0_only,1,,1,,0,,
"4,20,28,37",E0_only,0,,1,,1,,
"4,20,30,50",E1_only,,0,,0,,0,
"4,20,31,58",E1_only,,1,,1,,0,
"4,20,32,34",E0_only,0,,0,,0,,
"4,20,32,40",E0_only,1,,0,,-1,,
"4,20,43,60",E0_only,1,,1,,0,,
"4,20,46,47",E0_only,1,,0,,-1,,
"4,20,49,67",E1_only,,0,,0,,0,
"4,20,51,60",E1_only,,0,,0,,0,
"4,21,28,68",E1_only,,0,,0,,0,
"4,21,29,32",E0_only,0,,0,,0,,
"4,21,29,66",E0_only,1,,1,,0,,
"4,21,30,40",E0_only,0,,0,,0,,
"4,21,30,42",E1_only,,0,,1,,1,
"4,21,32,38",E0_only,0,,0,,0,,
"4,21,38,48",E0_only,0,,0,,0,,
"4,21,48,58",E0_only,0,,0,,0,,
"4,21,48,60",E1_only,,0,,1,,1,
"4,22,29,38",E0_only,1,,0,,-1,,
"4,22,56,58",E0_only,1,,1,,0,,
"4,28,30,46",E0_only,0,,0,,0,,
"4,28,31,44",E0_only,1,,0,,-1,,
"4,28,31,49",E0_only,0,,0,,0,,
"4,28,40,50",E0_only,0,,0,,0,,
"4,28,44,76",E0_only,0,,0,,0,,
"4,28,46,66",overlap,1,1,0,0,-1,-1,0
"4,28,48,51",overlap,0,0,1,1,1,1,0
"4,28,51,61",overlap,1,1,0,0,-1,-1,0
"4,29,38,57",E0_only,0,,1,,1,,
"4,29,40,42",E1_only,,0,,0,,0,
"4,29,46,57",E1_only,,1,,1,,0,
"4,29,50,61",E1_only,,1,,1,,0,
"4,30,42,61",E1_only,,1,,0,,-1,
"4,30,50,61",E0_only,0,,1,,1,,
"4,30,66,67",E1_only,,0,,0,,0,
"4,31,37,40",E1_only,,0,,0,,0,
"4,31,38,40",E1_only,,0,,0,,0,
"4,31,47,58",E0_only,1,,1,,0,,
"4,31,49,56",E0_only,1,,0,,-1,,
"4,31,49,65",overlap,1,1,1,1,0,0,0
"4,31,58,65",E0_only,0,,0,,0,,
"4,36,42,43",E1_only,,0,,1,,1,
"4,36,42,52",E1_only,,0,,1,,1,
"4,36,43,59",E1_only,,0,,0,,0,
"4,37,41,48",E1_only,,1,,0,,-1,
"4,37,57,68",E1_only,,1,,1,,0,
"4,38,39,42",E1_only,,0,,1,,1,
"4,38,40,41",E0_only,0,,0,,0,,
"4,39,41,46",E0_only,0,,1,,1,,
"4,39,49,50",E1_only,,1,,0,,-1,
"4,39,49,55",E0_only,0,,0,,0,,
"4,39,59,69",E0_only,0,,0,,0,,
"4,39,61,67",E0_only,0,,0,,0,,
"4,46,49,52",E1_only,,0,,1,,1,
"4,47,51,64",E0_only,0,,1,,1,,
"4,47,55,60",E1_only,,0,,0,,0,
"4,55,58,67",E1_only,,0,,0,,0,
