canonical_parent,y00_T,y01_TO,y10_TE,y11_raw,O_effect_E0,O_effect_E1,interaction,in_holdout_census_O0,in_holdout_census_O1,top_T,top_TE,top_TO,top_raw,diff_E_at_O0,diff_O_at_E0,diff_E_at_O1,diff_O_at_E1,distinct_moves,top_T_eq_top_TO,top_TE_eq_top_raw,top_T_eq_top_TE,top_TO_eq_top_raw,cause_class,pair_T,pair_E,pair_O,pair_raw,true_T,true_E,true_O,true_raw
"0,1,16,18",0,0,0,0,0,0,0,0,0,6,6,9,9,0,1,0,1,2,0,0,1,1,O-only,25,0,2,27,26,0,0,26
"0,1,18,33",1,0,1,0,-1,-1,0,0,0,57,57,6,6,0,1,0,1,2,0,0,1,1,O-only,19,0,2,21,20,0,0,20
"0,1,23,32",0,0,0,0,0,0,0,0,0,5,5,2,2,0,1,0,1,2,0,0,1,1,O-only,20,0,2,22,21,0,0,21
"0,1,71,76",1,1,1,1,0,0,0,0,0,31,31,8,8,0,1,0,1,2,0,0,1,1,O-only,14,0,2,16,15,0,0,15
"0,11,38,60",1,0,1,0,-1,-1,0,1,1,20,20,30,30,0,1,0,1,2,0,0,1,1,O-only,21,0,2,23,22,0,0,22
"0,11,50,59",1,0,1,0,-1,-1,0,1,1,14,14,56,56,0,1,0,1,2,0,0,1,1,O-only,18,0,2,20,19,0,0,19
"0,12,15,74",1,1,1,1,0,0,0,1,1,11,11,63,63,0,1,0,1,2,0,0,1,1,O-only,19,0,2,21,20,0,0,20
"0,12,23,50",1,0,1,0,-1,-1,0,1,1,32,42,40,40,1,1,0,1,3,0,0,0,1,O-only,18,2,2,22,19,1,0,20
"0,12,24,58",1,0,1,0,-1,-1,0,1,1,4,4,36,36,0,1,0,1,2,0,0,1,1,O-only,19,0,2,21,20,0,0,20
"0,13,23,56",1,1,1,1,0,0,0,0,0,24,24,45,45,0,1,0,1,2,0,0,1,1,O-only,13,0,2,15,14,0,0,14
"0,13,39,43",1,0,1,0,-1,-1,0,1,1,36,36,40,40,0,1,0,1,2,0,0,1,1,O-only,20,0,2,22,21,0,0,21
"0,13,43,65",1,0,1,0,-1,-1,0,0,0,76,76,70,70,0,1,0,1,2,0,0,1,1,O-only,20,0,2,22,21,0,0,21
"0,13,56,65",0,1,0,1,1,1,0,1,1,76,76,70,70,0,1,0,1,2,0,0,1,1,O-only,17,0,2,19,18,0,0,18
"0,14,31,40",0,0,0,0,0,0,0,0,0,50,50,4,30,0,1,1,1,3,0,0,1,0,synergy,19,2,2,23,21,1,0,22
"0,14,40,49",1,1,1,1,0,0,0,1,1,9,9,4,4,0,1,0,1,2,0,0,1,1,O-only,19,0,2,21,20,0,0,20
"0,14,50,53",0,1,0,1,1,1,0,1,1,44,44,70,70,0,1,0,1,2,0,0,1,1,O-only,21,0,2,23,22,0,0,22
"0,15,22,60",0,1,0,1,1,1,0,1,1,30,30,36,36,0,1,0,1,2,0,0,1,1,O-only,20,0,2,22,21,0,0,21
"0,15,31,41",1,0,1,0,-1,-1,0,1,1,5,5,63,63,0,1,0,1,2,0,0,1,1,O-only,19,0,2,21,20,0,0,20
"0,16,33,67",0,1,0,1,1,1,0,0,0,5,5,44,44,0,1,0,1,2,0,0,1,1,O-only,17,3,3,23,18,3,1,22
"0,16,75,76",1,0,1,0,-1,-1,0,1,1,64,64,72,72,0,1,0,1,2,0,0,1,1,O-only,16,0,2,18,17,0,0,17
"0,17,23,60",0,0,0,0,0,0,0,1,1,68,68,80,80,0,1,0,1,2,0,0,1,1,O-only,13,0,2,15,14,0,0,14
"0,17,41,60",0,0,0,0,0,0,0,1,1,8,8,10,10,0,1,0,1,2,0,0,1,1,O-only,15,0,2,17,16,0,0,16
"0,2,18,24",0,0,0,0,0,0,0,0,0,3,54,5,5,1,1,0,1,3,0,0,0,1,both,15,4,2,21,16,2,0,18
"0,2,34,60",0,0,0,0,0,0,0,0,0,10,10,4,4,0,1,0,1,2,0,0,1,1,O-only,21,0,2,23,22,0,0,22
"0,2,43,60",1,1,1,1,0,0,0,0,0,10,10,3,3,0,1,0,1,2,0,0,1,1,O-only,21,0,2,23,22,0,0,22
"0,2,52,57",0,1,0,1,1,1,0,0,0,12,12,7,7,0,1,0,1,2,0,0,1,1,O-only,18,0,2,20,19,0,0,19
"0,2,54,69",0,1,0,1,1,1,0,0,0,9,9,6,6,0,1,0,1,2,0,0,1,1,O-only,23,0,2,25,24,0,0,24
"0,20,23,56",1,1,1,1,0,0,0,1,1,50,50,30,30,0,1,0,1,2,0,0,1,1,O-only,20,0,2,22,21,0,0,21
"0,20,33,42",0,1,0,1,1,1,0,1,1,60,60,50,50,0,1,0,1,2,0,0,1,1,O-only,23,0,2,25,24,0,0,24
"0,21,33,48",1,1,1,1,0,0,0,1,1,57,57,28,28,0,1,0,1,2,0,0,1,1,O-only,22,0,2,24,23,0,0,23
"0,21,40,43",0,1,0,1,1,1,0,1,1,37,37,24,24,0,1,0,1,2,0,0,1,1,O-only,19,0,2,21,20,0,0,20
"0,22,24,38",1,1,1,1,0,0,0,1,1,30,30,19,19,0,1,0,1,2,0,0,1,1,O-only,16,2,2,20,17,2,0,19
"0,22,41,43",0,0,0,0,0,0,0,1,1,38,38,36,36,0,1,0,1,2,0,0,1,1,O-only,16,0,2,18,17,0,0,17
"0,23,49,76",1,1,1,1,0,0,0,1,1,13,13,50,50,0,1,0,1,2,0,0,1,1,O-only,14,0,2,16,15,0,0,15
"0,23,56,62",1,0,1,0,-1,-1,0,1,1,55,55,24,24,0,1,0,1,2,0,0,1,1,O-only,16,0,2,18,17,0,0,17
"0,23,57,77",0,1,0,1,1,1,0,1,1,33,33,50,50,0,1,0,1,2,0,0,1,1,O-only,20,0,2,22,21,0,0,21
"0,24,30,78",1,0,1,0,-1,-1,0,1,1,33,33,70,70,0,1,0,1,2,0,0,1,1,O-only,21,0,3,24,22,0,0,22
"0,24,48,60",1,1,1,1,0,0,0,1,1,40,40,50,50,0,1,0,1,2,0,0,1,1,O-only,21,1,3,25,22,2,0,24
"0,24,52,74",0,1,0,1,1,1,0,1,1,45,45,76,76,0,1,0,1,2,0,0,1,1,O-only,17,0,2,19,18,0,0,18
"0,3,12,15",0,1,0,1,1,1,0,0,0,60,60,4,4,0,1,0,1,2,0,0,1,1,O-only,19,1,2,22,20,1,0,21
"0,3,12,29",1,1,1,1,0,0,0,0,0,57,57,5,5,0,1,0,1,2,0,0,1,1,O-only,19,1,3,23,21,0,0,21
"0,3,20,58",1,0,1,0,-1,-1,0,1,1,60,60,4,4,0,1,0,1,2,0,0,1,1,O-only,18,0,2,20,19,0,0,19
"0,3,25,39",0,0,0,0,0,0,0,1,1,5,5,7,7,0,1,0,1,2,0,0,1,1,O-only,16,1,2,19,17,1,0,18
"0,3,39,65",0,0,0,0,0,0,0,1,1,66,66,9,9,0,1,0,1,2,0,0,1,1,O-only,21,0,2,23,22,0,0,22
"0,3,65,72",1,0,1,0,-1,-1,0,1,1,2,2,9,9,0,1,0,1,2,0,0,1,1,O-only,17,0,2,19,18,0,0,18
"0,32,42,58",0,1,0,1,1,1,0,1,1,2,2,50,50,0,1,0,1,2,0,0,1,1,O-only,17,0,2,19,18,0,0,18
"0,32,43,76",1,1,1,1,0,0,0,1,1,52,52,64,64,0,1,0,1,2,0,0,1,1,O-only,18,0,2,20,19,0,0,19
"0,32,57,59",0,1,0,1,1,1,0,1,1,33,33,5,5,0,1,0,1,2,0,0,1,1,O-only,20,0,2,22,21,0,0,21
"0,33,40,51",0,1,0,1,1,1,0,1,1,60,60,24,24,0,1,0,1,2,0,0,1,1,O-only,23,0,2,25,24,0,0,24
"0,33,41,68",1,0,1,0,-1,-1,0,1,1,60,60,5,5,0,1,0,1,2,0,0,1,1,O-only,19,0,2,21,20,0,0,20
"0,33,49,76",0,1,0,1,1,1,0,1,1,60,60,4,4,0,1,0,1,2,0,0,1,1,O-only,17,0,2,19,18,0,0,18
"0,34,62,78",1,0,1,0,-1,-1,0,1,1,74,74,70,70,0,1,0,1,2,0,0,1,1,O-only,17,0,2,19,18,0,0,18
"0,4,10,68",0,1,0,1,1,1,0,1,1,67,67,60,60,0,1,0,1,2,0,0,1,1,O-only,24,0,2,26,25,0,0,25
"0,4,11,66",1,1,1,1,0,0,0,1,1,67,67,3,3,0,1,0,1,2,0,0,1,1,O-only,24,0,3,27,25,0,0,25
"0,4,12,45",0,0,0,0,0,0,0,0,0,36,36,24,24,0,1,0,1,2,0,0,1,1,O-only,21,0,2,23,22,0,0,22
"0,4,14,62",0,0,0,0,0,0,0,1,1,5,5,2,2,0,1,0,1,2,0,0,1,1,O-only,16,0,2,18,17,0,0,17
"0,4,17,26",0,1,0,1,1,1,0,1,1,8,8,7,7,0,1,0,1,2,0,0,1,1,O-only,21,0,2,23,22,0,0,22
"0,4,25,65",1,1,1,1,0,0,0,1,1,76,76,5,5,0,1,0,1,2,0,0,1,1,O-only,17,0,2,19,18,0,0,18
"0,4,35,62",0,1,0,1,1,1,0,1,1,8,8,5,5,0,1,0,1,2,0,0,1,1,O-only,21,0,2,23,22,0,0,22
"0,4,40,42",1,0,1,0,-1,-1,0,0,0,38,38,2,2,0,1,0,1,2,0,0,1,1,O-only,19,2,2,23,20,2,0,22
"0,4,52,69",1,1,1,1,0,0,0,1,1,12,12,76,76,0,1,0,1,2,0,0,1,1,O-only,17,0,2,19,18,0,0,18
"0,43,52,67",0,1,0,1,1,1,0,1,1,36,36,60,60,0,1,0,1,2,0,0,1,1,O-only,20,0,2,22,21,0,0,21
"0,5,11,80",0,0,0,0,0,0,0,1,1,56,56,4,4,0,1,0,1,2,0,0,1,1,O-only,16,2,2,20,17,2,0,19
"0,5,22,29",1,1,1,1,0,0,0,1,1,6,6,33,33,0,1,0,1,2,0,0,1,1,O-only,19,0,2,21,20,0,0,20
"0,5,37,58",1,0,1,0,-1,-1,0,1,1,4,4,57,57,0,1,0,1,2,0,0,1,1,O-only,20,0,2,22,21,0,0,21
"0,5,37,80",0,1,0,1,1,1,0,1,1,56,56,4,4,0,1,0,1,2,0,0,1,1,O-only,16,2,2,20,17,2,0,19
"0,5,60,61",1,1,1,1,0,0,0,1,1,4,4,56,56,0,1,0,1,2,0,0,1,1,O-only,19,3,2,24,20,3,0,23
"0,6,16,23",1,1,1,1,0,0,0,1,1,40,40,7,7,0,1,0,1,2,0,0,1,1,O-only,19,0,2,21,20,0,0,20
"0,6,23,49",1,1,1,1,0,0,0,1,1,7,7,50,50,0,1,0,1,2,0,0,1,1,O-only,13,0,2,15,14,0,0,14
"0,6,24,25",0,0,0,0,0,0,0,1,1,51,51,5,5,0,1,0,1,2,0,0,1,1,O-only,18,1,2,21,19,1,0,20
"0,6,24,74",0,1,0,1,1,1,0,1,1,78,78,2,2,0,1,0,1,2,0,0,1,1,O-only,17,2,3,22,18,2,1,21
"0,6,25,37",1,1,1,1,0,0,0,1,1,46,46,5,5,0,1,0,1,2,0,0,1,1,O-only,19,0,2,21,20,0,0,20
"0,6,32,62",0,1,0,1,1,1,0,1,1,5,5,2,2,0,1,0,1,2,0,0,1,1,O-only,21,0,2,23,22,0,0,22
"0,6,46,77",1,1,1,1,0,0,0,1,1,1,1,70,70,0,1,0,1,2,0,0,1,1,O-only,18,0,2,20,19,0,0,19
"0,7,14,80",0,1,0,1,1,1,0,1,1,8,8,70,70,0,1,0,1,2,0,0,1,1,O-only,16,0,2,18,17,0,0,17
"0,7,35,76",0,0,0,0,0,0,0,1,1,2,2,5,5,0,1,0,1,2,0,0,1,1,O-only,14,0,2,16,15,0,0,15
"0,8,29,52",1,1,1,1,0,0,0,1,1,60,60,7,7,0,1,0,1,2,0,0,1,1,O-only,15,0,2,17,16,0,0,16
"1,10,13,23",0,1,0,1,1,1,0,1,1,41,41,19,37,0,1,1,1,3,0,0,1,0,synergy,16,3,2,21,18,2,0,20
"1,10,65,75",1,1,1,1,0,0,0,1,1,64,64,70,70,0,1,0,1,2,0,0,1,1,O-only,16,0,2,18,17,0,0,17
"1,11,13,35",0,1,0,1,1,1,0,1,1,37,37,41,41,0,1,0,1,2,0,0,1,1,O-only,20,1,2,23,21,1,0,22
"1,11,27,49",1,1,1,1,0,0,0,1,1,51,51,41,41,0,1,0,1,2,0,0,1,1,O-only,20,0,2,22,21,0,0,21
"1,11,34,43",1,0,1,0,-1,-1,0,1,1,27,27,51,51,0,1,0,1,2,0,0,1,1,O-only,24,0,2,26,25,0,0,25
"1,11,37,50",0,0,0,0,0,0,0,1,1,28,28,10,10,0,1,0,1,2,0,0,1,1,O-only,21,0,2,23,22,0,0,22
"1,12,17,32",1,0,1,0,-1,-1,0,1,1,41,41,29,29,0,1,0,1,2,0,0,1,1,O-only,21,1,3,25,22,1,0,23
"1,12,27,45",1,0,1,0,-1,-1,0,1,1,13,13,9,9,0,1,0,1,2,0,0,1,1,O-only,22,0,2,24,23,0,0,23
"1,12,32,47",1,0,1,0,-1,-1,0,1,1,31,31,2,2,0,1,0,1,2,0,0,1,1,O-only,21,0,2,23,22,0,0,22
"1,12,40,68",0,1,0,1,1,1,0,1,1,34,34,29,29,0,1,0,1,2,0,0,1,1,O-only,21,2,2,25,22,2,0,24
"1,12,46,62",1,0,1,0,-1,-1,0,1,1,29,29,34,34,0,1,0,1,2,0,0,1,1,O-only,22,0,3,25,23,0,0,23
"1,12,57,74",1,0,1,0,-1,-1,0,1,1,68,68,18,18,0,1,0,1,2,0,0,1,1,O-only,17,4,3,24,19,3,0,22
"1,13,22,29",0,0,0,0,0,0,0,1,1,58,58,32,32,0,1,0,1,2,0,0,1,1,O-only,19,1,2,22,20,1,0,21
"1,13,28,63",1,0,1,0,-1,-1,0,1,1,64,64,12,12,0,1,0,1,2,0,0,1,1,O-only,20,0,2,22,21,0,0,21
"1,13,29,35",0,0,0,0,0,0,0,0,0,28,28,31,31,0,1,0,1,2,0,0,1,1,O-only,18,0,2,20,19,0,0,19
"1,13,35,57",1,1,1,1,0,0,0,1,1,58,58,27,27,0,1,0,1,2,0,0,1,1,O-only,17,0,2,19,18,0,0,18
"1,14,16,37",0,0,0,0,0,0,0,0,0,44,44,9,9,0,1,0,1,2,0,0,1,1,O-only,25,0,2,27,26,0,0,26
"1,14,18,31",0,1,0,1,1,1,0,1,1,41,41,9,9,0,1,0,1,2,0,0,1,1,O-only,16,1,3,20,18,0,0,18
"1,14,20,33",1,1,1,1,0,0,0,1,1,65,65,13,13,0,1,0,1,2,0,0,1,1,O-only,20,0,2,22,21,0,0,21
"1,14,21,46",1,0,1,0,-1,-1,0,1,1,37,37,51,51,0,1,0,1,2,0,0,1,1,O-only,20,1,2,23,21,1,0,22
"1,14,25,74",0,1,0,1,1,1,0,1,1,46,46,34,34,0,1,0,1,2,0,0,1,1,O-only,21,0,2,23,22,0,0,22
"1,14,26,44",1,0,1,0,-1,-1,0,1,1,77,77,71,71,0,1,0,1,2,0,0,1,1,O-only,19,0,2,21,20,0,0,20
"1,14,40,44",0,1,0,1,1,1,0,1,1,37,37,41,41,0,1,0,1,2,0,0,1,1,O-only,21,0,3,24,23,0,0,23
"1,14,53,75",0,1,0,1,1,1,0,1,1,46,46,77,77,0,1,0,1,2,0,0,1,1,O-only,18,0,2,20,19,0,0,19
"1,14,55,66",1,1,1,1,0,0,0,1,1,15,15,46,46,0,1,0,1,2,0,0,1,1,O-only,21,0,2,23,22,0,0,22
"1,15,21,67",0,1,0,1,1,1,0,0,0,51,51,4,4,0,1,0,1,2,0,0,1,1,O-only,23,0,2,25,24,0,0,24
"1,15,32,43",0,1,0,1,1,1,0,1,1,55,55,4,4,0,1,0,1,2,0,0,1,1,O-only,20,0,2,22,21,0,0,21
"1,15,46,77",0,0,0,0,0,0,0,1,1,14,14,25,25,0,1,0,1,2,0,0,1,1,O-only,22,0,2,24,23,0,0,23
"1,15,48,62",1,1,1,1,0,0,0,1,1,78,78,55,55,0,1,0,1,2,0,0,1,1,O-only,15,0,2,17,16,0,0,16
"1,15,53,65",0,1,0,1,1,1,0,0,0,13,13,25,25,0,1,0,1,2,0,0,1,1,O-only,19,0,2,21,20,0,0,20
"1,17,19,27",1,0,1,0,-1,-1,0,1,1,46,46,73,73,0,1,0,1,2,0,0,1,1,O-only,19,0,2,21,20,0,0,20
"1,17,31,47",0,1,0,1,1,1,0,0,0,41,41,7,7,0,1,0,1,2,0,0,1,1,O-only,21,0,2,23,22,0,0,22
"1,17,37,45",0,1,0,1,1,1,0,1,1,9,9,73,73,0,1,0,1,2,0,0,1,1,O-only,19,0,2,21,20,0,0,20
"1,17,50,51",1,1,1,1,0,0,0,1,1,41,41,34,34,0,1,0,1,2,0,0,1,1,O-only,16,1,2,19,17,1,0,18
"1,18,30,73",1,1,1,1,0,0,0,1,1,46,46,10,10,0,1,0,1,2,0,0,1,1,O-only,18,0,2,20,19,0,0,19
"1,18,30,76",1,0,1,0,-1,-1,0,1,1,75,75,46,46,0,1,0,1,2,0,0,1,1,O-only,14,0,2,16,15,0,0,15
"1,18,55,65",1,1,1,1,0,0,0,1,1,2,2,58,58,0,1,0,1,2,0,0,1,1,O-only,20,1,2,23,21,1,0,22
"1,18,69,75",1,1,1,1,0,0,0,1,1,51,51,64,64,0,1,0,1,2,0,0,1,1,O-only,21,0,2,23,22,0,0,22
"1,18,70,78",1,1,1,1,0,0,0,0,0,6,6,58,58,0,1,0,1,2,0,0,1,1,O-only,14,3,2,19,15,3,0,18
"1,19,21,52",1,0,1,0,-1,-1,0,1,1,45,45,28,28,0,1,0,1,2,0,0,1,1,O-only,24,0,2,26,25,0,0,25
"1,19,22,65",1,0,1,0,-1,-1,0,1,1,55,55,64,64,0,1,0,1,2,0,0,1,1,O-only,18,0,2,20,19,0,0,19
"1,19,30,39",0,1,0,1,1,1,0,1,1,31,31,10,10,0,1,0,1,2,0,0,1,1,O-only,17,2,2,21,18,2,0,20
"1,19,37,59",1,1,1,1,0,0,0,0,0,23,23,9,9,0,1,0,1,2,0,0,1,1,O-only,14,3,2,19,15,3,0,18
"1,2,15,43",0,1,0,1,1,1,0,1,1,5,5,4,4,0,1,0,1,2,0,0,1,1,O-only,21,0,2,23,22,0,0,22
"1,2,17,25",0,1,0,1,1,1,0,1,1,7,7,18,18,0,1,0,1,2,0,0,1,1,O-only,20,0,2,22,21,0,0,21
"1,2,40,70",1,0,1,0,-1,-1,0,1,1,0,0,10,10,0,1,0,1,2,0,0,1,1,O-only,23,0,2,25,24,0,0,24
"1,2,57,60",1,1,1,1,0,0,0,1,1,58,58,6,6,0,1,0,1,2,0,0,1,1,O-only,17,2,2,21,18,2,0,20
"1,2,66,77",1,1,1,1,0,0,0,1,1,65,65,14,14,0,1,0,1,2,0,0,1,1,O-only,16,0,2,18,17,0,0,17
"1,20,23,61",1,0,1,0,-1,-1,0,1,1,21,21,31,31,0,1,0,1,2,0,0,1,1,O-only,20,0,2,22,21,0,0,21
"1,20,25,40",0,0,1,0,0,-1,-1,1,1,70,37,18,18,1,1,0,1,3,0,0,0,1,O-only,17,1,2,20,18,0,0,18
"1,20,47,59",1,1,1,1,0,0,0,1,1,29,29,2,2,0,1,0,1,2,0,0,1,1,O-only,18,0,2,20,19,0,0,19
"1,20,47,61",0,0,0,0,0,0,0,0,0,11,11,31,31,0,1,0,1,2,0,0,1,1,O-only,20,0,2,22,21,0,0,21
"1,21,27,74",0,1,0,1,1,1,0,1,1,18,18,11,11,0,1,0,1,2,0,0,1,1,O-only,19,0,2,21,20,0,0,20
"1,22,28,29",0,0,0,0,0,0,0,1,1,34,34,46,46,0,1,0,1,2,0,0,1,1,O-only,19,1,3,23,21,0,0,21
"1,22,29,54",1,1,1,1,0,0,0,1,1,74,74,21,21,0,1,0,1,2,0,0,1,1,O-only,17,0,2,19,18,0,0,18
"1,22,30,41",1,0,1,0,-1,-1,0,1,1,58,58,31,31,0,1,0,1,2,0,0,1,1,O-only,19,0,3,22,21,0,0,21
"1,23,28,61",1,1,1,1,0,0,0,1,1,21,21,37,37,0,1,0,1,2,0,0,1,1,O-only,23,0,2,25,24,0,0,24
"1,23,31,48",1,1,1,1,0,0,0,1,1,51,51,3,3,0,1,0,1,2,0,0,1,1,O-only,20,0,2,22,21,0,0,21
"1,23,33,45",1,1,1,1,0,0,0,1,1,21,21,51,51,0,1,0,1,2,0,0,1,1,O-only,18,1,2,21,19,1,0,20
"1,23,34,47",1,1,1,1,0,0,0,1,1,29,29,51,51,0,1,0,1,2,0,0,1,1,O-only,21,0,2,23,22,0,0,22
"1,23,39,48",1,1,1,1,0,0,0,1,1,31,31,3,3,0,1,0,1,2,0,0,1,1,O-only,19,0,2,21,20,0,0,20
"1,23,41,47",0,0,0,0,0,0,0,1,1,31,31,51,51,0,1,0,1,2,0,0,1,1,O-only,17,4,2,23,18,4,0,22
"1,23,48,65",1,1,1,1,0,0,0,1,1,68,68,2,2,0,1,0,1,2,0,0,1,1,O-only,15,0,2,17,16,0,0,16
"1,23,65,75",0,1,0,1,1,1,0,1,1,68,68,77,77,0,1,0,1,2,0,0,1,1,O-only,17,0,2,19,18,0,0,18
"1,24,30,53",0,0,0,0,0,0,0,1,1,48,48,46,46,0,1,0,1,2,0,0,1,1,O-only,11,0,2,13,12,0,0,12
"1,24,31,45",1,1,1,1,0,0,0,1,1,51,51,64,64,0,1,0,1,2,0,0,1,1,O-only,21,0,2,23,22,0,0,22
"1,24,33,45",1,1,1,1,0,0,0,1,1,13,13,51,51,0,1,0,1,2,0,0,1,1,O-only,20,1,2,23,21,1,0,22
"1,24,34,57",0,1,0,1,1,1,0,1,1,64,64,40,40,0,1,0,1,2,0,0,1,1,O-only,14,2,2,18,15,2,0,17
"1,25,42,54",1,1,1,1,0,0,0,0,0,61,61,9,9,0,1,0,1,2,0,0,1,1,O-only,18,0,2,20,19,0,0,19
"1,25,51,59",1,1,1,1,0,0,0,1,1,35,21,31,31,1,1,0,1,3,0,0,0,1,O-only,16,1,2,19,17,0,0,17
"1,27,36,53",0,0,0,0,0,0,0,1,1,3,3,46,46,0,1,0,1,2,0,0,1,1,O-only,21,0,2,23,22,0,0,22
"1,27,61,62",1,0,1,0,-1,-1,0,1,1,54,54,34,34,0,1,0,1,2,0,0,1,1,O-only,17,0,2,19,18,0,0,18
"1,28,29,56",0,1,0,1,1,1,0,1,1,61,61,37,37,0,1,0,1,2,0,0,1,1,O-only,19,1,2,22,20,1,0,21
"1,28,41,79",0,0,0,0,0,0,0,1,1,71,71,73,73,0,1,0,1,2,0,0,1,1,O-only,18,0,2,20,19,0,0,19
"1,28,67,74",1,1,1,1,0,0,0,1,1,11,11,64,64,0,1,0,1,2,0,0,1,1,O-only,21,0,3,24,22,0,0,22
"1,29,30,47",1,0,1,0,-1,-1,0,1,1,31,31,2,2,0,1,0,1,2,0,0,1,1,O-only,20,0,2,22,21,0,0,21
"1,29,47,54",1,1,1,1,0,0,0,1,1,74,74,2,2,0,1,0,1,2,0,0,1,1,O-only,15,1,2,18,16,1,0,17
"1,29,56,58",1,1,1,1,0,0,0,1,1,34,34,2,2,0,1,0,1,2,0,0,1,1,O-only,22,0,2,24,23,0,0,23
"1,3,10,18",1,1,1,1,0,0,0,1,1,4,4,27,27,0,1,0,1,2,0,0,1,1,O-only,28,1,2,31,29,1,0,30
"1,3,26,34",1,1,1,1,0,0,0,1,1,27,27,6,6,0,1,0,1,2,0,0,1,1,O-only,23,0,2,25,24,0,0,24
"1,3,29,35",1,0,1,0,-1,-1,0,1,1,5,5,8,8,0,1,0,1,2,0,0,1,1,O-only,19,1,3,23,20,1,0,21
"1,3,53,70",1,1,1,1,0,0,0,1,1,7,7,13,13,0,1,0,1,2,0,0,1,1,O-only,19,0,2,21,20,0,0,20
"1,3,9,40",1,1,1,1,0,0,0,1,1,2,2,0,0,0,1,0,1,2,0,0,1,1,O-only,18,3,2,23,19,3,0,22
"1,30,41,68",1,0,1,0,-1,-1,0,1,1,14,14,57,57,0,1,0,1,2,0,0,1,1,O-only,19,0,2,21,20,0,0,20
"1,31,69,70",1,1,1,1,0,0,0,1,1,71,71,61,61,0,1,0,1,2,0,0,1,1,O-only,22,0,2,24,23,0,0,23
"1,32,47,60",1,0,1,0,-1,-1,0,1,1,52,52,20,20,0,1,0,1,2,0,0,1,1,O-only,15,0,2,17,16,0,0,16
"1,32,52,57",0,1,0,1,1,1,0,0,0,12,12,25,25,0,1,0,1,2,0,0,1,1,O-only,20,0,2,22,21,0,0,21
"1,33,42,74",0,0,0,0,0,0,0,1,1,23,23,51,51,0,1,0,1,2,0,0,1,1,O-only,15,1,2,18,16,1,0,17
"1,33,43,59",0,1,0,1,1,1,0,1,1,3,3,51,51,0,1,0,1,2,0,0,1,1,O-only,18,0,2,20,19,0,0,19
"1,33,57,61",1,0,1,0,-1,-1,0,1,1,41,41,51,51,0,1,0,1,2,0,0,1,1,O-only,20,1,3,24,21,1,0,22
"1,33,58,68",0,0,0,0,0,0,0,1,1,34,34,28,28,0,1,0,1,2,0,0,1,1,O-only,19,0,2,21,20,0,0,20
"1,34,39,61",0,1,0,1,1,1,0,1,1,41,41,25,25,0,1,0,1,2,0,0,1,1,O-only,21,0,2,23,22,0,0,22
"1,34,44,49",1,0,1,0,-1,-1,0,1,1,58,58,4,4,0,1,0,1,2,0,0,1,1,O-only,19,0,2,21,20,0,0,20
"1,34,47,59",1,0,1,0,-1,-1,0,1,1,58,58,51,51,0,1,0,1,2,0,0,1,1,O-only,22,0,2,24,23,0,0,23
"1,34,49,77",0,0,0,0,0,0,0,1,1,27,27,25,25,0,1,0,1,2,0,0,1,1,O-only,16,0,2,18,17,0,0,17
"1,35,41,68",0,1,0,1,1,1,0,1,1,28,28,5,5,0,1,0,1,2,0,0,1,1,O-only,23,0,2,25,24,0,0,24
"1,35,47,61",1,1,1,1,0,0,0,1,1,56,56,28,28,0,1,0,1,2,0,0,1,1,O-only,21,0,2,23,22,0,0,22
"1,36,58,68",1,0,1,0,-1,-1,0,1,1,18,18,41,41,0,1,0,1,2,0,0,1,1,O-only,23,0,2,25,24,0,0,24
"1,38,40,45",1,1,1,1,0,0,0,1,1,37,37,64,64,0,1,0,1,2,0,0,1,1,O-only,16,0,3,19,18,0,0,18
"1,38,61,62",1,0,1,0,-1,-1,0,1,1,55,55,71,71,0,1,0,1,2,0,0,1,1,O-only,16,0,2,18,17,0,0,17
"1,39,40,67",0,0,0,0,0,0,0,1,1,37,37,31,31,0,1,0,1,2,0,0,1,1,O-only,20,0,2,22,21,0,0,21
"1,39,41,50",0,0,0,0,0,0,0,1,1,36,36,11,11,0,1,0,1,2,0,0,1,1,O-only,18,0,2,20,19,0,0,19
"1,39,55,77",0,1,0,1,1,1,0,0,0,5,37,73,73,1,1,0,1,3,0,0,0,1,O-only,16,1,2,19,17,0,0,17
"1,39,56,74",0,1,0,1,1,1,0,1,1,47,47,11,11,0,1,0,1,2,0,0,1,1,O-only,13,0,2,15,14,0,0,14
"1,4,19,24",0,0,0,0,0,0,0,1,1,36,36,5,5,0,1,0,1,2,0,0,1,1,O-only,19,2,2,23,20,2,0,22
"1,4,26,40",1,1,1,1,0,0,0,1,1,6,6,8,8,0,1,0,1,2,0,0,1,1,O-only,16,1,2,19,17,1,0,18
"1,4,40,70",1,0,1,0,-1,-1,0,1,1,0,0,10,10,0,1,0,1,2,0,0,1,1,O-only,21,0,2,23,22,0,0,22
"1,40,45,58",0,1,0,1,1,1,0,1,1,13,13,18,18,0,1,0,1,2,0,0,1,1,O-only,19,0,2,21,20,0,0,20
"1,40,47,56",1,0,1,0,-1,-1,0,1,1,31,31,64,64,0,1,0,1,2,0,0,1,1,O-only,20,0,2,22,21,0,0,21
"1,41,43,75",0,1,0,1,1,1,0,1,1,36,36,64,64,0,1,0,1,2,0,0,1,1,O-only,21,0,2,23,22,0,0,22
"1,42,48,61",1,0,1,0,-1,-1,0,1,1,58,58,51,51,0,1,0,1,2,0,0,1,1,O-only,16,0,2,18,17,0,0,17
"1,43,45,49",1,1,1,1,0,0,0,1,1,52,52,51,51,0,1,0,1,2,0,0,1,1,O-only,20,0,2,22,21,0,0,21
"1,43,51,57",1,1,1,1,0,0,0,1,1,67,21,31,31,1,1,0,1,3,0,0,0,1,O-only,17,1,2,20,18,0,0,18
"1,43,60,74",1,1,1,1,0,0,0,1,1,36,36,34,34,0,1,0,1,2,0,0,1,1,O-only,15,0,2,17,16,0,0,16
"1,43,61,64",0,0,0,0,0,0,0,1,1,13,13,31,31,0,1,0,1,2,0,0,1,1,O-only,17,1,2,20,18,1,0,19
"1,47,65,66",0,0,0,0,0,0,0,1,1,2,2,71,71,0,1,0,1,2,0,0,1,1,O-only,21,0,2,23,22,0,0,22
"1,48,56,59",0,1,0,1,1,1,0,0,0,51,51,8,8,0,1,0,1,2,0,0,1,1,O-only,19,0,2,21,20,0,0,20
"1,49,56,59",0,0,0,0,0,0,0,1,1,55,55,61,61,0,1,0,1,2,0,0,1,1,O-only,18,0,2,20,19,0,0,19
"1,5,29,49",1,1,1,1,0,0,0,1,1,41,41,9,9,0,1,0,1,2,0,0,1,1,O-only,19,2,2,23,20,2,0,22
"1,55,62,64",0,0,0,0,0,0,0,1,1,58,58,54,54,0,1,0,1,2,0,0,1,1,O-only,15,1,2,18,16,1,0,17
"1,56,65,68",1,0,1,0,-1,-1,0,0,0,11,11,61,61,0,1,0,1,2,0,0,1,1,O-only,19,0,2,21,20,0,0,20
"1,6,30,61",1,1,1,1,0,0,0,1,1,46,46,51,51,0,1,0,1,2,0,0,1,1,O-only,15,1,2,18,16,1,0,17
"1,69,70,76",1,1,1,1,0,0,0,1,1,13,13,64,64,0,1,0,1,2,0,0,1,1,O-only,25,0,2,27,26,0,0,26
"1,7,9,20",1,0,1,0,-1,-1,0,1,1,39,39,0,0,0,1,0,1,2,0,0,1,1,O-only,17,0,2,19,18,0,0,18
"1,9,17,21",0,1,0,1,1,1,0,1,1,41,41,10,10,0,1,0,1,2,0,0,1,1,O-only,16,3,3,22,18,3,0,21
"1,9,26,34",1,1,1,1,0,0,0,0,0,6,6,17,17,0,1,0,1,2,0,0,1,1,O-only,18,0,2,20,19,0,0,19
"1,9,52,60",1,1,1,1,0,0,0,1,1,12,12,16,16,0,1,0,1,2,0,0,1,1,O-only,13,0,2,15,14,0,0,14
"10,11,15,48",1,0,1,0,-1,-1,0,1,1,36,36,3,3,0,1,0,1,2,0,0,1,1,O-only,20,2,2,24,21,2,0,23
"10,11,22,47",1,1,1,1,0,0,0,1,1,38,38,2,2,0,1,0,1,2,0,0,1,1,O-only,17,3,3,23,19,3,0,22
"10,11,32,51",1,0,1,0,-1,-1,0,1,1,12,12,27,27,0,1,0,1,2,0,0,1,1,O-only,20,1,2,23,21,1,0,22
"10,11,66,69",0,1,0,1,1,1,0,1,1,67,67,15,15,0,1,0,1,2,0,0,1,1,O-only,19,2,2,23,20,2,0,22
"10,13,20,23",0,1,0,1,1,1,0,1,1,37,37,14,14,0,1,0,1,2,0,0,1,1,O-only,18,3,2,23,19,3,0,22
"10,13,31,34",0,0,0,0,0,0,0,1,1,43,43,27,27,0,1,0,1,2,0,0,1,1,O-only,23,1,3,27,25,1,0,26
"10,14,25,49",0,0,0,0,0,0,0,1,1,17,17,13,13,0,1,0,1,2,0,0,1,1,O-only,22,0,2,24,23,0,0,23
"10,14,40,56",0,0,0,0,0,0,0,1,1,46,46,24,24,0,1,0,1,2,0,0,1,1,O-only,20,2,2,24,21,2,0,23
"10,14,47,59",1,0,1,0,-1,-1,0,1,1,15,15,2,2,0,1,0,1,2,0,0,1,1,O-only,24,0,2,26,25,0,0,25
"10,15,38,56",1,1,1,1,0,0,0,1,1,11,11,66,66,0,1,0,1,2,0,0,1,1,O-only,23,0,2,25,24,0,0,24
"10,16,30,41",0,1,0,1,1,1,0,1,1,11,11,40,40,0,1,0,1,2,0,0,1,1,O-only,22,0,2,24,23,0,0,23
"10,20,22,34",1,1,1,1,0,0,0,1,1,29,29,60,60,0,1,0,1,2,0,0,1,1,O-only,24,1,2,27,25,1,0,26
"10,23,39,67",0,0,0,0,0,0,0,1,1,43,43,15,15,0,1,0,1,2,0,0,1,1,O-only,23,0,2,25,24,0,0,24
"10,24,34,49",1,1,1,1,0,0,0,1,1,40,40,4,4,0,1,0,1,2,0,0,1,1,O-only,21,0,2,23,22,0,0,22
"10,32,33,41",1,0,1,0,-1,-1,0,1,1,13,13,29,29,0,1,0,1,2,0,0,1,1,O-only,21,0,2,23,22,0,0,22
"11,13,30,58",0,1,0,1,1,1,0,1,1,14,14,41,41,0,1,0,1,2,0,0,1,1,O-only,22,0,2,24,23,0,0,23
"11,19,33,40",1,1,1,1,0,0,0,1,1,49,49,24,24,0,1,0,1,2,0,0,1,1,O-only,18,0,2,20,19,0,0,19
"11,20,41,59",1,0,1,0,-1,-1,0,1,1,50,50,29,29,0,1,0,1,2,0,0,1,1,O-only,20,1,2,23,21,1,0,22
"11,20,42,60",0,0,0,0,0,0,0,1,1,51,51,38,38,0,1,0,1,2,0,0,1,1,O-only,21,1,2,24,22,1,0,23
"11,22,40,51",0,0,0,0,0,0,0,1,1,31,31,67,67,0,1,0,1,2,0,0,1,1,O-only,25,0,3,28,27,0,0,27
"11,22,41,69",0,0,0,0,0,0,0,1,1,49,49,19,19,0,1,0,1,2,0,0,1,1,O-only,18,0,2,20,19,0,0,19
"11,24,39,58",0,1,0,1,1,1,0,1,1,48,48,51,51,0,1,0,1,2,0,0,1,1,O-only,16,0,2,18,17,0,0,17
"11,24,43,65",0,0,0,0,0,0,0,1,1,51,51,19,19,0,1,0,1,2,0,0,1,1,O-only,20,0,2,22,21,0,0,21
"11,25,41,47",0,1,0,1,1,1,0,1,1,15,15,57,57,0,1,0,1,2,0,0,1,1,O-only,21,2,2,25,22,2,0,24
"11,29,31,57",0,0,0,0,0,0,0,1,1,41,41,38,38,0,1,0,1,2,0,0,1,1,O-only,24,0,2,26,25,0,0,25
"11,29,33,46",1,0,1,0,-1,-1,0,1,1,56,56,51,51,0,1,0,1,2,0,0,1,1,O-only,20,0,2,22,21,0,0,21
"11,31,34,65",1,0,1,0,-1,-1,0,1,1,29,29,27,27,0,1,0,1,2,0,0,1,1,O-only,19,0,2,21,20,0,0,20
"11,31,37,66",0,0,0,0,0,0,0,1,1,28,28,21,21,0,1,0,1,2,0,0,1,1,O-only,22,0,2,24,23,0,0,23
"11,32,33,40",1,0,1,0,-1,-1,0,1,1,13,13,16,16,0,1,0,1,2,0,0,1,1,O-only,21,0,2,23,22,0,0,22
"11,33,43,49",1,0,1,0,-1,-1,0,0,0,41,41,39,39,0,1,0,1,2,0,0,1,1,O-only,20,0,2,22,21,0,0,21
"11,33,49,58",0,1,0,1,1,1,0,1,1,41,41,13,13,0,1,0,1,2,0,0,1,1,O-only,21,0,2,23,22,0,0,22
"11,38,40,67",0,0,0,0,0,0,0,1,1,68,68,4,4,0,1,0,1,2,0,0,1,1,O-only,23,1,3,27,25,1,0,26
"11,39,66,68",0,1,0,1,1,1,0,0,0,44,44,12,12,0,1,0,1,2,0,0,1,1,O-only,24,0,2,26,25,0,0,25
"11,46,47,58",1,1,1,1,0,0,0,1,1,57,57,19,19,0,1,0,1,2,0,0,1,1,O-only,22,0,2,24,23,0,0,23
"11,46,47,68",1,1,1,1,0,0,0,1,1,56,56,74,74,0,1,0,1,2,0,0,1,1,O-only,23,0,2,25,24,0,0,24
"11,48,57,59",1,1,1,1,0,0,0,1,1,51,51,3,3,0,1,0,1,2,0,0,1,1,O-only,25,0,2,27,26,0,0,26
"11,49,51,58",0,0,0,0,0,0,0,1,1,46,46,13,13,0,1,0,1,2,0,0,1,1,O-only,23,0,2,25,24,0,0,24
"12,13,41,68",0,0,0,0,0,0,0,1,1,14,14,23,23,0,1,0,1,2,0,0,1,1,O-only,23,0,2,25,24,0,0,24
"12,13,50,67",1,1,1,1,0,0,0,1,1,58,58,45,45,0,1,0,1,2,0,0,1,1,O-only,21,0,2,23,22,0,0,22
"12,20,30,40",0,1,0,1,1,1,0,1,1,57,57,48,48,0,1,0,1,2,0,0,1,1,O-only,17,5,3,25,19,4,0,23
"12,20,39,50",1,0,1,0,-1,-1,0,1,1,30,30,66,66,0,1,0,1,2,0,0,1,1,O-only,18,4,3,25,19,4,1,24
"12,20,41,46",0,1,0,1,1,1,0,1,1,14,14,36,36,0,1,0,1,2,0,0,1,1,O-only,25,0,2,27,26,0,0,26
"12,21,22,30",0,1,0,1,1,1,0,1,1,42,42,18,18,0,1,0,1,2,0,0,1,1,O-only,20,2,2,24,21,2,0,23
"12,21,29,43",0,0,0,0,0,0,0,1,1,75,75,13,13,0,1,0,1,2,0,0,1,1,O-only,26,0,2,28,27,0,0,27
"12,21,37,42",0,1,0,1,1,1,0,1,1,30,30,18,18,0,1,0,1,2,0,0,1,1,O-only,20,2,2,24,21,2,0,23
"12,22,34,37",1,0,1,0,-1,-1,0,1,1,42,42,46,46,0,1,0,1,2,0,0,1,1,O-only,24,0,2,26,25,0,0,25
"12,22,37,43",0,1,0,1,1,1,0,1,1,19,19,36,36,0,1,0,1,2,0,0,1,1,O-only,22,0,2,24,23,0,0,23
"12,23,28,49",1,1,1,1,0,0,0,1,1,68,68,33,33,0,1,0,1,2,0,0,1,1,O-only,22,0,2,24,23,0,0,23
"12,23,41,52",0,0,0,0,0,0,0,1,1,32,32,68,68,0,1,0,1,2,0,0,1,1,O-only,27,0,3,30,28,0,0,28
"12,29,30,52",0,0,0,0,0,0,0,0,0,57,57,34,34,0,1,0,1,2,0,0,1,1,O-only,23,0,2,25,24,0,0,24
"12,30,31,50",1,0,1,0,-1,-1,0,1,1,42,42,40,40,0,1,0,1,2,0,0,1,1,O-only,20,1,2,23,21,1,0,22
"12,30,32,46",0,0,0,0,0,0,0,1,1,29,29,40,40,0,1,0,1,2,0,0,1,1,O-only,19,0,3,22,20,0,1,21
"12,30,50,66",0,0,0,0,0,0,0,1,1,40,40,42,42,0,1,0,1,2,0,0,1,1,O-only,20,3,2,25,21,3,0,24
"12,31,52,58",0,1,0,1,1,1,0,1,1,22,22,28,28,0,1,0,1,2,0,0,1,1,O-only,21,2,2,25,22,2,0,24
"12,31,56,58",0,0,0,0,0,0,0,1,1,32,32,57,57,0,1,0,1,2,0,0,1,1,O-only,25,0,2,27,26,0,0,26
"12,32,51,66",0,0,0,0,0,0,0,1,1,21,21,42,42,0,1,0,1,2,0,0,1,1,O-only,25,0,2,27,26,0,0,26
"12,38,51,67",0,0,0,0,0,0,0,1,1,11,11,68,68,0,1,0,1,2,0,0,1,1,O-only,24,0,2,26,25,0,0,25
"12,39,50,58",1,1,1,1,0,0,0,1,1,66,66,42,42,0,1,0,1,2,0,0,1,1,O-only,23,0,2,25,24,0,0,24
"12,49,56,58",1,0,1,0,-1,-1,0,1,1,4,4,57,57,0,1,0,1,2,0,0,1,1,O-only,23,0,2,25,24,0,0,24
"13,21,31,41",1,0,1,0,-1,-1,0,1,1,58,58,49,49,0,1,0,1,2,0,0,1,1,O-only,19,5,3,27,21,4,0,25
"13,22,38,60",0,0,0,0,0,0,0,1,1,76,76,58,58,0,1,0,1,2,0,0,1,1,O-only,21,0,2,23,22,0,0,22
"13,22,47,58",0,1,0,1,1,1,0,1,1,30,30,2,2,0,1,0,1,2,0,0,1,1,O-only,19,3,2,24,20,3,0,23
"13,30,57,59",1,0,1,0,-1,-1,0,1,1,29,29,58,58,0,1,0,1,2,0,0,1,1,O-only,25,0,2,27,26,0,0,26
"13,39,56,58",1,1,1,1,0,0,0,1,1,59,59,32,32,0,1,0,1,2,0,0,1,1,O-only,22,0,2,24,23,0,0,23
"13,47,49,60",1,0,1,0,-1,-1,0,1,1,52,52,15,15,0,1,0,1,2,0,0,1,1,O-only,20,0,2,22,21,0,0,21
"2,10,21,41",1,1,1,1,0,0,0,1,1,40,40,1,1,0,1,0,1,2,0,0,1,1,O-only,21,0,3,24,22,0,1,23
"2,10,31,48",1,1,1,1,0,0,0,1,1,32,32,47,47,0,1,0,1,2,0,0,1,1,O-only,18,0,2,20,19,0,0,19
"2,10,36,66",0,0,0,0,0,0,0,1,1,65,65,40,40,0,1,0,1,2,0,0,1,1,O-only,19,3,3,25,20,3,0,23
"2,10,41,60",1,1,1,1,0,0,0,1,1,40,40,3,3,0,1,0,1,2,0,0,1,1,O-only,21,0,2,23,22,0,0,22
"2,10,42,53",1,0,1,0,-1,-1,0,1,1,65,65,3,3,0,1,0,1,2,0,0,1,1,O-only,15,0,2,17,16,0,0,16
"2,10,53,61",1,0,1,0,-1,-1,0,1,1,3,3,17,17,0,1,0,1,2,0,0,1,1,O-only,13,0,2,15,14,0,0,14
"2,10,53,78",0,1,0,1,1,1,0,1,1,15,15,74,74,0,1,0,1,2,0,0,1,1,O-only,17,0,2,19,18,0,0,18
"2,10,67,75",1,1,1,1,0,0,0,1,1,55,55,3,3,0,1,0,1,2,0,0,1,1,O-only,18,0,3,21,20,0,0,20
"2,10,69,77",0,1,0,1,1,1,0,1,1,65,65,6,6,0,1,0,1,2,0,0,1,1,O-only,15,0,2,17,16,0,0,16
"2,11,27,58",0,1,0,1,1,1,0,1,1,18,18,65,65,0,1,0,1,2,0,0,1,1,O-only,23,0,2,25,24,0,0,24
"2,11,57,59",1,1,1,1,0,0,0,1,1,56,56,47,47,0,1,0,1,2,0,0,1,1,O-only,23,0,2,25,24,0,0,24
"2,12,13,46",0,0,0,0,0,0,0,1,1,52,52,10,10,0,1,0,1,2,0,0,1,1,O-only,23,0,2,25,24,0,0,24
"2,12,14,16",1,0,1,0,-1,-1,0,1,1,42,42,52,52,0,1,0,1,2,0,0,1,1,O-only,18,2,2,22,19,2,0,21
"2,12,20,30",1,0,1,0,-1,-1,0,1,1,40,40,29,29,0,1,0,1,2,0,0,1,1,O-only,16,4,3,23,17,4,1,22
"2,12,46,70",1,0,1,0,-1,-1,0,1,1,65,65,52,52,0,1,0,1,2,0,0,1,1,O-only,17,0,2,19,18,0,0,18
"2,13,15,41",1,0,1,0,-1,-1,0,1,1,11,11,47,47,0,1,0,1,2,0,0,1,1,O-only,20,0,2,22,21,0,0,21
"2,13,15,42",0,0,0,0,0,0,0,1,1,33,33,9,9,0,1,0,1,2,0,0,1,1,O-only,17,3,3,23,19,2,0,21
"2,13,15,49",1,0,1,0,-1,-1,0,1,1,10,10,47,47,0,1,0,1,2,0,0,1,1,O-only,20,0,2,22,21,0,0,21
"2,13,28,46",1,0,1,0,-1,-1,0,1,1,14,14,10,10,0,1,0,1,2,0,0,1,1,O-only,23,0,2,25,24,0,0,24
"2,13,48,53",1,0,1,0,-1,-1,0,0,0,47,47,3,3,0,1,0,1,2,0,0,1,1,O-only,20,0,2,22,21,0,0,21
"2,13,54,69",1,1,1,1,0,0,0,1,1,6,6,64,64,0,1,0,1,2,0,0,1,1,O-only,20,0,2,22,21,0,0,21
"2,14,23,30",0,1,0,1,1,1,0,1,1,59,59,33,33,0,1,0,1,2,0,0,1,1,O-only,21,1,2,24,22,1,0,23
"2,14,26,30",0,1,0,1,1,1,0,1,1,6,6,21,21,0,1,0,1,2,0,0,1,1,O-only,21,0,3,24,22,0,1,23
"2,15,18,44",1,0,1,0,-1,-1,0,1,1,36,36,78,78,0,1,0,1,2,0,0,1,1,O-only,18,0,3,21,19,0,0,19
"2,15,22,47",1,0,1,0,-1,-1,0,1,1,38,38,52,52,0,1,0,1,2,0,0,1,1,O-only,19,1,2,22,20,1,0,21
"2,15,24,26",0,0,0,0,0,0,0,1,1,42,42,78,78,0,1,0,1,2,0,0,1,1,O-only,24,0,2,26,25,0,0,25
"2,15,24,38",0,1,0,1,1,1,0,1,1,78,47,42,42,1,1,0,1,3,0,0,0,1,O-only,20,2,3,25,21,1,1,23
"2,15,30,49",1,0,1,0,-1,-1,0,1,1,39,39,42,42,0,1,0,1,2,0,0,1,1,O-only,16,0,2,18,17,0,0,17
"2,15,36,38",1,1,1,1,0,0,0,1,1,47,47,4,4,0,1,0,1,2,0,0,1,1,O-only,24,0,2,26,25,0,0,25
"2,15,38,43",1,0,1,0,-1,-1,0,1,1,47,47,10,10,0,1,0,1,2,0,0,1,1,O-only,24,0,2,26,25,0,0,25
"2,15,39,59",1,1,1,1,0,0,0,1,1,42,42,47,47,0,1,0,1,2,0,0,1,1,O-only,21,1,2,24,22,1,0,23
"2,15,53,64",1,1,1,1,0,0,0,1,1,13,13,74,74,0,1,0,1,2,0,0,1,1,O-only,11,0,2,13,12,0,0,12
"2,16,22,68",1,0,1,0,-1,-1,0,1,1,52,52,5,5,0,1,0,1,2,0,0,1,1,O-only,24,0,2,26,25,0,0,25
"2,16,58,59",1,0,1,0,-1,-1,0,1,1,42,42,56,56,0,1,0,1,2,0,0,1,1,O-only,18,1,2,21,19,1,0,20
"2,19,21,27",0,1,0,1,1,1,0,1,1,22,22,18,18,0,1,0,1,2,0,0,1,1,O-only,20,0,3,23,21,0,0,21
"2,19,31,41",1,1,1,1,0,0,0,1,1,11,11,58,58,0,1,0,1,2,0,0,1,1,O-only,20,1,2,23,21,1,0,22
"2,19,31,77",1,1,1,1,0,0,0,1,1,76,76,47,47,0,1,0,1,2,0,0,1,1,O-only,14,0,2,16,15,0,0,15
"2,19,34,51",0,1,0,1,1,1,0,1,1,24,24,59,59,0,1,0,1,2,0,0,1,1,O-only,16,0,2,18,17,0,0,17
"2,20,24,37",1,1,1,1,0,0,0,1,1,47,47,42,42,0,1,0,1,2,0,0,1,1,O-only,20,0,2,22,21,0,0,21
"2,20,31,40",0,1,0,1,1,1,0,1,1,32,32,11,11,0,1,0,1,2,0,0,1,1,O-only,17,2,2,21,18,2,0,20
"2,20,34,46",0,0,0,0,0,0,0,1,1,25,25,74,74,0,1,0,1,2,0,0,1,1,O-only,22,0,2,24,23,0,0,23
"2,20,48,62",1,1,1,1,0,0,0,0,0,47,47,12,12,0,1,0,1,2,0,0,1,1,O-only,17,0,2,19,18,0,0,18
"2,21,26,41",0,0,0,0,0,0,0,1,1,18,18,19,19,0,1,0,1,2,0,0,1,1,O-only,17,1,2,20,18,1,0,19
"2,21,39,41",1,1,1,1,0,0,0,1,1,1,1,11,11,0,1,0,1,2,0,0,1,1,O-only,19,0,2,21,20,0,0,20
"2,21,45,62",0,0,0,0,0,0,0,0,0,18,18,52,52,0,1,0,1,2,0,0,1,1,O-only,17,0,2,19,18,0,0,18
"2,21,46,48",0,1,0,1,1,1,0,1,1,22,22,47,47,0,1,0,1,2,0,0,1,1,O-only,20,0,2,22,21,0,0,21
"2,21,48,62",1,1,1,1,0,0,0,1,1,12,12,32,32,0,1,0,1,2,0,0,1,1,O-only,19,0,2,21,20,0,0,20
"2,22,23,36",1,1,1,1,0,0,0,1,1,42,42,18,18,0,1,0,1,2,0,0,1,1,O-only,21,0,2,23,22,0,0,22
"2,22,25,56",1,1,1,1,0,0,0,1,1,20,20,18,18,0,1,0,1,2,0,0,1,1,O-only,19,0,2,21,20,0,0,20
"2,22,28,56",1,1,1,1,0,0,0,1,1,29,29,11,11,0,1,0,1,2,0,0,1,1,O-only,23,1,2,26,24,1,0,25
"2,22,30,78",1,1,1,1,0,0,0,1,1,62,62,54,54,0,1,0,1,2,0,0,1,1,O-only,19,0,2,21,20,0,0,20
"2,22,47,67",0,0,0,0,0,0,0,1,1,35,35,19,19,0,1,0,1,2,0,0,1,1,O-only,18,1,2,21,19,1,0,20
"2,22,51,59",1,1,1,1,0,0,0,1,1,19,19,42,42,0,1,0,1,2,0,0,1,1,O-only,21,0,2,23,22,0,0,22
"2,23,26,39",1,1,1,1,0,0,0,1,1,18,18,7,7,0,1,0,1,2,0,0,1,1,O-only,20,0,2,22,21,0,0,21
"2,23,35,77",0,1,0,1,1,1,0,1,1,59,59,27,27,0,1,0,1,2,0,0,1,1,O-only,20,0,2,22,21,0,0,21
"2,23,58,67",1,1,1,1,0,0,0,1,1,13,13,47,47,0,1,0,1,2,0,0,1,1,O-only,21,0,2,23,22,0,0,22
"2,24,40,49",0,1,0,1,1,1,0,1,1,32,32,4,4,0,1,0,1,2,0,0,1,1,O-only,21,0,2,23,22,0,0,22
"2,24,66,68",1,1,1,1,0,0,0,1,1,65,65,14,14,0,1,0,1,2,0,0,1,1,O-only,19,0,2,21,20,0,0,20
"2,26,27,55",1,0,1,0,-1,-1,0,0,0,19,19,10,10,0,1,0,1,2,0,0,1,1,O-only,19,0,2,21,20,0,0,20
"2,26,32,64",0,0,0,0,0,0,0,1,1,74,74,16,16,0,1,0,1,2,0,0,1,1,O-only,22,0,2,24,23,0,0,23
"2,26,46,50",0,0,0,0,0,0,0,1,1,6,6,52,52,0,1,0,1,2,0,0,1,1,O-only,23,0,2,25,24,0,0,24
"2,27,33,59",0,0,0,0,0,0,0,1,1,32,32,35,35,0,1,0,1,2,0,0,1,1,O-only,20,2,2,24,21,2,0,23
"2,27,50,77",1,1,1,1,0,0,0,1,1,5,5,32,32,0,1,0,1,2,0,0,1,1,O-only,18,0,2,20,19,0,0,19
"2,28,41,61",1,0,1,0,-1,-1,0,1,1,68,68,52,52,0,1,0,1,2,0,0,1,1,O-only,19,0,2,21,20,0,0,20
"2,29,40,48",0,0,0,0,0,0,0,1,1,56,56,32,32,0,1,0,1,2,0,0,1,1,O-only,25,0,2,27,26,0,0,26
"2,29,41,57",1,1,1,1,0,0,0,1,1,65,65,38,38,0,1,0,1,2,0,0,1,1,O-only,24,0,2,26,25,0,0,25
"2,29,45,51",1,1,1,1,0,0,0,1,1,47,47,65,65,0,1,0,1,2,0,0,1,1,O-only,19,0,2,21,20,0,0,20
"2,3,23,62",0,0,0,0,0,0,0,1,1,74,74,22,22,0,1,0,1,2,0,0,1,1,O-only,16,2,2,20,17,2,0,19
"2,30,49,60",1,1,1,1,0,0,0,1,1,22,22,52,52,0,1,0,1,2,0,0,1,1,O-only,18,0,2,20,19,0,0,19
"2,31,37,58",0,1,0,1,1,1,0,1,1,42,42,47,47,0,1,0,1,2,0,0,1,1,O-only,24,1,2,27,25,1,0,26
"2,31,38,41",1,1,1,1,0,0,0,1,1,11,11,32,32,0,1,0,1,2,0,0,1,1,O-only,19,3,2,24,20,3,0,23
"2,32,46,78",0,1,0,1,1,1,0,1,1,6,6,28,28,0,1,0,1,2,0,0,1,1,O-only,16,1,2,19,17,1,0,18
"2,32,53,74",1,1,1,1,0,0,0,1,1,29,29,62,62,0,1,0,1,2,0,0,1,1,O-only,20,0,2,22,21,0,0,21
"2,32,66,69",0,0,0,0,0,0,0,1,1,42,42,65,65,0,1,0,1,2,0,0,1,1,O-only,23,0,2,25,24,0,0,24
"2,33,48,58",0,1,0,1,1,1,0,1,1,32,32,42,42,0,1,0,1,2,0,0,1,1,O-only,22,0,2,24,23,0,0,23
"2,38,40,57",1,1,1,1,0,0,0,1,1,41,41,29,29,0,1,0,1,2,0,0,1,1,O-only,19,0,2,21,20,0,0,20
"2,38,41,48",0,0,0,0,0,0,0,1,1,47,47,65,65,0,1,0,1,2,0,0,1,1,O-only,17,3,2,22,18,3,0,21
"2,4,27,30",1,1,1,1,0,0,0,1,1,36,36,3,3,0,1,0,1,2,0,0,1,1,O-only,27,1,3,31,29,0,0,29
"2,4,29,69",0,0,0,0,0,0,0,1,1,38,38,6,6,0,1,0,1,2,0,0,1,1,O-only,20,0,2,22,21,0,0,21
"2,4,31,48",1,1,1,1,0,0,0,1,1,32,32,3,3,0,1,0,1,2,0,0,1,1,O-only,23,0,2,25,24,0,0,24
"2,4,31,62",1,1,1,1,0,0,0,1,1,5,5,32,32,0,1,0,1,2,0,0,1,1,O-only,20,0,2,22,21,0,0,21
"2,40,57,60",0,1,0,1,1,1,0,1,1,10,10,56,56,0,1,0,1,2,0,0,1,1,O-only,19,0,2,21,20,0,0,20
"2,44,46,50",0,1,0,1,1,1,0,1,1,53,53,52,52,0,1,0,1,2,0,0,1,1,O-only,20,0,2,22,21,0,0,21
"2,46,48,58",0,0,0,0,0,0,0,1,1,47,47,52,52,0,1,0,1,2,0,0,1,1,O-only,25,0,3,28,26,0,1,27
"2,46,56,68",0,1,1,1,1,0,-1,1,1,11,28,65,65,1,1,0,1,3,0,0,0,1,O-only,19,2,3,24,20,1,0,21
"2,48,52,59",0,1,0,1,1,1,0,1,1,60,60,42,42,0,1,0,1,2,0,0,1,1,O-only,17,3,2,22,18,3,0,21
"2,5,16,27",1,1,1,1,0,0,0,1,1,6,6,35,35,0,1,0,1,2,0,0,1,1,O-only,22,0,2,24,23,0,0,23
"2,5,16,40",1,1,1,1,0,0,0,1,1,56,56,4,4,0,1,0,1,2,0,0,1,1,O-only,24,0,2,26,25,0,0,25
"2,5,28,69",1,1,1,1,0,0,0,1,1,4,4,35,35,0,1,0,1,2,0,0,1,1,O-only,22,0,2,24,23,0,0,23
"2,5,50,52",1,0,1,0,-1,-1,0,1,1,6,6,26,26,0,1,0,1,2,0,0,1,1,O-only,15,2,2,19,16,2,0,18
"2,6,12,51",1,1,1,1,0,0,0,1,1,42,42,18,18,0,1,0,1,2,0,0,1,1,O-only,23,0,2,25,24,0,0,24
"20,23,30,33",1,0,1,0,-1,-1,0,1,1,47,47,24,24,0,1,0,1,2,0,0,1,1,O-only,16,3,2,21,17,3,0,20
"21,38,40,41",1,1,0,1,0,1,1,0,0,78,10,47,47,1,1,0,1,3,0,0,0,1,both,16,5,2,23,17,1,0,18
"22,30,40,50",0,0,0,0,0,0,0,1,1,67,67,58,58,0,1,0,1,2,0,0,1,1,O-only,19,5,3,27,21,4,0,25
"3,10,14,61",1,1,1,1,0,0,0,1,1,4,4,54,54,0,1,0,1,2,0,0,1,1,O-only,24,0,2,26,25,0,0,25
"3,11,22,42",0,0,0,0,0,0,0,1,1,74,74,2,2,0,1,0,1,2,0,0,1,1,O-only,20,0,3,23,21,0,0,21
"3,11,32,55",0,0,0,0,0,0,0,1,1,15,15,27,27,0,1,0,1,2,0,0,1,1,O-only,20,0,2,22,21,0,0,21
"3,11,46,70",0,1,0,1,1,1,0,1,1,53,53,14,14,0,1,0,1,2,0,0,1,1,O-only,22,0,2,24,23,0,0,23
"3,12,24,37",1,1,1,1,0,0,0,1,1,75,75,19,19,0,1,0,1,2,0,0,1,1,O-only,22,0,2,24,23,0,0,23
"3,12,36,50",1,0,1,0,-1,-1,0,0,0,43,43,66,66,0,1,0,1,2,0,0,1,1,O-only,25,0,2,27,26,0,0,26
"3,12,51,61",1,0,1,0,-1,-1,0,1,1,11,11,75,75,0,1,0,1,2,0,0,1,1,O-only,23,0,2,25,24,0,0,24
"3,13,15,77",0,1,0,1,1,1,0,1,1,14,14,53,53,0,1,0,1,2,0,0,1,1,O-only,24,0,2,26,25,0,0,25
"3,13,20,38",0,0,0,0,0,0,0,1,1,14,14,29,29,0,1,0,1,2,0,0,1,1,O-only,25,0,2,27,26,0,0,26
"3,13,30,67",0,1,0,1,1,1,0,1,1,27,27,4,4,0,1,0,1,2,0,0,1,1,O-only,20,2,2,24,21,2,0,23
"3,13,64,65",1,1,1,1,0,0,0,1,1,37,37,45,45,0,1,0,1,2,0,0,1,1,O-only,20,1,2,23,21,1,0,22
"3,14,16,43",0,0,0,0,0,0,0,1,1,34,34,10,10,0,1,0,1,2,0,0,1,1,O-only,19,3,3,25,21,2,0,23
"3,14,27,50",1,0,1,0,-1,-1,0,1,1,66,66,23,23,0,1,0,1,2,0,0,1,1,O-only,19,0,2,21,20,0,0,20
"3,14,29,57",1,1,1,1,0,0,0,1,1,30,30,59,59,0,1,0,1,2,0,0,1,1,O-only,26,0,2,28,27,0,0,27
"3,15,31,59",0,1,0,1,1,1,0,0,0,55,55,14,14,0,1,0,1,2,0,0,1,1,O-only,25,0,3,28,26,0,1,27
"3,15,44,77",1,1,1,1,0,0,0,1,1,14,14,53,53,0,1,0,1,2,0,0,1,1,O-only,22,0,2,24,23,0,0,23
"3,15,59,77",1,1,1,1,0,0,0,1,1,14,14,5,5,0,1,0,1,2,0,0,1,1,O-only,25,0,3,28,26,0,1,27
"3,16,23,48",1,0,1,0,-1,-1,0,1,1,39,39,24,24,0,1,0,1,2,0,0,1,1,O-only,17,1,2,20,18,1,0,19
"3,16,39,44",0,0,0,0,0,0,0,1,1,48,48,11,11,0,1,0,1,2,0,0,1,1,O-only,22,0,2,24,23,0,0,23
"3,19,39,58",1,1,1,1,0,0,0,1,1,59,59,30,30,0,1,0,1,2,0,0,1,1,O-only,22,0,2,24,23,0,0,23
"3,19,42,56",0,0,0,0,0,0,0,1,1,66,66,59,59,0,1,0,1,2,0,0,1,1,O-only,20,0,2,22,21,0,0,21
"3,20,23,52",1,1,1,1,0,0,0,1,1,47,47,12,12,0,1,0,1,2,0,0,1,1,O-only,18,0,2,20,19,0,0,19
"3,20,23,57",0,1,0,1,1,1,0,1,1,47,47,12,12,0,1,0,1,2,0,0,1,1,O-only,21,1,3,25,22,1,0,23
"3,20,24,44",1,0,1,0,-1,-1,0,1,1,25,25,14,14,0,1,0,1,2,0,0,1,1,O-only,22,0,2,24,23,0,0,23
"3,20,29,49",0,1,0,1,1,1,0,0,0,30,11,19,19,1,1,0,1,3,0,0,0,1,O-only,17,3,2,22,18,2,0,20
"3,20,33,47",1,1,1,1,0,0,0,1,1,23,23,11,11,0,1,0,1,2,0,0,1,1,O-only,23,0,2,25,24,0,0,24
"3,21,32,35",1,1,1,1,0,0,0,1,1,30,30,27,27,0,1,0,1,2,0,0,1,1,O-only,20,0,3,23,21,0,1,22
"3,21,49,57",1,0,1,0,-1,-1,0,1,1,29,29,25,25,0,1,0,1,2,0,0,1,1,O-only,14,4,2,20,15,4,0,19
"3,21,58,60",0,0,0,0,0,0,0,1,1,66,66,48,48,0,1,0,1,2,0,0,1,1,O-only,20,0,2,22,21,0,0,21
"3,22,43,70",1,0,1,0,-1,-1,0,1,1,67,67,10,10,0,1,0,1,2,0,0,1,1,O-only,20,0,2,22,21,0,0,21
"3,22,47,49",0,0,0,0,0,0,0,1,1,23,23,48,48,0,1,0,1,2,0,0,1,1,O-only,23,0,2,25,24,0,0,24
"3,23,24,37",0,1,0,1,1,1,0,1,1,43,43,19,19,0,1,0,1,2,0,0,1,1,O-only,21,0,2,23,22,0,0,22
"3,23,31,35",0,0,0,0,0,0,0,0,0,27,27,43,43,0,1,0,1,2,0,0,1,1,O-only,18,2,3,23,19,2,1,22
"3,23,35,41",1,1,1,1,0,0,0,1,1,32,32,5,5,0,1,0,1,2,0,0,1,1,O-only,21,0,2,23,22,0,0,22
"3,23,36,44",0,1,0,1,1,1,0,1,1,43,43,27,27,0,1,0,1,2,0,0,1,1,O-only,21,0,2,23,22,0,0,22
"3,23,37,53",0,0,0,0,0,0,0,1,1,46,46,20,20,0,1,0,1,2,0,0,1,1,O-only,21,1,2,24,22,1,0,23
"3,24,41,57",1,0,1,0,-1,-1,0,1,1,48,48,33,33,0,1,0,1,2,0,0,1,1,O-only,24,0,2,26,25,0,0,25
"3,24,56,65",0,0,0,0,0,0,0,1,1,33,33,2,2,0,1,0,1,2,0,0,1,1,O-only,21,0,2,23,22,0,0,22
"3,25,40,76",0,1,0,1,1,1,0,1,1,13,13,37,37,0,1,0,1,2,0,0,1,1,O-only,19,1,2,22,20,1,0,21
"3,25,67,69",0,1,0,1,1,1,0,1,1,66,66,15,15,0,1,0,1,2,0,0,1,1,O-only,22,0,2,24,23,0,0,23
"3,28,30,34",0,0,0,0,0,0,0,1,1,4,4,66,66,0,1,0,1,2,0,0,1,1,O-only,24,2,3,29,25,3,0,28
"3,28,30,41",1,1,1,1,0,0,0,1,1,31,31,33,33,0,1,0,1,2,0,0,1,1,O-only,20,2,3,25,22,1,0,23
"3,28,40,56",1,1,1,1,0,0,0,1,1,37,37,48,48,0,1,0,1,2,0,0,1,1,O-only,22,0,2,24,23,0,0,23
"3,28,48,67",1,1,1,1,0,0,0,1,1,37,37,55,55,0,1,0,1,2,0,0,1,1,O-only,21,1,3,25,22,1,0,23
"3,29,31,69",1,1,1,1,0,0,0,1,1,30,30,39,39,0,1,0,1,2,0,0,1,1,O-only,19,0,2,21,20,0,0,20
"3,29,42,58",0,0,0,0,0,0,0,0,0,2,2,59,59,0,1,0,1,2,0,0,1,1,O-only,22,0,2,24,23,0,0,23
"3,29,42,69",0,0,0,0,0,0,0,1,1,6,6,59,59,0,1,0,1,2,0,0,1,1,O-only,22,0,2,24,23,0,0,23
"3,29,51,55",1,1,1,1,0,0,0,1,1,48,48,15,15,0,1,0,1,2,0,0,1,1,O-only,22,0,2,24,23,0,0,23
"3,29,56,76",1,1,1,1,0,0,0,0,0,61,61,20,20,0,1,0,1,2,0,0,1,1,O-only,15,0,2,17,16,0,0,16
"3,30,33,40",0,0,0,0,0,0,0,1,1,39,39,66,66,0,1,0,1,2,0,0,1,1,O-only,20,2,2,24,21,2,0,23
"3,30,36,70",0,0,0,0,0,0,0,1,1,43,43,66,66,0,1,0,1,2,0,0,1,1,O-only,23,0,2,25,24,0,0,24
"3,30,41,49",0,1,0,1,1,1,0,1,1,57,57,33,33,0,1,0,1,2,0,0,1,1,O-only,24,0,2,26,25,0,0,25
"3,30,46,52",1,0,1,0,-1,-1,0,1,1,48,48,66,66,0,1,0,1,2,0,0,1,1,O-only,19,0,2,21,20,0,0,20
"3,30,46,59",1,1,1,1,0,0,0,1,1,19,19,14,14,0,1,0,1,2,0,0,1,1,O-only,25,0,2,27,26,0,0,26
"3,31,32,46",1,1,1,1,0,0,0,0,0,30,30,27,27,0,1,0,1,2,0,0,1,1,O-only,19,0,2,21,20,0,0,20
"3,31,59,70",1,0,1,0,-1,-1,0,1,1,37,37,42,42,0,1,0,1,2,0,0,1,1,O-only,21,2,2,25,22,2,0,24
"3,32,38,59",1,1,1,1,0,0,0,1,1,43,43,48,48,0,1,0,1,2,0,0,1,1,O-only,24,1,2,27,25,1,0,26
"3,32,48,65",0,1,0,1,1,1,0,1,1,33,33,59,59,0,1,0,1,2,0,0,1,1,O-only,21,1,3,25,23,1,0,24
"3,32,57,59",1,1,1,1,0,0,0,1,1,33,33,48,48,0,1,0,1,2,0,0,1,1,O-only,24,1,2,27,25,1,0,26
"3,33,38,68",1,1,1,1,0,0,0,1,1,65,65,43,43,0,1,0,1,2,0,0,1,1,O-only,18,0,2,20,19,0,0,19
"3,33,67,70",0,0,0,0,0,0,0,0,0,43,43,66,66,0,1,0,1,2,0,0,1,1,O-only,25,0,2,27,26,0,0,26
"3,34,44,59",1,0,1,0,-1,-1,0,1,1,66,66,60,60,0,1,0,1,2,0,0,1,1,O-only,24,0,2,26,25,0,0,25
"3,34,50,59",1,0,1,0,-1,-1,0,1,1,43,43,66,66,0,1,0,1,2,0,0,1,1,O-only,28,0,3,31,30,0,0,30
"3,35,65,67",0,1,0,1,1,1,0,1,1,66,66,27,27,0,1,0,1,2,0,0,1,1,O-only,23,0,2,25,24,0,0,24
"3,36,39,57",0,0,0,0,0,0,0,1,1,27,27,43,43,0,1,0,1,2,0,0,1,1,O-only,24,2,3,29,25,3,0,28
"3,37,39,49",0,0,0,0,0,0,0,1,1,48,48,19,19,0,1,0,1,2,0,0,1,1,O-only,18,2,2,22,19,2,0,21
"3,39,49,55",1,1,1,1,0,0,0,1,1,4,4,15,15,0,1,0,1,2,0,0,1,1,O-only,22,1,2,25,23,1,0,24
"3,39,57,69",1,0,1,0,-1,-1,0,1,1,6,6,29,29,0,1,0,1,2,0,0,1,1,O-only,17,3,2,22,18,3,0,21
"3,4,32,59",1,1,1,1,0,0,0,1,1,5,5,14,14,0,1,0,1,2,0,0,1,1,O-only,23,0,2,25,24,0,0,24
"3,4,41,58",0,0,0,0,0,0,0,1,1,49,49,36,36,0,1,0,1,2,0,0,1,1,O-only,21,0,2,23,22,0,0,22
"3,41,46,65",0,1,0,1,1,1,0,0,0,66,66,14,14,0,1,0,1,2,0,0,1,1,O-only,23,0,2,25,24,0,0,24
"3,41,57,69",1,0,1,0,-1,-1,0,1,1,66,66,39,39,0,1,0,1,2,0,0,1,1,O-only,20,0,2,22,21,0,0,21
"3,41,70,76",1,1,1,1,0,0,0,1,1,25,25,37,37,0,1,0,1,2,0,0,1,1,O-only,17,0,2,19,18,0,0,18
"3,46,50,59",0,0,0,0,0,0,0,0,0,66,66,53,53,0,1,0,1,2,0,0,1,1,O-only,21,0,2,23,22,0,0,22
"3,47,48,52",0,0,0,1,0,1,1,1,1,40,40,66,57,0,1,1,1,3,0,0,1,0,synergy,15,2,2,19,17,1,0,18
"3,47,50,55",1,1,1,1,0,0,0,1,1,48,48,23,23,0,1,0,1,2,0,0,1,1,O-only,20,0,2,22,21,0,0,21
"3,5,13,29",1,1,1,1,0,0,0,1,1,6,6,53,53,0,1,0,1,2,0,0,1,1,O-only,17,3,2,22,18,3,0,21
"3,5,20,40",1,1,1,1,0,0,0,1,1,0,0,8,8,0,1,0,1,2,0,0,1,1,O-only,21,0,2,23,22,0,0,22
"3,5,30,49",1,1,1,1,0,0,0,0,0,29,29,4,4,0,1,0,1,2,0,0,1,1,O-only,23,0,2,25,24,0,0,24
"3,57,59,68",1,0,1,0,-1,-1,0,1,1,29,29,48,48,0,1,0,1,2,0,0,1,1,O-only,19,1,2,22,20,1,0,21
"4,10,12,22",0,1,0,1,1,1,0,1,1,67,67,15,15,0,1,0,1,2,0,0,1,1,O-only,20,2,2,24,21,2,0,23
"4,10,22,41",1,1,1,1,0,0,0,1,1,40,40,36,36,0,1,0,1,2,0,0,1,1,O-only,21,1,2,24,22,1,0,23
"4,10,58,66",1,0,1,0,-1,-1,0,1,1,38,38,40,40,0,1,0,1,2,0,0,1,1,O-only,15,4,2,21,16,4,0,20
"4,11,46,52",1,1,1,1,0,0,0,1,1,14,14,56,56,0,1,0,1,2,0,0,1,1,O-only,20,0,2,22,21,0,0,21
"4,12,19,30",0,1,0,1,1,1,0,0,0,39,39,3,3,0,1,0,1,2,0,0,1,1,O-only,22,0,3,25,23,0,0,23
"4,12,23,41",1,1,1,1,0,0,0,1,1,11,11,32,32,0,1,0,1,2,0,0,1,1,O-only,23,0,2,25,24,0,0,24
"4,12,51,69",0,1,0,1,1,1,0,1,1,75,75,24,24,0,1,0,1,2,0,0,1,1,O-only,22,0,2,24,23,0,0,23
"4,13,29,52",1,0,1,0,-1,-1,0,1,1,76,76,12,12,0,1,0,1,2,0,0,1,1,O-only,21,0,2,23,22,0,0,22
"4,13,48,60",1,1,1,1,0,0,0,1,1,3,3,58,58,0,1,0,1,2,0,0,1,1,O-only,23,0,2,25,24,0,0,24
"4,19,22,58",0,0,0,0,0,0,0,1,1,28,28,26,26,0,1,0,1,2,0,0,1,1,O-only,23,2,2,27,24,2,0,26
"4,19,29,57",0,0,0,0,0,0,0,1,1,49,49,5,5,0,1,0,1,2,0,0,1,1,O-only,24,0,2,26,25,0,0,25
"4,19,31,37",1,1,1,1,0,0,0,1,1,5,5,28,28,0,1,0,1,2,0,0,1,1,O-only,27,1,3,31,29,0,0,29
"4,20,33,59",0,0,0,0,0,0,0,1,1,60,60,3,3,0,1,0,1,2,0,0,1,1,O-only,22,0,2,24,23,0,0,23
"4,21,37,66",1,0,1,0,-1,-1,0,1,1,15,15,10,10,0,1,0,1,2,0,0,1,1,O-only,23,1,2,26,24,1,0,25
"4,21,38,48",0,0,0,0,0,0,0,1,1,20,14,12,12,1,1,0,1,3,0,0,0,1,O-only,19,1,2,22,20,0,0,20
"4,21,48,50",1,0,1,0,-1,-1,0,1,1,20,20,49,49,0,1,0,1,2,0,0,1,1,O-only,23,0,2,25,24,0,0,24
"4,21,58,59",1,1,1,1,0,0,0,1,1,13,13,26,26,0,1,0,1,2,0,0,1,1,O-only,19,0,2,21,20,0,0,20
"4,29,30,51",1,1,1,1,0,0,0,1,1,31,31,34,34,0,1,0,1,2,0,0,1,1,O-only,19,0,2,21,20,0,0,20
"4,29,37,58",0,0,0,0,0,0,0,1,1,56,56,67,67,0,1,0,1,2,0,0,1,1,O-only,22,0,2,24,23,0,0,23
"4,29,56,58",0,1,0,1,1,1,0,1,1,28,28,20,20,0,1,0,1,2,0,0,1,1,O-only,22,1,2,25,23,1,0,24
"4,30,47,49",1,1,1,1,0,0,0,1,1,50,50,23,23,0,1,0,1,2,0,0,1,1,O-only,22,0,2,24,23,0,0,23
"4,36,41,51",0,0,0,0,0,0,0,1,1,43,43,67,67,0,1,0,1,2,0,0,1,1,O-only,17,1,2,20,18,1,0,19
"4,38,40,51",0,1,0,1,1,1,0,1,1,43,43,6,6,0,1,0,1,2,0,0,1,1,O-only,20,0,2,22,21,0,0,21
"4,38,52,64",0,1,0,1,1,1,0,1,1,43,43,76,76,0,1,0,1,2,0,0,1,1,O-only,19,0,2,21,20,0,0,20
"4,39,55,68",1,0,1,0,-1,-1,0,1,1,67,67,28,28,0,1,0,1,2,0,0,1,1,O-only,20,0,2,22,21,0,0,21
"4,39,58,66",1,0,1,0,-1,-1,0,1,1,36,36,67,67,0,1,0,1,2,0,0,1,1,O-only,20,2,2,24,21,2,0,23
"4,40,56,59",1,0,1,0,-1,-1,0,1,1,16,16,49,49,0,1,0,1,2,0,0,1,1,O-only,21,1,2,24,22,1,0,23
