parent,rank,impl,rep,run_slot,outcome,exact_visited,exact_memo,exact_maxdepth,solver_seconds,wall_seconds,root_unique,root_entered,root_first_lo,root_first_hi,root_witness
"0,11,35",1,sort,1,1,WIN,85311102,85151103,19,330.921,318.851,96,6,17626545784833,0,72
"0,11,35",1,bucket,1,2,WIN,85311102,85151103,19,326.268,312.910,96,6,17626545784833,0,72
"0,11,35",1,bucket,2,3,WIN,85311102,85151103,19,329.612,309.287,96,6,17626545784833,0,72
"0,11,35",1,sort,2,4,WIN,85311102,85151103,19,327.524,313.913,96,6,17626545784833,0,72
"0,11,35",1,sort,3,5,WIN,85311102,85151103,19,340.192,322.672,96,6,17626545784833,0,72
"0,11,35",1,bucket,3,6,WIN,85311102,85151103,19,333.706,316.297,96,6,17626545784833,0,72
"11,38,44",2,bucket,1,7,WIN,17051435,16989181,18,72.29,74.817,97,1,35186519834624,131072,88
"11,38,44",2,sort,1,8,WIN,17051435,16989181,18,69.9064,73.783,97,1,35186519834624,131072,88
"11,38,44",2,sort,2,9,WIN,17051435,16989181,18,72.8092,74.157,97,1,35186519834624,131072,88
"11,38,44",2,bucket,2,10,WIN,17051435,16989181,18,69.1881,72.890,97,1,35186519834624,131072,88
"11,38,44",2,bucket,3,11,WIN,17051435,16989181,18,70.7202,71.763,97,1,35186519834624,131072,88
"11,38,44",2,sort,3,12,WIN,17051435,16989181,18,72.2924,76.030,97,1,35186519834624,131072,88
"11,78,87",3,sort,1,13,WIN,9928498,9869864,18,39.9485,44.688,53,1,268568576,131072,88
"11,78,87",3,bucket,1,14,WIN,9928498,9869864,18,44.5746,48.080,53,1,268568576,131072,88
"11,78,87",3,bucket,2,15,WIN,9928498,9869864,18,42.397,48.564,53,1,268568576,131072,88
"11,78,87",3,sort,2,16,WIN,9928498,9869864,18,43.1311,46.933,53,1,268568576,131072,88
"11,78,87",3,sort,3,17,WIN,9928498,9869864,18,44.0945,48.015,53,1,268568576,131072,88
"11,78,87",3,bucket,3,18,WIN,9928498,9869864,18,44.0432,50.068,53,1,268568576,131072,88
"12,24,68",4,bucket,1,19,WIN,11677827,11622798,18,51.8955,55.868,96,1,4503599627436032,16512,87
"12,24,68",4,sort,1,20,WIN,11677827,11622798,18,56.0765,60.319,96,1,4503599627436032,16512,87
"12,24,68",4,sort,2,21,WIN,11677827,11622798,18,50.7332,53.031,96,1,4503599627436032,16512,87
"12,24,68",4,bucket,2,22,WIN,11677827,11622798,18,53.4,58.401,96,1,4503599627436032,16512,87
"12,24,68",4,bucket,3,23,WIN,11677827,11622798,18,53.5055,56.939,96,1,4503599627436032,16512,87
"12,24,68",4,sort,3,24,WIN,11677827,11622798,18,46.5483,51.302,96,1,4503599627436032,16512,87
"12,32,55",5,sort,1,25,WIN,7106990,7061150,18,31.0836,36.874,97,1,18014398847123456,0,21
"12,32,55",5,bucket,1,26,WIN,7106990,7061150,18,32.0172,35.854,97,1,18014398847123456,0,21
"12,32,55",5,bucket,2,27,WIN,7106990,7061150,18,36.1409,42.745,97,1,18014398847123456,0,21
"12,32,55",5,sort,2,28,WIN,7106990,7061150,18,35.6181,42.490,97,1,18014398847123456,0,21
"12,32,55",5,sort,3,29,WIN,7106990,7061150,18,34.4624,38.733,97,1,18014398847123456,0,21
"12,32,55",5,bucket,3,30,WIN,7106990,7061150,18,35.5558,40.944,97,1,18014398847123456,0,21
"13,52,57",6,bucket,1,31,WIN,11651703,11605528,18,60.9338,65.240,92,1,148618787705331712,0,21
"13,52,57",6,sort,1,32,WIN,11651703,11605528,18,58.5323,62.271,92,1,148618787705331712,0,21
"13,52,57",6,sort,2,33,WIN,11651703,11605528,18,55.6117,61.583,92,1,148618787705331712,0,21
"13,52,57",6,bucket,2,34,WIN,11651703,11605528,18,54.5971,57.123,92,1,148618787705331712,0,21
"13,52,57",6,bucket,3,35,WIN,11651703,11605528,18,52.7481,55.464,92,1,148618787705331712,0,21
"13,52,57",6,sort,3,36,WIN,11651703,11605528,18,52.0468,55.558,92,1,148618787705331712,0,21
"14,64,74",7,sort,1,37,WIN,4342654,4296010,17,23.7611,29.795,90,1,218424581927469120,0,96
"14,64,74",7,bucket,1,38,WIN,4342654,4296010,17,23.7267,31.480,90,1,218424581927469120,0,96
"14,64,74",7,bucket,2,39,WIN,4342654,4296010,17,22.6377,29.052,90,1,218424581927469120,0,96
"14,64,74",7,sort,2,40,WIN,4342654,4296010,17,23.0668,30.196,90,1,218424581927469120,0,96
"14,64,74",7,sort,3,41,WIN,4342654,4296010,17,22.609,29.696,90,1,218424581927469120,0,96
"14,64,74",7,bucket,3,42,WIN,4342654,4296010,17,27.4533,35.177,90,1,218424581927469120,0,96
"23,44,45",8,bucket,1,43,WIN,7188933,7153823,18,39.7102,47.399,92,1,9059975821262848,0,53
"23,44,45",8,sort,1,44,WIN,7188933,7153823,18,41.7024,46.172,92,1,9059975821262848,0,53
"23,44,45",8,sort,2,45,WIN,7188933,7153823,18,41.0995,48.884,92,1,9059975821262848,0,53
"23,44,45",8,bucket,2,46,WIN,7188933,7153823,18,35.6347,41.860,92,1,9059975821262848,0,53
"23,44,45",8,bucket,3,47,WIN,7188933,7153823,18,41.8201,48.383,92,1,9059975821262848,0,53
"23,44,45",8,sort,3,48,WIN,7188933,7153823,18,40.7664,45.351,92,1,9059975821262848,0,53
"3,47,63",9,sort,1,49,WIN,5711578,5667862,18,31.0068,38.571,92,1,1152921504623624192,12,73
"3,47,63",9,bucket,1,50,WIN,5711578,5667862,18,29.5308,37.349,92,1,1152921504623624192,12,73
"3,47,63",9,bucket,2,51,WIN,5711578,5667862,18,33.8029,42.290,92,1,1152921504623624192,12,73
"3,47,63",9,sort,2,52,WIN,5711578,5667862,18,24.5069,31.465,92,1,1152921504623624192,12,73
"3,47,63",9,sort,3,53,WIN,5711578,5667862,18,34.5507,38.516,92,1,1152921504623624192,12,73
"3,47,63",9,bucket,3,54,WIN,5711578,5667862,18,33.2211,40.839,92,1,1152921504623624192,12,73
"3,53,84",10,bucket,1,55,WIN,7184954,7147428,18,37.8122,43.849,97,1,2768106422272,0,31
"3,53,84",10,sort,1,56,WIN,7184954,7147428,18,33.536,41.254,97,1,2768106422272,0,31
"3,53,84",10,sort,2,57,WIN,7184954,7147428,18,39.9246,45.721,97,1,2768106422272,0,31
"3,53,84",10,bucket,2,58,WIN,7184954,7147428,18,39.3991,46.404,97,1,2768106422272,0,31
"3,53,84",10,bucket,3,59,WIN,7184954,7147428,18,30.2636,38.808,97,1,2768106422272,0,31
"3,53,84",10,sort,3,60,WIN,7184954,7147428,18,39.9145,43.718,97,1,2768106422272,0,31
"4,24,26",11,sort,1,61,WIN,51289701,51143224,18,214.399,206.622,96,9,77687097867108352,0,24
"4,24,26",11,bucket,1,62,WIN,51289701,51143224,18,212.183,205.970,96,9,77687097867108352,0,24
"4,24,26",11,bucket,2,63,WIN,51289701,51143224,18,221.28,211.458,96,9,77687097867108352,0,24
"4,24,26",11,sort,2,64,WIN,51289701,51143224,18,210.114,200.235,96,9,77687097867108352,0,24
"4,24,26",11,sort,3,65,WIN,51289701,51143224,18,213.018,206.859,96,9,77687097867108352,0,24
"4,24,26",11,bucket,3,66,WIN,51289701,51143224,18,216.04,206.995,96,9,77687097867108352,0,24
"4,42,54",12,bucket,1,67,WIN,6977109,6940096,18,39.7344,43.281,94,1,106652644671488,0,46
"4,42,54",12,sort,1,68,WIN,6977109,6940096,18,37.7963,45.884,94,1,106652644671488,0,46
"4,42,54",12,sort,2,69,WIN,6977109,6940096,18,36.2209,41.628,94,1,106652644671488,0,46
"4,42,54",12,bucket,2,70,WIN,6977109,6940096,18,42.5316,50.696,94,1,106652644671488,0,46
"4,42,54",12,bucket,3,71,WIN,6977109,6940096,18,42.8247,51.147,94,1,106652644671488,0,46
"4,42,54",12,sort,3,72,WIN,6977109,6940096,18,39.4136,43.369,94,1,106652644671488,0,46
