n,verdict,forbidden_quadruples,certificate_nodes,losing_nodes,winning_nodes,raw_bytes,compressed_bytes,raw_sha256,compressed_sha256
1,first,0,2,1,1,72,49,7e6750477f7d6244b85887ecd9e467868a6214b1999d8f4706381e594a250758,98e01081b87a996c1d7e420944e1e24b5c485979575279abff3a828f8b795c2f
2,first,1,5,2,3,120,68,19f290636892f0e58abdce263d21218781796b734ecfc801f49538cf9255e439,2aa31a36b22a242ca900199f3418f4e45f8b2a6f91bf8aea03fe4a231fb43d4b
3,first,14,28,10,18,488,151,569c18efa58d71b7d9e08bcac3b66e0ea9593a76b2765f1f872e3e7e6f557dfc,5d9df76d107fdfec8c6e77529968d0b3fc65c5b3eea347c4737887e61c0d7f3a
4,second,194,135,47,88,2200,514,31c9e4f55859a19b9ce0276ddcdf2c44cdee8e12842390bde32231c43c845924,7ba38265e5b408a49a0d64a144b44e869b4751ca2c37c4202f9b040f5d0e744a
5,first,826,1217,449,768,19512,4480,d87d8f8bc936fb699d3d0e41738ff61b008ec0f632d7febb9884603a6c59da53,19e497850a8069bf8e20940c68460999625fb9a4e25a56948c951e6f4ba56bb3
6,first,2491,21712,7625,14087,347432,81715,db05e340c4a2b99d68d9fc8fbf4a478a36c330572553b9dfece1817150d5e1a7,00c79ccebc72969a15a5203489c20b34aec4f3ce3d6dd360e3762fb87db27050
7,second,6364,393550,139217,254333,6296840,1517374,fbb6439c72b5885336eccca5c617e88fa1254641e99fb79e94c843cf676aed57,ed2b94abdf63f9d97330937b132ccbaca537cfe171e3d6cd7b1f5d7b48b760ed
8,second,14564,8744406,2991713,5752693,139910536,33069195,d6f2c4c0d8166e6288910ef816bab5dc0eaf22b40e085e1e62432aaace91914e,bc856081356319b391cd4030b0230d8baeeddae18ef54f23177b432fcf446947
9,first,29152,13457134,4630676,8826458,215314184,62027637,f4282bebbf8240cd0a11fdd5af78ef8b1e33f0b9582f72424574c1bab5ac92e2,cbaaaa287696498fa74651fb31526f65c996202854dbe8c9807085eeeb2ad952
