parent,condition,order_index,outcome,visited,solver_seconds,wall_seconds
"0,11,35",F,0,WIN,85311102,143.214,144.63658248
"0,11,35",B,1,WIN,101452455,165.782,166.724058557
"0,11,35",L,2,WIN,85311102,141.591,142.430182666
"11,38,44",B,0,WIN,20031667,32.6864,33.514302723
"11,38,44",L,1,WIN,17051435,28.5276,29.367517874
"11,38,44",F,2,WIN,17051435,28.4975,29.328672812
"11,78,87",L,0,WIN,9928498,16.2941,17.120700946
"11,78,87",F,1,WIN,9928498,16.2788,17.109010836
"11,78,87",B,2,WIN,11509441,18.4334,19.257796828
"12,24,68",F,0,WIN,11677827,19.602,20.419696549
"12,24,68",B,1,WIN,13627620,22.3811,23.202499538
"12,24,68",L,2,WIN,11677827,19.6283,20.451933272
"12,32,55",B,0,WIN,8215176,13.3015,14.115147646
"12,32,55",L,1,WIN,7106990,11.8243,12.635869930
"12,32,55",F,2,WIN,7106990,11.8265,12.640564890
"13,52,57",L,0,WIN,11651703,20.1167,20.928397555
"13,52,57",F,1,WIN,11651703,20.2176,21.029493801
"13,52,57",B,2,WIN,13655602,23.167,23.976016477
"14,64,74",F,0,WIN,4342654,7.28405,8.092832841
"14,64,74",B,1,WIN,4988016,8.22158,9.032539614
"14,64,74",L,2,WIN,4342654,7.32107,8.130656725
"23,44,45",B,0,WIN,8356037,13.9152,14.719993578
"23,44,45",L,1,WIN,7188933,12.2463,13.047869212
"23,44,45",F,2,WIN,7188933,12.2317,13.039549430
"3,47,63",L,0,WIN,5711578,9.36409,10.168546125
"3,47,63",F,1,WIN,5711578,9.36515,10.169845964
"3,47,63",B,2,WIN,6586155,10.5244,11.330208273
"3,53,84",F,0,WIN,7184954,11.8894,12.698306675
"3,53,84",B,1,WIN,8346560,13.5794,14.384422413
"3,53,84",L,2,WIN,7184954,11.9202,12.721019920
"4,24,26",B,0,WIN,60604679,99.5933,100.391481425
"4,24,26",L,1,WIN,51289701,85.7257,86.528968734
"4,24,26",F,2,WIN,51289701,85.7164,86.523275828
"4,42,54",L,0,WIN,6977109,11.6517,12.445393520
"4,42,54",F,1,WIN,6977109,11.6462,12.435323828
"4,42,54",B,2,WIN,8096702,13.1992,13.996648482
