component_id,size
0,1
1,2
2,1
3,1
4,1
5,7
6,2
7,1
8,2
9,1
10,5
11,5
12,1
13,11
14,1
15,1
16,1
17,1
18,7
19,2
20,2
21,1
22,1
23,11
24,2
25,1
26,1
27,1
28,2
29,1
30,2
31,1
32,1
33,2
34,1
35,1
36,1
37,1
38,1
39,1
40,1
41,11
42,1
43,2
44,1
45,1
46,2
47,11
48,1
49,7
50,1
51,5
52,2
53,1
54,1
55,7
56,1
57,11
58,1
59,2
60,1
61,2
62,5
63,1
64,1
65,2
66,2
67,1
68,1
69,1
70,1
71,2
72,2
73,11
74,1
75,1
76,1
77,5
78,2
79,7
80,1
81,1
82,1
83,1
84,2
85,7
86,1
87,1
88,2
89,2
90,2
91,1
92,1
93,1
94,2
95,1
96,1
97,1
98,1
99,1
100,1
101,2
102,1
103,1
104,2
105,1
106,1
107,1
108,2
109,2
110,1
111,1
112,1
113,2
114,2
115,1
116,1
117,1
118,1
119,1
120,1
121,1
122,1
123,5
124,1
125,1
126,2
127,2
128,1
129,2
130,1
131,1
132,1
133,1
134,1
135,1
136,11
137,7
138,1
139,2
140,2
141,1
142,1
143,1
144,1
145,1
146,1
147,2
148,1
149,1
150,1
151,5
152,2
153,1
154,2
155,1
156,1
157,1
158,1
159,1
160,1
161,2
162,2
163,1
164,1
165,1
166,2
167,1
168,1
169,11
170,1
171,2
172,1
173,1
174,1
175,1
176,1
177,1
178,1
179,7
180,1
181,1
182,2
183,2
184,1
185,1
186,1
187,2
188,2
189,1
190,1
191,1
192,1
193,2
194,1
195,1
196,1
197,1
198,1
199,1
200,1
201,1
202,2
203,1
204,1
205,1
206,1
207,1
208,1
209,1
210,2
211,5
212,1
213,1
214,1
215,1
216,1
217,2
218,2
219,1
220,1
221,1
222,1
223,2
224,2
225,1
226,1
227,1
228,1
229,2
230,1
231,1
232,1
233,1
234,1
235,1
236,1
237,1
238,1
239,2
240,2
241,1
242,1
243,1
244,1
245,1
246,1
247,1
