from_id,to_id,from_canon_hex,to_canon_hex,removed_point,removed_x,removed_y,added_point,added_x,added_y
1,2,00000001e4880461,0000000162011278,30,0,5,33,3,5
2,1,0000000162011278,00000001e4880461,33,3,5,30,0,5
6,262,00000002e20b0025,00000000f8060115,0,0,0,24,0,4
6,11,00000002e20b0025,0000000144801e23,11,5,1,24,0,4
6,7,00000002e20b0025,00000002e2090065,23,5,3,24,0,4
7,262,00000002e2090065,00000000f8060115,0,0,0,23,5,3
7,11,00000002e2090065,0000000144801e23,11,5,1,23,5,3
7,6,00000002e2090065,00000002e20b0025,24,0,4,23,5,3
8,41,000000008188bc28,000000008148bc28,3,3,0,9,3,1
9,10,0000000065c0208b,0000000161c0208b,26,2,4,32,2,5
10,9,0000000161c0208b,0000000065c0208b,32,2,5,26,2,4
10,11,0000000161c0208b,0000000144801e23,29,5,4,35,5,5
11,259,0000000144801e23,00000000f8460105,0,0,0,8,2,1
11,262,0000000144801e23,00000000f8060115,0,0,0,11,5,1
11,7,0000000144801e23,00000002e2090065,23,5,3,11,5,1
11,6,0000000144801e23,00000002e20b0025,24,0,4,11,5,1
11,10,0000000144801e23,0000000161c0208b,35,5,5,29,5,4
13,261,0000000144806c23,00000000f05a0105,0,0,0,8,2,1
15,264,0000000143890868,0000000121095c28,0,0,0,15,3,2
16,17,0000000048d01193,0000000088d01193,30,0,5,31,1,5
16,18,0000000048d01193,00000000842e0632,30,0,5,34,4,5
17,16,0000000088d01193,0000000048d01193,31,1,5,30,0,5
17,18,0000000088d01193,00000000842e0632,31,1,5,34,4,5
18,16,00000000842e0632,0000000048d01193,34,4,5,30,0,5
18,17,00000000842e0632,0000000088d01193,34,4,5,31,1,5
18,19,00000000842e0632,0000000121095c28,22,4,3,32,2,5
19,18,0000000121095c28,00000000842e0632,32,2,5,22,4,3
19,20,0000000121095c28,0000000143890868,20,2,3,35,5,5
20,19,0000000143890868,0000000121095c28,35,5,5,20,2,3
22,27,0000000268070093,00000002680700a3,4,4,0,5,5,0
22,186,0000000268070093,0000000268074091,1,1,0,14,2,2
27,22,00000002680700a3,0000000268070093,5,5,0,4,4,0
27,210,00000002680700a3,00000002680740a1,1,1,0,14,2,2
28,52,0000000144801e23,00000000f8460105,5,5,0,16,4,2
28,30,0000000144801e23,0000000161c0208b,30,0,5,31,1,5
28,213,0000000144801e23,00000002e20b0025,1,1,0,34,4,5
28,53,0000000144801e23,00000000f8060115,5,5,0,34,4,5
28,29,0000000144801e23,00000002e2090065,32,2,5,34,4,5
29,213,00000002e2090065,00000002e20b0025,1,1,0,32,2,5
29,53,00000002e2090065,00000000f8060115,5,5,0,32,2,5
29,28,00000002e2090065,0000000144801e23,34,4,5,32,2,5
30,31,0000000161c0208b,0000000065c0208b,12,0,2,13,1,2
30,28,0000000161c0208b,0000000144801e23,31,1,5,30,0,5
31,30,0000000065c0208b,0000000161c0208b,13,1,2,12,0,2
32,289,00000001e4880461,0000000162011278,0,0,0,18,0,3
33,55,0000000144806c23,00000000f05a0105,5,5,0,16,4,2
36,296,00000002680640b1,0000000268074091,0,0,0,13,1,2
36,222,00000002680640b1,00000002680740a1,1,1,0,13,1,2
36,38,00000002680640b1,00000002680540b1,12,0,2,13,1,2
37,298,00000002682220b1,000000026c222091,0,0,0,27,3,4
38,140,00000002680540b1,00000002680540a5,1,1,0,3,3,0
38,296,00000002680540b1,0000000268074091,0,0,0,12,0,2
38,222,00000002680540b1,00000002680740a1,1,1,0,12,0,2
38,36,00000002680540b1,00000002680640b1,13,1,2,12,0,2
41,8,000000008148bc28,000000008188bc28,9,3,1,3,3,0
43,44,00000000a8c040e5,00000000e2160219,22,4,3,23,5,3
44,43,00000000e2160219,00000000a8c040e5,23,5,3,22,4,3
46,56,00000000e228406c,00000000f028406c,7,1,1,10,4,1
47,187,00000000c2d00a0d,00000002a80c9421,1,1,0,4,4,0
50,51,0000000086c2a045,0000000082c2a845,16,4,2,31,1,5
51,50,0000000082c2a845,0000000086c2a045,31,1,5,16,4,2
52,28,00000000f8460105,0000000144801e23,16,4,2,5,5,0
52,53,00000000f8460105,00000000f8060115,16,4,2,34,4,5
53,213,00000000f8060115,00000002e20b0025,1,1,0,5,5,0
53,29,00000000f8060115,00000002e2090065,32,2,5,5,5,0
53,28,00000000f8060115,0000000144801e23,34,4,5,5,5,0
53,52,00000000f8060115,00000000f8460105,34,4,5,16,4,2
55,33,00000000f05a0105,0000000144806c23,16,4,2,5,5,0
56,46,00000000f028406c,00000000e228406c,10,4,1,7,1,1
63,64,00000000c2d00a0d,00000002a80c9421,31,1,5,34,4,5
64,153,00000002a80c9421,0000000268074091,2,2,0,12,0,2
64,63,00000002a80c9421,00000000c2d00a0d,34,4,5,31,1,5
66,67,00000000f028406c,00000000e228406c,25,1,4,28,4,4
67,66,00000000e228406c,00000000f028406c,28,4,4,25,1,4
70,347,00000002682220b1,000000026c222091,0,0,0,22,4,3
71,342,00000002680640b1,0000000268074091,0,0,0,8,2,1
71,184,00000002680640b1,00000002680540b1,2,2,0,8,2,1
71,74,00000002680640b1,00000002680740a1,6,0,1,8,2,1
73,189,000000010588b421,000000010588a429,2,2,0,18,0,3
73,74,000000010588b421,00000002680740a1,9,3,1,35,5,5
74,342,00000002680740a1,0000000268074091,0,0,0,6,0,1
74,184,00000002680740a1,00000002680540b1,2,2,0,6,0,1
74,71,00000002680740a1,00000002680640b1,8,2,1,6,0,1
74,73,00000002680740a1,000000010588b421,35,5,5,9,3,1
74,190,00000002680740a1,00000002680540a5,2,2,0,18,0,3
74,75,00000002680740a1,00000002680700a3,20,2,3,24,0,4
75,343,00000002680700a3,0000000268070093,0,0,0,6,0,1
75,74,00000002680700a3,00000002680740a1,24,0,4,20,2,3
76,114,00000000f8060115,00000000f8460105,4,4,0,22,4,3
76,191,00000000f8060115,00000002e2090065,2,2,0,35,5,5
76,115,00000000f8060115,0000000144801e23,4,4,0,35,5,5
76,77,00000000f8060115,00000002e20b0025,31,1,5,35,5,5
77,191,00000002e20b0025,00000002e2090065,2,2,0,31,1,5
77,115,00000002e20b0025,0000000144801e23,4,4,0,31,1,5
77,76,00000002e20b0025,00000000f8060115,35,5,5,31,1,5
79,100,0000000048d01193,0000000088d01193,5,5,0,11,5,1
79,102,0000000048d01193,00000000842e0632,5,5,0,29,5,4
80,81,00000000a8c040e5,00000000e2160219,27,3,4,33,3,5
81,80,00000000e2160219,00000000a8c040e5,33,3,5,27,3,4
84,85,00000000f8460105,00000000f8060115,26,2,4,29,5,4
84,86,00000000f8460105,0000000144801e23,26,2,4,30,0,5
85,84,00000000f8060115,00000000f8460105,29,5,4,26,2,4
85,99,00000000f8060115,00000002e20b0025,6,0,1,30,0,5
85,87,00000000f8060115,00000002e2090065,17,5,2,30,0,5
85,86,00000000f8060115,0000000144801e23,29,5,4,30,0,5
86,109,0000000144801e23,0000000161c0208b,5,5,0,11,5,1
86,84,0000000144801e23,00000000f8460105,30,0,5,26,2,4
86,99,0000000144801e23,00000002e20b0025,6,0,1,29,5,4
86,87,0000000144801e23,00000002e2090065,17,5,2,29,5,4
86,85,0000000144801e23,00000000f8060115,30,0,5,29,5,4
87,99,00000002e2090065,00000002e20b0025,6,0,1,17,5,2
87,86,00000002e2090065,0000000144801e23,29,5,4,17,5,2
87,85,00000002e2090065,00000000f8060115,30,0,5,17,5,2
88,209,000000010588a429,000000010588b421,2,2,0,17,5,2
88,89,000000010588a429,00000002680540a5,22,4,3,30,0,5
89,170,00000002680540a5,00000002680540b1,2,2,0,4,4,0
89,210,00000002680540a5,00000002680740a1,2,2,0,17,5,2
89,88,00000002680540a5,000000010588a429,30,0,5,22,4,3
91,94,0000000268070093,0000000268074091,11,5,1,15,3,2
91,92,0000000268070093,00000002680700a3,29,5,4,35,5,5
92,96,00000002680700a3,00000002680740a1,11,5,1,15,3,2
92,91,00000002680700a3,0000000268070093,35,5,5,29,5,4
93,369,00000002680540a5,000000010588a429,0,0,0,26,2,4
93,95,00000002680540a5,00000002680540b1,17,5,2,29,5,4
93,96,00000002680540a5,00000002680740a1,17,5,2,33,3,5
94,91,0000000268074091,0000000268070093,15,3,2,11,5,1
94,223,0000000268074091,00000002a80c9421,2,2,0,12,0,2
94,97,0000000268074091,00000002680640b1,27,3,4,35,5,5
94,96,0000000268074091,00000002680740a1,29,5,4,35,5,5
94,95,0000000268074091,00000002680540b1,33,3,5,35,5,5
95,93,00000002680540b1,00000002680540a5,29,5,4,17,5,2
95,97,00000002680540b1,00000002680640b1,27,3,4,33,3,5
95,96,00000002680540b1,00000002680740a1,29,5,4,33,3,5
95,94,00000002680540b1,0000000268074091,35,5,5,33,3,5
96,92,00000002680740a1,00000002680700a3,15,3,2,11,5,1
96,93,00000002680740a1,00000002680540a5,33,3,5,17,5,2
96,370,00000002680740a1,000000010588b421,0,0,0,26,2,4
96,97,00000002680740a1,00000002680640b1,27,3,4,29,5,4
96,95,00000002680740a1,00000002680540b1,33,3,5,29,5,4
96,94,00000002680740a1,0000000268074091,35,5,5,29,5,4
97,96,00000002680640b1,00000002680740a1,29,5,4,27,3,4
97,95,00000002680640b1,00000002680540b1,33,3,5,27,3,4
97,94,00000002680640b1,0000000268074091,35,5,5,27,3,4
99,87,00000002e20b0025,00000002e2090065,17,5,2,6,0,1
99,86,00000002e20b0025,0000000144801e23,29,5,4,6,0,1
99,85,00000002e20b0025,00000000f8060115,30,0,5,6,0,1
100,79,0000000088d01193,0000000048d01193,11,5,1,5,5,0
100,102,0000000088d01193,00000000842e0632,11,5,1,29,5,4
101,102,0000000121095c28,00000000842e0632,17,5,2,27,3,4
101,103,0000000121095c28,0000000143890868,15,3,2,35,5,5
102,79,00000000842e0632,0000000048d01193,29,5,4,5,5,0
102,100,00000000842e0632,0000000088d01193,29,5,4,11,5,1
102,101,00000000842e0632,0000000121095c28,27,3,4,17,5,2
103,101,0000000143890868,0000000121095c28,35,5,5,15,3,2
104,105,000000008188bc28,000000008148bc28,18,0,3,19,1,3
105,104,000000008148bc28,000000008188bc28,19,1,3,18,0,3
107,110,0000000082c2a845,0000000086c2a045,11,5,1,26,2,4
108,375,0000000143890868,0000000121095c28,0,0,0,20,2,3
109,86,0000000161c0208b,0000000144801e23,11,5,1,5,5,0
109,226,0000000161c0208b,0000000065c0208b,2,2,0,8,2,1
110,107,0000000086c2a045,0000000082c2a845,26,2,4,11,5,1
113,208,0000000162011278,00000001e4880461,2,2,0,5,5,0
114,76,00000000f8460105,00000000f8060115,22,4,3,4,4,0
114,115,00000000f8460105,0000000144801e23,22,4,3,35,5,5
115,244,0000000144801e23,0000000161c0208b,0,0,0,1,1,0
115,191,0000000144801e23,00000002e2090065,2,2,0,4,4,0
115,77,0000000144801e23,00000002e20b0025,31,1,5,4,4,0
115,76,0000000144801e23,00000000f8060115,35,5,5,4,4,0
115,114,0000000144801e23,00000000f8460105,35,5,5,22,4,3
116,117,00000000f05a0105,0000000144806c23,22,4,3,35,5,5
117,116,0000000144806c23,00000000f05a0105,35,5,5,22,4,3
122,123,0000000162011278,00000001e4880461,12,0,2,30,0,5
123,122,00000001e4880461,0000000162011278,30,0,5,12,0,2
124,125,00000000a8c040e5,00000000e2160219,16,4,2,17,5,2
125,124,00000000e2160219,00000000a8c040e5,17,5,2,16,4,2
126,131,0000000268070093,0000000268074091,6,0,1,14,2,2
126,127,0000000268070093,00000002680700a3,24,0,4,30,0,5
127,133,00000002680700a3,00000002680740a1,6,0,1,14,2,2
127,126,00000002680700a3,0000000268070093,30,0,5,24,0,4
128,130,00000002680540a5,00000002680540b1,12,0,2,24,0,4
128,149,00000002680540a5,000000010588a429,5,5,0,27,3,4
128,133,00000002680540a5,00000002680740a1,12,0,2,32,2,5
130,128,00000002680540b1,00000002680540a5,24,0,4,12,0,2
130,133,00000002680540b1,00000002680740a1,24,0,4,32,2,5
130,132,00000002680540b1,00000002680640b1,26,2,4,32,2,5
130,131,00000002680540b1,0000000268074091,30,0,5,32,2,5
131,126,0000000268074091,0000000268070093,14,2,2,6,0,1
131,211,0000000268074091,00000002a80c9421,3,3,0,17,5,2
131,133,0000000268074091,00000002680740a1,24,0,4,30,0,5
131,132,0000000268074091,00000002680640b1,26,2,4,30,0,5
131,130,0000000268074091,00000002680540b1,32,2,5,30,0,5
132,133,00000002680640b1,00000002680740a1,24,0,4,26,2,4
132,131,00000002680640b1,0000000268074091,30,0,5,26,2,4
132,130,00000002680640b1,00000002680540b1,32,2,5,26,2,4
133,127,00000002680740a1,00000002680700a3,14,2,2,6,0,1
133,128,00000002680740a1,00000002680540a5,32,2,5,12,0,2
133,132,00000002680740a1,00000002680640b1,26,2,4,24,0,4
133,131,00000002680740a1,0000000268074091,30,0,5,24,0,4
133,130,00000002680740a1,00000002680540b1,32,2,5,24,0,4
133,150,00000002680740a1,000000010588b421,5,5,0,27,3,4
136,394,0000000048d01193,0000000088d01193,0,0,0,6,0,1
136,412,0000000048d01193,00000000842e0632,0,0,0,24,0,4
137,138,00000000a8c040e5,00000000e2160219,26,2,4,32,2,5
138,137,00000000e2160219,00000000a8c040e5,32,2,5,26,2,4
139,221,000000010588a429,000000010588b421,3,3,0,12,0,2
139,140,000000010588a429,00000002680540a5,19,1,3,35,5,5
140,38,00000002680540a5,00000002680540b1,3,3,0,1,1,0
140,222,00000002680540a5,00000002680740a1,3,3,0,12,0,2
140,139,00000002680540a5,000000010588a429,35,5,5,19,1,3
141,142,00000000f8060115,00000000f8460105,24,0,4,27,3,4
141,146,00000000f8060115,00000002e20b0025,11,5,1,35,5,5
141,145,00000000f8060115,00000002e2090065,12,0,2,35,5,5
141,143,00000000f8060115,0000000144801e23,24,0,4,35,5,5
142,141,00000000f8460105,00000000f8060115,27,3,4,24,0,4
142,143,00000000f8460105,0000000144801e23,27,3,4,35,5,5
143,396,0000000144801e23,0000000161c0208b,0,0,0,6,0,1
143,146,0000000144801e23,00000002e20b0025,11,5,1,24,0,4
143,145,0000000144801e23,00000002e2090065,12,0,2,24,0,4
143,141,0000000144801e23,00000000f8060115,35,5,5,24,0,4
143,142,0000000144801e23,00000000f8460105,35,5,5,27,3,4
145,146,00000002e2090065,00000002e20b0025,11,5,1,12,0,2
145,143,00000002e2090065,0000000144801e23,24,0,4,12,0,2
145,141,00000002e2090065,00000000f8060115,35,5,5,12,0,2
146,145,00000002e20b0025,00000002e2090065,12,0,2,11,5,1
146,143,00000002e20b0025,0000000144801e23,24,0,4,11,5,1
146,141,00000002e20b0025,00000000f8060115,35,5,5,11,5,1
149,128,000000010588a429,00000002680540a5,27,3,4,5,5,0
149,150,000000010588a429,000000010588b421,12,0,2,32,2,5
150,133,000000010588b421,00000002680740a1,27,3,4,5,5,0
150,149,000000010588b421,000000010588a429,32,2,5,12,0,2
152,160,000000026c222091,00000002682220b1,8,2,1,35,5,5
153,64,0000000268074091,00000002a80c9421,12,0,2,2,2,0
153,158,0000000268074091,0000000268070093,20,2,3,31,1,5
153,157,0000000268074091,00000002680640b1,22,4,3,35,5,5
153,156,0000000268074091,00000002680540b1,23,5,3,35,5,5
153,154,0000000268074091,00000002680740a1,34,4,5,35,5,5
154,421,00000002680740a1,000000010588b421,0,0,0,16,4,2
154,159,00000002680740a1,00000002680700a3,20,2,3,31,1,5
154,155,00000002680740a1,00000002680540a5,23,5,3,32,2,5
154,157,00000002680740a1,00000002680640b1,22,4,3,34,4,5
154,156,00000002680740a1,00000002680540b1,23,5,3,34,4,5
154,153,00000002680740a1,0000000268074091,35,5,5,34,4,5
155,422,00000002680540a5,000000010588a429,0,0,0,16,4,2
155,154,00000002680540a5,00000002680740a1,32,2,5,23,5,3
155,156,00000002680540a5,00000002680540b1,32,2,5,34,4,5
156,157,00000002680540b1,00000002680640b1,22,4,3,23,5,3
156,154,00000002680540b1,00000002680740a1,34,4,5,23,5,3
156,153,00000002680540b1,0000000268074091,35,5,5,23,5,3
156,155,00000002680540b1,00000002680540a5,34,4,5,32,2,5
157,156,00000002680640b1,00000002680540b1,23,5,3,22,4,3
157,154,00000002680640b1,00000002680740a1,34,4,5,22,4,3
157,153,00000002680640b1,0000000268074091,35,5,5,22,4,3
158,153,0000000268070093,0000000268074091,31,1,5,20,2,3
158,159,0000000268070093,00000002680700a3,34,4,5,35,5,5
159,154,00000002680700a3,00000002680740a1,31,1,5,20,2,3
159,158,00000002680700a3,0000000268070093,35,5,5,34,4,5
160,152,00000002682220b1,000000026c222091,35,5,5,8,2,1
161,163,0000000065c0208b,0000000161c0208b,16,4,2,17,5,2
162,425,00000002e2090065,00000000f8060115,0,0,0,33,3,5
162,195,00000002e2090065,00000002e20b0025,4,4,0,33,3,5
162,164,00000002e2090065,0000000144801e23,31,1,5,33,3,5
163,161,0000000161c0208b,0000000065c0208b,17,5,2,16,4,2
163,164,0000000161c0208b,0000000144801e23,34,4,5,35,5,5
164,424,0000000144801e23,00000000f8460105,0,0,0,13,1,2
164,425,0000000144801e23,00000000f8060115,0,0,0,31,1,5
164,195,0000000144801e23,00000002e20b0025,4,4,0,31,1,5
164,162,0000000144801e23,00000002e2090065,33,3,5,31,1,5
164,163,0000000144801e23,0000000161c0208b,35,5,5,34,4,5
167,428,0000000144806c23,00000000f05a0105,0,0,0,13,1,2
168,182,00000001e4880461,0000000162011278,5,5,0,23,5,3
169,185,00000002682220b1,000000026c222091,5,5,0,26,2,4
170,89,00000002680540b1,00000002680540a5,4,4,0,2,2,0
170,210,00000002680540b1,00000002680740a1,4,4,0,17,5,2
170,186,00000002680540b1,0000000268074091,5,5,0,17,5,2
170,171,00000002680540b1,00000002680640b1,16,4,2,17,5,2
171,210,00000002680640b1,00000002680740a1,4,4,0,16,4,2
171,186,00000002680640b1,0000000268074091,5,5,0,16,4,2
171,170,00000002680640b1,00000002680540b1,17,5,2,16,4,2
174,282,00000002680700a3,0000000268070093,0,0,0,1,1,0
174,222,00000002680700a3,00000002680740a1,4,4,0,15,3,2
176,183,00000000e228406c,00000000f028406c,7,1,1,25,1,4
182,168,0000000162011278,00000001e4880461,23,5,3,5,5,0
183,176,00000000f028406c,00000000e228406c,25,1,4,7,1,1
184,342,00000002680540b1,0000000268074091,0,0,0,2,2,0
184,74,00000002680540b1,00000002680740a1,6,0,1,2,2,0
184,71,00000002680540b1,00000002680640b1,8,2,1,2,2,0
184,190,00000002680540b1,00000002680540a5,6,0,1,18,0,3
185,169,000000026c222091,00000002682220b1,26,2,4,5,5,0
186,22,0000000268074091,0000000268070093,14,2,2,1,1,0
186,210,0000000268074091,00000002680740a1,4,4,0,5,5,0
186,171,0000000268074091,00000002680640b1,16,4,2,5,5,0
186,170,0000000268074091,00000002680540b1,17,5,2,5,5,0
186,187,0000000268074091,00000002a80c9421,18,0,3,32,2,5
187,47,00000002a80c9421,00000000c2d00a0d,4,4,0,1,1,0
187,186,00000002a80c9421,0000000268074091,32,2,5,18,0,3
189,73,000000010588a429,000000010588b421,18,0,3,2,2,0
189,190,000000010588a429,00000002680540a5,9,3,1,35,5,5
190,74,00000002680540a5,00000002680740a1,18,0,3,2,2,0
190,184,00000002680540a5,00000002680540b1,18,0,3,6,0,1
190,189,00000002680540a5,000000010588a429,35,5,5,9,3,1
191,115,00000002e2090065,0000000144801e23,4,4,0,2,2,0
191,77,00000002e2090065,00000002e20b0025,31,1,5,2,2,0
191,76,00000002e2090065,00000000f8060115,35,5,5,2,2,0
192,193,00000000f028406c,00000000e228406c,10,4,1,28,4,4
193,192,00000000e228406c,00000000f028406c,28,4,4,10,4,1
195,425,00000002e20b0025,00000000f8060115,0,0,0,4,4,0
195,164,00000002e20b0025,0000000144801e23,31,1,5,4,4,0
195,162,00000002e20b0025,00000002e2090065,33,3,5,4,4,0
196,211,00000000c2d00a0d,00000002a80c9421,6,0,1,24,0,4
198,199,00000000f05a0105,0000000144806c23,26,2,4,30,0,5
199,198,0000000144806c23,00000000f05a0105,30,0,5,26,2,4
203,395,00000001e4880461,0000000162011278,0,0,0,3,3,0
204,205,000000026c222091,00000002682220b1,16,4,2,30,0,5
205,204,00000002682220b1,000000026c222091,30,0,5,16,4,2
208,113,00000001e4880461,0000000162011278,5,5,0,2,2,0
209,88,000000010588b421,000000010588a429,17,5,2,2,2,0
209,210,000000010588b421,00000002680740a1,22,4,3,30,0,5
210,27,00000002680740a1,00000002680700a3,14,2,2,1,1,0
210,89,00000002680740a1,00000002680540a5,17,5,2,2,2,0
210,186,00000002680740a1,0000000268074091,5,5,0,4,4,0
210,171,00000002680740a1,00000002680640b1,16,4,2,4,4,0
210,170,00000002680740a1,00000002680540b1,17,5,2,4,4,0
210,209,00000002680740a1,000000010588b421,30,0,5,22,4,3
211,131,00000002a80c9421,0000000268074091,17,5,2,3,3,0
211,196,00000002a80c9421,00000000c2d00a0d,24,0,4,6,0,1
213,53,00000002e20b0025,00000000f8060115,5,5,0,1,1,0
213,29,00000002e20b0025,00000002e2090065,32,2,5,1,1,0
213,28,00000002e20b0025,0000000144801e23,34,4,5,1,1,0
214,215,000000026c222091,00000002682220b1,13,1,2,35,5,5
215,214,00000002682220b1,000000026c222091,35,5,5,13,1,2
216,217,00000000f05a0105,0000000144806c23,27,3,4,35,5,5
217,216,0000000144806c23,00000000f05a0105,35,5,5,27,3,4
220,223,00000000c2d00a0d,00000002a80c9421,11,5,1,29,5,4
221,139,000000010588b421,000000010588a429,12,0,2,3,3,0
221,222,000000010588b421,00000002680740a1,19,1,3,35,5,5
222,296,00000002680740a1,0000000268074091,0,0,0,1,1,0
222,38,00000002680740a1,00000002680540b1,12,0,2,1,1,0
222,36,00000002680740a1,00000002680640b1,13,1,2,1,1,0
222,140,00000002680740a1,00000002680540a5,12,0,2,3,3,0
222,174,00000002680740a1,00000002680700a3,15,3,2,4,4,0
222,221,00000002680740a1,000000010588b421,35,5,5,19,1,3
223,94,00000002a80c9421,0000000268074091,12,0,2,2,2,0
223,220,00000002a80c9421,00000000c2d00a0d,29,5,4,11,5,1
226,109,0000000065c0208b,0000000161c0208b,8,2,1,2,2,0
231,311,0000000048d01193,0000000088d01193,0,0,0,1,1,0
231,451,0000000048d01193,00000000842e0632,0,0,0,4,4,0
234,327,0000000082c2a845,0000000086c2a045,1,1,0,22,4,3
235,236,00000000e2160219,00000000a8c040e5,12,0,2,13,1,2
236,235,00000000a8c040e5,00000000e2160219,13,1,2,12,0,2
238,239,0000000162011278,00000001e4880461,17,5,2,35,5,5
239,238,00000001e4880461,0000000162011278,35,5,5,17,5,2
244,115,0000000161c0208b,0000000144801e23,1,1,0,0,0,0
244,245,0000000161c0208b,0000000065c0208b,18,0,3,19,1,3
245,244,0000000065c0208b,0000000161c0208b,19,1,3,18,0,3
248,285,000000010588b421,000000010588a429,3,3,0,23,5,3
248,249,000000010588b421,00000002680740a1,8,2,1,30,0,5
249,248,00000002680740a1,000000010588b421,30,0,5,8,2,1
249,287,00000002680740a1,00000002680540b1,3,3,0,11,5,1
249,267,00000002680740a1,0000000268074091,5,5,0,11,5,1
249,255,00000002680740a1,00000002680640b1,9,3,1,11,5,1
249,290,00000002680740a1,00000002680540a5,3,3,0,23,5,3
249,250,00000002680740a1,00000002680700a3,21,3,3,29,5,4
250,268,00000002680700a3,0000000268070093,5,5,0,11,5,1
250,249,00000002680700a3,00000002680740a1,29,5,4,21,3,3
251,407,00000002e20b0025,0000000144801e23,1,1,0,34,4,5
251,291,00000002e20b0025,00000002e2090065,3,3,0,34,4,5
251,252,00000002e20b0025,00000000f8060115,30,0,5,34,4,5
252,405,00000000f8060115,00000000f8460105,1,1,0,19,1,3
252,407,00000000f8060115,0000000144801e23,1,1,0,30,0,5
252,291,00000000f8060115,00000002e2090065,3,3,0,30,0,5
252,251,00000000f8060115,00000002e20b0025,34,4,5,30,0,5
254,272,00000002682220b1,000000026c222091,5,5,0,19,1,3
255,287,00000002680640b1,00000002680540b1,3,3,0,9,3,1
255,267,00000002680640b1,0000000268074091,5,5,0,9,3,1
255,249,00000002680640b1,00000002680740a1,11,5,1,9,3,1
256,257,000000008148bc28,000000008188bc28,26,2,4,32,2,5
257,256,000000008188bc28,000000008148bc28,32,2,5,26,2,4
259,11,00000000f8460105,0000000144801e23,8,2,1,0,0,0
259,262,00000000f8460105,00000000f8060115,8,2,1,11,5,1
261,13,00000000f05a0105,0000000144806c23,8,2,1,0,0,0
262,11,00000000f8060115,0000000144801e23,11,5,1,0,0,0
262,7,00000000f8060115,00000002e2090065,23,5,3,0,0,0
262,6,00000000f8060115,00000002e20b0025,24,0,4,0,0,0
262,259,00000000f8060115,00000000f8460105,11,5,1,8,2,1
264,15,0000000121095c28,0000000143890868,15,3,2,0,0,0
264,309,0000000121095c28,00000000842e0632,3,3,0,13,1,2
266,271,00000002a80c9421,00000000c2d00a0d,11,5,1,29,5,4
266,267,00000002a80c9421,0000000268074091,18,0,3,32,2,5
267,287,0000000268074091,00000002680540b1,3,3,0,5,5,0
267,255,0000000268074091,00000002680640b1,9,3,1,5,5,0
267,249,0000000268074091,00000002680740a1,11,5,1,5,5,0
267,266,0000000268074091,00000002a80c9421,32,2,5,18,0,3
267,268,0000000268074091,0000000268070093,21,3,3,29,5,4
268,250,0000000268070093,00000002680700a3,11,5,1,5,5,0
268,267,0000000268070093,0000000268074091,29,5,4,21,3,3
271,266,00000000c2d00a0d,00000002a80c9421,29,5,4,11,5,1
272,254,000000026c222091,00000002682220b1,19,1,3,5,5,0
273,310,00000000e2160219,00000000a8c040e5,3,3,0,9,3,1
277,280,00000000842e0632,0000000121095c28,19,1,3,33,3,5
277,278,00000000842e0632,0000000088d01193,31,1,5,34,4,5
277,279,00000000842e0632,0000000048d01193,31,1,5,35,5,5
278,277,0000000088d01193,00000000842e0632,34,4,5,31,1,5
278,279,0000000088d01193,0000000048d01193,34,4,5,35,5,5
279,277,0000000048d01193,00000000842e0632,35,5,5,31,1,5
279,278,0000000048d01193,0000000088d01193,35,5,5,34,4,5
280,277,0000000121095c28,00000000842e0632,33,3,5,19,1,3
280,281,0000000121095c28,0000000143890868,21,3,3,30,0,5
281,280,0000000143890868,0000000121095c28,30,0,5,21,3,3
282,174,0000000268070093,00000002680700a3,1,1,0,0,0,0
282,296,0000000268070093,0000000268074091,4,4,0,15,3,2
283,300,00000000f028406c,00000000e228406c,7,1,1,25,1,4
285,248,000000010588a429,000000010588b421,23,5,3,3,3,0
285,290,000000010588a429,00000002680540a5,8,2,1,30,0,5
286,288,00000000e228406c,00000000f028406c,10,4,1,28,4,4
287,267,00000002680540b1,0000000268074091,5,5,0,3,3,0
287,255,00000002680540b1,00000002680640b1,9,3,1,3,3,0
287,249,00000002680540b1,00000002680740a1,11,5,1,3,3,0
287,290,00000002680540b1,00000002680540a5,11,5,1,23,5,3
288,286,00000000f028406c,00000000e228406c,28,4,4,10,4,1
289,32,0000000162011278,00000001e4880461,18,0,3,0,0,0
290,249,00000002680540a5,00000002680740a1,23,5,3,3,3,0
290,285,00000002680540a5,000000010588a429,30,0,5,8,2,1
290,287,00000002680540a5,00000002680540b1,23,5,3,11,5,1
291,407,00000002e2090065,0000000144801e23,1,1,0,3,3,0
291,252,00000002e2090065,00000000f8060115,30,0,5,3,3,0
291,251,00000002e2090065,00000002e20b0025,34,4,5,3,3,0
296,222,0000000268074091,00000002680740a1,1,1,0,0,0,0
296,38,0000000268074091,00000002680540b1,12,0,2,0,0,0
296,36,0000000268074091,00000002680640b1,13,1,2,0,0,0
296,282,0000000268074091,0000000268070093,15,3,2,4,4,0
296,297,0000000268074091,00000002a80c9421,23,5,3,33,3,5
297,441,00000002a80c9421,00000000c2d00a0d,1,1,0,4,4,0
297,296,00000002a80c9421,0000000268074091,33,3,5,23,5,3
298,37,000000026c222091,00000002682220b1,27,3,4,0,0,0
300,283,00000000e228406c,00000000f028406c,25,1,4,7,1,1
302,303,000000008148bc28,000000008188bc28,16,4,2,17,5,2
303,302,000000008188bc28,000000008148bc28,17,5,2,16,4,2
304,306,0000000086c2a045,0000000082c2a845,8,2,1,29,5,4
306,304,0000000082c2a845,0000000086c2a045,29,5,4,8,2,1
309,264,00000000842e0632,0000000121095c28,13,1,2,3,3,0
309,449,00000000842e0632,0000000088d01193,1,1,0,4,4,0
309,462,00000000842e0632,0000000048d01193,1,1,0,5,5,0
310,273,00000000a8c040e5,00000000e2160219,9,3,1,3,3,0
311,231,0000000088d01193,0000000048d01193,1,1,0,0,0,0
311,451,0000000088d01193,00000000842e0632,1,1,0,4,4,0
312,326,0000000082c2a845,0000000086c2a045,4,4,0,19,1,3
315,362,00000002a80c9421,0000000268074091,3,3,0,17,5,2
315,316,00000002a80c9421,00000000c2d00a0d,31,1,5,34,4,5
316,315,00000000c2d00a0d,00000002a80c9421,34,4,5,31,1,5
318,319,00000000e228406c,00000000f028406c,25,1,4,28,4,4
319,318,00000000f028406c,00000000e228406c,28,4,4,25,1,4
326,312,0000000086c2a045,0000000082c2a845,19,1,3,4,4,0
327,234,0000000086c2a045,0000000082c2a845,22,4,3,1,1,0
329,345,00000002e20b0025,00000000f8060115,5,5,0,29,5,4
329,337,00000002e20b0025,0000000144801e23,6,0,1,29,5,4
329,330,00000002e20b0025,00000002e2090065,18,0,3,29,5,4
330,345,00000002e2090065,00000000f8060115,5,5,0,18,0,3
330,337,00000002e2090065,0000000144801e23,6,0,1,18,0,3
330,329,00000002e2090065,00000002e20b0025,29,5,4,18,0,3
332,356,0000000143890868,0000000121095c28,5,5,0,14,2,2
334,440,000000008188bc28,000000008148bc28,2,2,0,8,2,1
335,336,0000000065c0208b,0000000161c0208b,27,3,4,33,3,5
336,335,0000000161c0208b,0000000065c0208b,33,3,5,27,3,4
336,337,0000000161c0208b,0000000144801e23,24,0,4,30,0,5
337,345,0000000144801e23,00000000f8060115,5,5,0,6,0,1
337,330,0000000144801e23,00000002e2090065,18,0,3,6,0,1
337,329,0000000144801e23,00000002e20b0025,29,5,4,6,0,1
337,353,0000000144801e23,00000000f8460105,5,5,0,9,3,1
337,336,0000000144801e23,0000000161c0208b,30,0,5,24,0,4
338,354,0000000144806c23,00000000f05a0105,5,5,0,9,3,1
341,351,00000002a80c9421,00000000c2d00a0d,6,0,1,24,0,4
341,342,00000002a80c9421,0000000268074091,23,5,3,33,3,5
342,184,0000000268074091,00000002680540b1,2,2,0,0,0,0
342,74,0000000268074091,00000002680740a1,6,0,1,0,0,0
342,71,0000000268074091,00000002680640b1,8,2,1,0,0,0
342,341,0000000268074091,00000002a80c9421,33,3,5,23,5,3
342,343,0000000268074091,0000000268070093,20,2,3,24,0,4
343,75,0000000268070093,00000002680700a3,6,0,1,0,0,0
343,342,0000000268070093,0000000268074091,24,0,4,20,2,3
345,337,00000000f8060115,0000000144801e23,6,0,1,5,5,0
345,330,00000000f8060115,00000002e2090065,18,0,3,5,5,0
345,329,00000000f8060115,00000002e20b0025,29,5,4,5,5,0
345,353,00000000f8060115,00000000f8460105,6,0,1,9,3,1
346,446,00000000e2160219,00000000a8c040e5,2,2,0,8,2,1
347,70,000000026c222091,00000002682220b1,22,4,3,0,0,0
348,349,000000008148bc28,000000008188bc28,27,3,4,33,3,5
349,348,000000008188bc28,000000008148bc28,33,3,5,27,3,4
351,341,00000000c2d00a0d,00000002a80c9421,24,0,4,6,0,1
353,337,00000000f8460105,0000000144801e23,9,3,1,5,5,0
353,345,00000000f8460105,00000000f8060115,9,3,1,6,0,1
354,338,00000000f05a0105,0000000144806c23,9,3,1,5,5,0
356,332,0000000121095c28,0000000143890868,14,2,2,5,5,0
356,451,0000000121095c28,00000000842e0632,2,2,0,16,4,2
358,360,000000026c222091,00000002682220b1,9,3,1,30,0,5
360,358,00000002682220b1,000000026c222091,30,0,5,9,3,1
361,373,00000002680740a1,000000010588b421,5,5,0,13,1,2
361,366,00000002680740a1,00000002680540b1,18,0,3,31,1,5
361,365,00000002680740a1,00000002680640b1,19,1,3,31,1,5
361,362,00000002680740a1,0000000268074091,30,0,5,31,1,5
361,367,00000002680740a1,00000002680540a5,18,0,3,33,3,5
361,363,00000002680740a1,00000002680700a3,21,3,3,34,4,5
362,315,0000000268074091,00000002a80c9421,17,5,2,3,3,0
362,366,0000000268074091,00000002680540b1,18,0,3,30,0,5
362,365,0000000268074091,00000002680640b1,19,1,3,30,0,5
362,361,0000000268074091,00000002680740a1,31,1,5,30,0,5
362,364,0000000268074091,0000000268070093,21,3,3,34,4,5
363,361,00000002680700a3,00000002680740a1,34,4,5,21,3,3
363,364,00000002680700a3,0000000268070093,30,0,5,31,1,5
364,362,0000000268070093,0000000268074091,34,4,5,21,3,3
364,363,0000000268070093,00000002680700a3,31,1,5,30,0,5
365,366,00000002680640b1,00000002680540b1,18,0,3,19,1,3
365,362,00000002680640b1,0000000268074091,30,0,5,19,1,3
365,361,00000002680640b1,00000002680740a1,31,1,5,19,1,3
366,365,00000002680540b1,00000002680640b1,19,1,3,18,0,3
366,362,00000002680540b1,0000000268074091,30,0,5,18,0,3
366,361,00000002680540b1,00000002680740a1,31,1,5,18,0,3
366,367,00000002680540b1,00000002680540a5,31,1,5,33,3,5
367,374,00000002680540a5,000000010588a429,5,5,0,13,1,2
367,361,00000002680540a5,00000002680740a1,33,3,5,18,0,3
367,366,00000002680540a5,00000002680540b1,33,3,5,31,1,5
369,93,000000010588a429,00000002680540a5,26,2,4,0,0,0
369,370,000000010588a429,000000010588b421,17,5,2,33,3,5
370,96,000000010588b421,00000002680740a1,26,2,4,0,0,0
370,369,000000010588b421,000000010588a429,33,3,5,17,5,2
372,375,00000000842e0632,0000000121095c28,8,2,1,18,0,3
372,377,00000000842e0632,0000000088d01193,6,0,1,24,0,4
372,378,00000000842e0632,0000000048d01193,6,0,1,30,0,5
373,361,000000010588b421,00000002680740a1,13,1,2,5,5,0
373,374,000000010588b421,000000010588a429,18,0,3,33,3,5
374,367,000000010588a429,00000002680540a5,13,1,2,5,5,0
374,373,000000010588a429,000000010588b421,33,3,5,18,0,3
375,108,0000000121095c28,0000000143890868,20,2,3,0,0,0
375,372,0000000121095c28,00000000842e0632,18,0,3,8,2,1
377,372,0000000088d01193,00000000842e0632,24,0,4,6,0,1
377,378,0000000088d01193,0000000048d01193,24,0,4,30,0,5
378,372,0000000048d01193,00000000842e0632,30,0,5,6,0,1
378,377,0000000048d01193,0000000088d01193,30,0,5,24,0,4
383,384,0000000162011278,00000001e4880461,32,2,5,35,5,5
384,383,00000001e4880461,0000000162011278,35,5,5,32,2,5
392,393,0000000065c0208b,0000000161c0208b,22,4,3,23,5,3
393,407,0000000161c0208b,0000000144801e23,4,4,0,5,5,0
393,392,0000000161c0208b,0000000065c0208b,23,5,3,22,4,3
394,136,0000000088d01193,0000000048d01193,6,0,1,0,0,0
394,412,0000000088d01193,00000000842e0632,6,0,1,24,0,4
395,203,0000000162011278,00000001e4880461,3,3,0,0,0,0
396,143,0000000161c0208b,0000000144801e23,6,0,1,0,0,0
396,458,0000000161c0208b,0000000065c0208b,3,3,0,9,3,1
397,413,0000000082c2a845,0000000086c2a045,6,0,1,27,3,4
398,420,0000000143890868,0000000121095c28,5,5,0,21,3,3
404,406,00000000f05a0105,0000000144806c23,19,1,3,30,0,5
405,252,00000000f8460105,00000000f8060115,19,1,3,1,1,0
405,407,00000000f8460105,0000000144801e23,19,1,3,30,0,5
406,404,0000000144806c23,00000000f05a0105,30,0,5,19,1,3
407,291,0000000144801e23,00000002e2090065,3,3,0,1,1,0
407,252,0000000144801e23,00000000f8060115,30,0,5,1,1,0
407,251,0000000144801e23,00000002e20b0025,34,4,5,1,1,0
407,393,0000000144801e23,0000000161c0208b,5,5,0,4,4,0
407,405,0000000144801e23,00000000f8460105,30,0,5,19,1,3
408,409,000000008148bc28,000000008188bc28,22,4,3,23,5,3
409,408,000000008188bc28,000000008148bc28,23,5,3,22,4,3
410,412,0000000121095c28,00000000842e0632,12,0,2,26,2,4
410,411,0000000121095c28,0000000143890868,14,2,2,30,0,5
411,410,0000000143890868,0000000121095c28,30,0,5,14,2,2
412,136,00000000842e0632,0000000048d01193,24,0,4,0,0,0
412,394,00000000842e0632,0000000088d01193,24,0,4,6,0,1
412,410,00000000842e0632,0000000121095c28,26,2,4,12,0,2
413,397,0000000086c2a045,0000000082c2a845,27,3,4,6,0,1
417,420,00000000842e0632,0000000121095c28,9,3,1,23,5,3
417,418,00000000842e0632,0000000088d01193,11,5,1,29,5,4
417,419,00000000842e0632,0000000048d01193,11,5,1,35,5,5
418,417,0000000088d01193,00000000842e0632,29,5,4,11,5,1
418,419,0000000088d01193,0000000048d01193,29,5,4,35,5,5
419,417,0000000048d01193,00000000842e0632,35,5,5,11,5,1
419,418,0000000048d01193,0000000088d01193,35,5,5,29,5,4
420,398,0000000121095c28,0000000143890868,21,3,3,5,5,0
420,417,0000000121095c28,00000000842e0632,23,5,3,9,3,1
421,154,000000010588b421,00000002680740a1,16,4,2,0,0,0
421,422,000000010588b421,000000010588a429,23,5,3,32,2,5
422,155,000000010588a429,00000002680540a5,16,4,2,0,0,0
422,421,000000010588a429,000000010588b421,32,2,5,23,5,3
424,164,00000000f8460105,0000000144801e23,13,1,2,0,0,0
424,425,00000000f8460105,00000000f8060115,13,1,2,31,1,5
425,195,00000000f8060115,00000002e20b0025,4,4,0,0,0,0
425,164,00000000f8060115,0000000144801e23,31,1,5,0,0,0
425,162,00000000f8060115,00000002e2090065,33,3,5,0,0,0
425,424,00000000f8060115,00000000f8460105,31,1,5,13,1,2
426,427,0000000086c2a045,0000000082c2a845,13,1,2,34,4,5
427,426,0000000082c2a845,0000000086c2a045,34,4,5,13,1,2
428,167,00000000f05a0105,0000000144806c23,13,1,2,0,0,0
429,434,00000000f028406c,00000000e228406c,7,1,1,10,4,1
434,429,00000000e228406c,00000000f028406c,10,4,1,7,1,1
435,436,00000000e2160219,00000000a8c040e5,18,0,3,19,1,3
436,435,00000000a8c040e5,00000000e2160219,19,1,3,18,0,3
440,334,000000008148bc28,000000008188bc28,8,2,1,2,2,0
441,297,00000000c2d00a0d,00000002a80c9421,4,4,0,1,1,0
446,346,00000000a8c040e5,00000000e2160219,8,2,1,2,2,0
449,309,0000000088d01193,00000000842e0632,4,4,0,1,1,0
449,462,0000000088d01193,0000000048d01193,4,4,0,5,5,0
450,452,0000000086c2a045,0000000082c2a845,9,3,1,24,0,4
451,231,00000000842e0632,0000000048d01193,4,4,0,0,0,0
451,311,00000000842e0632,0000000088d01193,4,4,0,1,1,0
451,356,00000000842e0632,0000000121095c28,16,4,2,2,2,0
452,450,0000000082c2a845,0000000086c2a045,24,0,4,9,3,1
453,454,000000008188bc28,000000008148bc28,12,0,2,13,1,2
454,453,000000008148bc28,000000008188bc28,13,1,2,12,0,2
458,396,0000000065c0208b,0000000161c0208b,9,3,1,3,3,0
462,309,0000000048d01193,00000000842e0632,5,5,0,1,1,0
462,449,0000000048d01193,0000000088d01193,5,5,0,4,4,0
