parent,rank,input_position,state,probe_status,visited,memo,maxdepth,seconds
"2,9,33",1,9,2-9-10-33,BUDGET_EXHAUSTED,1000000,998787,18,1.65248
"2,9,33",2,19,2-9-22-33,BUDGET_EXHAUSTED,1000000,998512,18,1.6724
"2,9,33",3,11,2-9-13-33,BUDGET_EXHAUSTED,1000000,998455,18,1.66797
"2,9,33",4,12,2-9-14-33,BUDGET_EXHAUSTED,1000000,998380,17,1.6809
"2,9,33",5,18,2-9-21-33,BUDGET_EXHAUSTED,1000000,998347,18,1.65452
"2,9,33",6,8,2-8-9-33,BUDGET_EXHAUSTED,1000000,998297,18,1.6553
"2,9,33",7,7,2-7-9-33,BUDGET_EXHAUSTED,1000000,998154,18,1.67719
"2,9,33",8,13,2-9-15-33,BUDGET_EXHAUSTED,1000000,998060,18,1.67867
"2,9,33",9,3,2-3-9-33,BUDGET_EXHAUSTED,1000000,997884,17,1.70509
"2,9,33",10,1,0-2-9-33,BUDGET_EXHAUSTED,1000000,997881,17,1.75205
"2,9,33",11,20,2-9-23-33,BUDGET_EXHAUSTED,1000000,997841,18,1.67818
"2,9,33",12,5,2-5-9-33,BUDGET_EXHAUSTED,1000000,997712,17,1.65234
"2,9,33",13,6,2-6-9-33,BUDGET_EXHAUSTED,1000000,997691,18,1.73533
"2,9,33",14,14,2-9-16-33,BUDGET_EXHAUSTED,1000000,997686,18,1.63686
"2,9,33",15,10,2-9-11-33,BUDGET_EXHAUSTED,1000000,997615,18,1.66513
"2,9,33",16,16,2-9-18-33,BUDGET_EXHAUSTED,1000000,997573,17,1.63742
"2,9,33",17,17,2-9-20-33,BUDGET_EXHAUSTED,1000000,997571,18,1.62753
"2,9,33",18,15,2-9-17-33,BUDGET_EXHAUSTED,1000000,997551,18,1.66157
"2,9,33",19,2,1-2-9-33,BUDGET_EXHAUSTED,1000000,997433,18,1.68926
"2,9,33",20,4,2-4-9-33,BUDGET_EXHAUSTED,1000000,997424,18,1.67372
"4,9,33",1,16,4-9-17-33,BUDGET_EXHAUSTED,1000000,998895,18,1.6896
"4,9,33",2,11,4-9-12-33,BUDGET_EXHAUSTED,1000000,998849,18,1.69294
"4,9,33",3,2,1-4-9-33,BUDGET_EXHAUSTED,1000000,998761,18,1.65819
"4,9,33",4,17,4-9-18-33,BUDGET_EXHAUSTED,1000000,998681,18,1.63859
"4,9,33",5,12,4-9-13-33,BUDGET_EXHAUSTED,1000000,998654,18,1.66327
"4,9,33",6,8,4-8-9-33,BUDGET_EXHAUSTED,1000000,998633,18,1.65099
"4,9,33",7,14,4-9-15-33,BUDGET_EXHAUSTED,1000000,998606,17,1.66012
"4,9,33",8,7,4-7-9-33,BUDGET_EXHAUSTED,1000000,998510,18,1.65408
"4,9,33",9,9,4-9-10-33,BUDGET_EXHAUSTED,1000000,998491,18,1.67311
"4,9,33",10,18,4-9-19-33,BUDGET_EXHAUSTED,1000000,998418,17,1.66399
"4,9,33",11,10,4-9-11-33,BUDGET_EXHAUSTED,1000000,998375,18,1.64936
"4,9,33",12,1,0-4-9-33,BUDGET_EXHAUSTED,1000000,998355,18,1.67015
"4,9,33",13,13,4-9-14-33,BUDGET_EXHAUSTED,1000000,998071,18,1.66311
"4,9,33",14,19,4-9-20-33,BUDGET_EXHAUSTED,1000000,998029,18,1.64284
"4,9,33",15,4,3-4-9-33,BUDGET_EXHAUSTED,1000000,998012,18,1.64836
"4,9,33",16,20,4-9-21-33,BUDGET_EXHAUSTED,1000000,997996,18,1.65075
"4,9,33",17,6,4-6-9-33,BUDGET_EXHAUSTED,1000000,997961,17,1.68319
"4,9,33",18,15,4-9-16-33,BUDGET_EXHAUSTED,1000000,997829,17,1.65552
"4,9,33",19,3,2-4-9-33,BUDGET_EXHAUSTED,1000000,997424,18,1.65354
"4,9,33",20,5,4-5-9-33,BUDGET_EXHAUSTED,1000000,997267,17,1.63566
"9,12,33",1,10,9-11-12-33,BUDGET_EXHAUSTED,1000000,999057,18,1.63901
"9,12,33",2,9,9-10-12-33,BUDGET_EXHAUSTED,1000000,998887,18,1.64232
"9,12,33",3,4,4-9-12-33,BUDGET_EXHAUSTED,1000000,998849,18,1.67913
"9,12,33",4,19,9-12-22-33,BUDGET_EXHAUSTED,1000000,998842,18,1.63737
"9,12,33",5,8,8-9-12-33,BUDGET_EXHAUSTED,1000000,998822,18,1.63831
"9,12,33",6,1,0-9-12-33,BUDGET_EXHAUSTED,1000000,998756,18,1.66083
"9,12,33",7,17,9-12-20-33,BUDGET_EXHAUSTED,1000000,998742,18,1.65374
"9,12,33",8,7,7-9-12-33,BUDGET_EXHAUSTED,1000000,998717,17,1.66375
"9,12,33",9,20,9-12-23-33,BUDGET_EXHAUSTED,1000000,998713,18,1.68222
"9,12,33",10,15,9-12-17-33,BUDGET_EXHAUSTED,1000000,998465,18,1.69397
"9,12,33",11,11,9-12-13-33,BUDGET_EXHAUSTED,1000000,998385,18,1.67025
"9,12,33",12,3,3-9-12-33,BUDGET_EXHAUSTED,1000000,998375,18,1.6522
"9,12,33",13,2,1-9-12-33,BUDGET_EXHAUSTED,1000000,998342,18,1.63565
"9,12,33",14,6,6-9-12-33,BUDGET_EXHAUSTED,1000000,998177,18,1.66088
"9,12,33",15,5,5-9-12-33,BUDGET_EXHAUSTED,1000000,997986,18,1.63315
"9,12,33",16,12,9-12-14-33,BUDGET_EXHAUSTED,1000000,997895,17,1.64397
"9,12,33",17,14,9-12-16-33,BUDGET_EXHAUSTED,1000000,997820,18,1.66362
"9,12,33",18,16,9-12-18-33,BUDGET_EXHAUSTED,1000000,997601,18,1.63836
"9,12,33",19,13,9-12-15-33,BUDGET_EXHAUSTED,1000000,997483,18,1.63893
"9,12,33",20,18,9-12-21-33,BUDGET_EXHAUSTED,1000000,996677,17,1.63366
"9,19,33",1,11,9-13-19-33,BUDGET_EXHAUSTED,1000000,998891,18,1.66314
"9,19,33",2,13,9-15-19-33,BUDGET_EXHAUSTED,1000000,998868,19,1.6914
"9,19,33",3,7,7-9-19-33,BUDGET_EXHAUSTED,1000000,998614,17,1.68005
"9,19,33",4,15,9-17-19-33,BUDGET_EXHAUSTED,1000000,998569,19,1.65586
"9,19,33",5,5,5-9-19-33,BUDGET_EXHAUSTED,1000000,998563,18,1.6487
"9,19,33",6,9,9-10-19-33,BUDGET_EXHAUSTED,1000000,998531,18,1.62717
"9,19,33",7,18,9-19-21-33,BUDGET_EXHAUSTED,1000000,998451,18,1.6218
"9,19,33",8,4,4-9-19-33,BUDGET_EXHAUSTED,1000000,998418,17,1.71272
"9,19,33",9,16,9-18-19-33,BUDGET_EXHAUSTED,1000000,998410,18,1.68754
"9,19,33",10,1,0-9-19-33,BUDGET_EXHAUSTED,1000000,998405,18,1.66802
"9,19,33",11,20,9-19-23-33,BUDGET_EXHAUSTED,1000000,998256,19,1.63772
"9,19,33",12,17,9-19-20-33,BUDGET_EXHAUSTED,1000000,998205,17,1.62775
"9,19,33",13,19,9-19-22-33,BUDGET_EXHAUSTED,1000000,998170,18,1.64922
"9,19,33",14,6,6-9-19-33,BUDGET_EXHAUSTED,1000000,998106,17,1.64989
"9,19,33",15,12,9-14-19-33,BUDGET_EXHAUSTED,1000000,998023,18,1.65474
"9,19,33",16,8,8-9-19-33,BUDGET_EXHAUSTED,1000000,997972,17,1.65136
"9,19,33",17,2,1-9-19-33,BUDGET_EXHAUSTED,1000000,997887,18,1.66064
"9,19,33",18,3,3-9-19-33,BUDGET_EXHAUSTED,1000000,997867,18,1.65584
"9,19,33",19,14,9-16-19-33,BUDGET_EXHAUSTED,1000000,997833,18,1.62146
"9,19,33",20,10,9-11-19-33,BUDGET_EXHAUSTED,1000000,997611,18,1.69574
"9,23,33",1,8,8-9-23-33,BUDGET_EXHAUSTED,1000000,998723,18,1.67439
"9,23,33",2,11,9-12-23-33,BUDGET_EXHAUSTED,1000000,998713,18,1.6756
"9,23,33",3,14,9-15-23-33,BUDGET_EXHAUSTED,1000000,998649,18,1.69128
"9,23,33",4,9,9-10-23-33,BUDGET_EXHAUSTED,1000000,998620,18,1.62389
"9,23,33",5,6,6-9-23-33,BUDGET_EXHAUSTED,1000000,998437,18,1.66609
"9,23,33",6,7,7-9-23-33,BUDGET_EXHAUSTED,1000000,998437,18,1.65849
"9,23,33",7,4,3-9-23-33,BUDGET_EXHAUSTED,1000000,998392,18,1.68255
"9,23,33",8,1,0-9-23-33,BUDGET_EXHAUSTED,1000000,998363,18,1.64566
"9,23,33",9,5,5-9-23-33,BUDGET_EXHAUSTED,1000000,998322,18,1.64447
"9,23,33",10,16,9-17-23-33,BUDGET_EXHAUSTED,1000000,998281,19,1.65232
"9,23,33",11,18,9-19-23-33,BUDGET_EXHAUSTED,1000000,998256,19,1.64081
"9,23,33",12,12,9-13-23-33,BUDGET_EXHAUSTED,1000000,998136,18,1.6697
"9,23,33",13,10,9-11-23-33,BUDGET_EXHAUSTED,1000000,998072,18,1.66802
"9,23,33",14,2,1-9-23-33,BUDGET_EXHAUSTED,1000000,997857,18,1.6654
"9,23,33",15,20,9-21-23-33,BUDGET_EXHAUSTED,1000000,997846,18,1.63746
"9,23,33",16,3,2-9-23-33,BUDGET_EXHAUSTED,1000000,997841,18,1.7023
"9,23,33",17,13,9-14-23-33,BUDGET_EXHAUSTED,1000000,997765,17,1.64823
"9,23,33",18,17,9-18-23-33,BUDGET_EXHAUSTED,1000000,997708,17,1.66871
"9,23,33",19,19,9-20-23-33,BUDGET_EXHAUSTED,1000000,997579,18,1.69655
"9,23,33",20,15,9-16-23-33,BUDGET_EXHAUSTED,1000000,997387,18,1.62308
"0,31,36",1,16,0-19-31-36,BUDGET_EXHAUSTED,1000000,998424,17,1.63611
"0,31,36",2,3,0-3-31-36,BUDGET_EXHAUSTED,1000000,998224,18,1.66419
"0,31,36",3,2,0-2-31-36,BUDGET_EXHAUSTED,1000000,998101,17,1.65498
"0,31,36",4,5,0-5-31-36,BUDGET_EXHAUSTED,1000000,998097,18,1.65008
"0,31,36",5,7,0-8-31-36,BUDGET_EXHAUSTED,1000000,998017,17,1.6293
"0,31,36",6,17,0-20-31-36,BUDGET_EXHAUSTED,1000000,997918,18,1.6494
"0,31,36",7,15,0-18-31-36,BUDGET_EXHAUSTED,1000000,997890,18,1.63229
"0,31,36",8,12,0-14-31-36,BUDGET_EXHAUSTED,1000000,997879,18,1.64992
"0,31,36",9,10,0-12-31-36,BUDGET_EXHAUSTED,1000000,997767,18,1.64489
"0,31,36",10,9,0-11-31-36,BUDGET_EXHAUSTED,1000000,997653,17,1.64569
"0,31,36",11,8,0-9-31-36,BUDGET_EXHAUSTED,1000000,997235,17,1.63937
"0,31,36",12,13,0-15-31-36,BUDGET_EXHAUSTED,1000000,996921,18,1.65103
"0,31,36",13,6,0-6-31-36,BUDGET_EXHAUSTED,1000000,996765,17,1.64031
"0,31,36",14,20,0-23-31-36,BUDGET_EXHAUSTED,1000000,996399,17,1.64406
"0,31,36",15,1,0-1-31-36,BUDGET_EXHAUSTED,1000000,996182,18,1.64685
"0,31,36",16,18,0-21-31-36,BUDGET_EXHAUSTED,1000000,995941,18,1.60767
"0,31,36",17,11,0-13-31-36,BUDGET_EXHAUSTED,1000000,995863,17,1.65751
"0,31,36",18,19,0-22-31-36,BUDGET_EXHAUSTED,1000000,995405,18,1.67248
"0,31,36",19,4,0-4-31-36,BUDGET_EXHAUSTED,1000000,994797,17,1.62759
"0,31,36",20,14,0-16-31-36,EARLY_RESOLVED,493259,487509,17,0.940366
"0,36,44",1,9,0-11-36-44,BUDGET_EXHAUSTED,1000000,998351,18,1.6805
"0,36,44",2,13,0-15-36-44,BUDGET_EXHAUSTED,1000000,998319,18,1.67539
"0,36,44",3,2,0-2-36-44,BUDGET_EXHAUSTED,1000000,998268,18,1.66337
"0,36,44",4,14,0-16-36-44,BUDGET_EXHAUSTED,1000000,997950,18,1.68284
"0,36,44",5,5,0-5-36-44,BUDGET_EXHAUSTED,1000000,997882,18,1.66327
"0,36,44",6,4,0-4-36-44,BUDGET_EXHAUSTED,1000000,997803,18,1.66693
"0,36,44",7,11,0-13-36-44,BUDGET_EXHAUSTED,1000000,997772,18,1.67212
"0,36,44",8,1,0-1-36-44,BUDGET_EXHAUSTED,1000000,997750,18,1.65096
"0,36,44",9,18,0-21-36-44,BUDGET_EXHAUSTED,1000000,997747,18,1.65149
"0,36,44",10,8,0-9-36-44,BUDGET_EXHAUSTED,1000000,997679,18,1.65402
"0,36,44",11,17,0-20-36-44,BUDGET_EXHAUSTED,1000000,997614,17,1.66704
"0,36,44",12,20,0-23-36-44,BUDGET_EXHAUSTED,1000000,997606,18,1.65777
"0,36,44",13,19,0-22-36-44,BUDGET_EXHAUSTED,1000000,997552,17,1.6765
"0,36,44",14,7,0-8-36-44,BUDGET_EXHAUSTED,1000000,997387,18,1.66241
"0,36,44",15,12,0-14-36-44,BUDGET_EXHAUSTED,1000000,997162,18,1.71646
"0,36,44",16,16,0-19-36-44,BUDGET_EXHAUSTED,1000000,997119,17,1.63646
"0,36,44",17,10,0-12-36-44,BUDGET_EXHAUSTED,1000000,997036,18,1.64858
"0,36,44",18,15,0-18-36-44,BUDGET_EXHAUSTED,1000000,997033,17,1.65181
"0,36,44",19,3,0-3-36-44,BUDGET_EXHAUSTED,1000000,996845,18,1.67197
"0,36,44",20,6,0-6-36-44,BUDGET_EXHAUSTED,1000000,995829,18,1.64032
