parent,stones,selection_reason,selected_before_probe,previous_status,source,notes,lopo_source_used
"2,9,33",3,"First 1 child of two-stone-90-66-child-proof.csv; known LOSS child 2,3,9,33; LOPO-unused source",True,"WIN with known LOSS child, children not fully classified",two-stone-90-66-child-proof.csv,"loss_child=2,3,9,33, source_index=0",False
"4,9,33",3,"First 2 child of two-stone-90-66-child-proof.csv; known LOSS child 2,4,9,33; LOPO-unused source",True,"WIN with known LOSS child, children not fully classified",two-stone-90-66-child-proof.csv,"loss_child=2,4,9,33, source_index=1",False
"9,12,33",3,"First 3 child of two-stone-90-66-child-proof.csv; known LOSS child 9,12,33,72; LOPO-unused source",True,"WIN with known LOSS child, children not fully classified",two-stone-90-66-child-proof.csv,"loss_child=9,12,33,72, source_index=2",False
"9,19,33",3,"First 4 child of two-stone-90-66-child-proof.csv; known LOSS child 9,19,33,43; LOPO-unused source",True,"WIN with known LOSS child, children not fully classified",two-stone-90-66-child-proof.csv,"loss_child=9,19,33,43, source_index=3",False
"9,23,33",3,"First 5 child of two-stone-90-66-child-proof.csv; known LOSS child 0,26,31,36; LOPO-unused source",True,"WIN with known LOSS child, children not fully classified",two-stone-90-66-child-proof.csv,"loss_child=0,26,31,36, source_index=4",False
"0,31,36",3,"First 6 child of two-stone-90-66-child-proof.csv; known LOSS child 0,24,31,36; LOPO-unused source",True,"WIN with known LOSS child, children not fully classified",two-stone-90-66-child-proof.csv,"loss_child=0,24,31,36, source_index=5",False
"0,36,43",3,"First 7 child of two-stone-90-66-child-proof.csv; known LOSS child 9,33,46,54; LOPO-unused source",True,"WIN with known LOSS child, children not fully classified",two-stone-90-66-child-proof.csv,"loss_child=9,33,46,54, source_index=6",False
"0,36,44",3,"First 8 child of two-stone-90-66-child-proof.csv; known LOSS child 0,36,44,63; LOPO-unused source",True,"WIN with known LOSS child, children not fully classified",two-stone-90-66-child-proof.csv,"loss_child=0,36,44,63, source_index=7",False
"0,36,50",3,"First 9 child of two-stone-90-66-child-proof.csv; known LOSS child 0,31,36,50; LOPO-unused source",True,"WIN with known LOSS child, children not fully classified",two-stone-90-66-child-proof.csv,"loss_child=0,31,36,50, source_index=8",False
"9,33,54",3,"First 10 child of two-stone-90-66-child-proof.csv; known LOSS child 9,33,54,63; LOPO-unused source",True,"WIN with known LOSS child, children not fully classified",two-stone-90-66-child-proof.csv,"loss_child=9,33,54,63, source_index=9",False
"0,1,13",3,"First 1 child of two-stone-90-61-child-proof.csv; known LOSS child 0,1,10,13; LOPO-unused source",True,"WIN with known LOSS child, children not fully classified",two-stone-90-61-child-proof.csv,"loss_child=0,1,10,13, source_index=0",False
"0,7,31",3,"First 2 child of two-stone-90-61-child-proof.csv; known LOSS child 0,7,31,64; LOPO-unused source",True,"WIN with known LOSS child, children not fully classified",two-stone-90-61-child-proof.csv,"loss_child=0,7,31,64, source_index=1",False
"0,17,31",3,"First 3 child of two-stone-90-61-child-proof.csv; known LOSS child 9,12,31,38; LOPO-unused source",True,"WIN with known LOSS child, children not fully classified",two-stone-90-61-child-proof.csv,"loss_child=9,12,31,38, source_index=2",False
"0,13,34",3,"First 4 child of two-stone-90-61-child-proof.csv; known LOSS child 0,13,24,34; LOPO-unused source",True,"WIN with known LOSS child, children not fully classified",two-stone-90-61-child-proof.csv,"loss_child=0,13,24,34, source_index=3",False
"0,31,36",3,"First 5 child of two-stone-90-61-child-proof.csv; known LOSS child 0,24,31,36; LOPO-unused source",True,"WIN with known LOSS child, children not fully classified",two-stone-90-61-child-proof.csv,"loss_child=0,24,31,36, source_index=4",False
"0,13,44",3,"First 6 child of two-stone-90-61-child-proof.csv; known LOSS child 0,13,22,44; LOPO-unused source",True,"WIN with known LOSS child, children not fully classified",two-stone-90-61-child-proof.csv,"loss_child=0,13,22,44, source_index=5",False
"0,2,13",3,"First 7 child of two-stone-90-61-child-proof.csv; known LOSS child 7,9,16,54; LOPO-unused source",True,"WIN with known LOSS child, children not fully classified",two-stone-90-61-child-proof.csv,"loss_child=7,9,16,54, source_index=6",False
"0,3,13",3,"First 8 child of two-stone-90-61-child-proof.csv; known LOSS child 0,30,31,38; LOPO-unused source",True,"WIN with known LOSS child, children not fully classified",two-stone-90-61-child-proof.csv,"loss_child=0,30,31,38, source_index=7",False
"0,10,13",3,"First 9 child of two-stone-90-61-child-proof.csv; known LOSS child 0,1,10,13; LOPO-unused source",True,"WIN with known LOSS child, children not fully classified",two-stone-90-61-child-proof.csv,"loss_child=0,1,10,13, source_index=8",False
"0,13,21",3,"First 10 child of two-stone-90-61-child-proof.csv; known LOSS child 0,13,21,26; LOPO-unused source",True,"WIN with known LOSS child, children not fully classified",two-stone-90-61-child-proof.csv,"loss_child=0,13,21,26, source_index=9",False
"0,9,10,30",4,"First 1 child of three-stone-9-10-30-child-proof.csv; 3-stone parent 9,10,30 is LOSS; 4-stone child fully classified WIN but its 5-stone children not classified. LOPO-unused source",True,WIN; 5-stone children not fully classified,three-stone-9-10-30-child-proof.csv,"source_index=0, parent_three_stone=9,10,30",True
"9,10,30,60",4,"First 2 child of three-stone-9-10-30-child-proof.csv; 3-stone parent 9,10,30 is LOSS; 4-stone child fully classified WIN but its 5-stone children not classified. LOPO-unused source",True,WIN; 5-stone children not fully classified,three-stone-9-10-30-child-proof.csv,"source_index=1, parent_three_stone=9,10,30",True
"1,9,10,30",4,"First 3 child of three-stone-9-10-30-child-proof.csv; 3-stone parent 9,10,30 is LOSS; 4-stone child fully classified WIN but its 5-stone children not classified. LOPO-unused source",True,WIN; 5-stone children not fully classified,three-stone-9-10-30-child-proof.csv,"source_index=2, parent_three_stone=9,10,30",True
"9,10,20,30",4,"First 4 child of three-stone-9-10-30-child-proof.csv; 3-stone parent 9,10,30 is LOSS; 4-stone child fully classified WIN but its 5-stone children not classified. LOPO-unused source",True,WIN; 5-stone children not fully classified,three-stone-9-10-30-child-proof.csv,"source_index=3, parent_three_stone=9,10,30",True
"9,10,30,40",4,"First 5 child of three-stone-9-10-30-child-proof.csv; 3-stone parent 9,10,30 is LOSS; 4-stone child fully classified WIN but its 5-stone children not classified. LOPO-unused source",True,WIN; 5-stone children not fully classified,three-stone-9-10-30-child-proof.csv,"source_index=4, parent_three_stone=9,10,30",True
"9,10,30,50",4,"First 6 child of three-stone-9-10-30-child-proof.csv; 3-stone parent 9,10,30 is LOSS; 4-stone child fully classified WIN but its 5-stone children not classified. LOPO-unused source",True,WIN; 5-stone children not fully classified,three-stone-9-10-30-child-proof.csv,"source_index=5, parent_three_stone=9,10,30",True
"9,10,30,54",4,"First 7 child of three-stone-9-10-30-child-proof.csv; 3-stone parent 9,10,30 is LOSS; 4-stone child fully classified WIN but its 5-stone children not classified. LOPO-unused source",True,WIN; 5-stone children not fully classified,three-stone-9-10-30-child-proof.csv,"source_index=6, parent_three_stone=9,10,30",True
"1,3,9,90",4,"First 8 child of three-stone-9-10-30-child-proof.csv; 3-stone parent 9,10,30 is LOSS; 4-stone child fully classified WIN but its 5-stone children not classified. LOPO-unused source",True,WIN; 5-stone children not fully classified,three-stone-9-10-30-child-proof.csv,"source_index=7, parent_three_stone=9,10,30",True
"9,10,30,41",4,"First 9 child of three-stone-9-10-30-child-proof.csv; 3-stone parent 9,10,30 is LOSS; 4-stone child fully classified WIN but its 5-stone children not classified. LOPO-unused source",True,WIN; 5-stone children not fully classified,three-stone-9-10-30-child-proof.csv,"source_index=8, parent_three_stone=9,10,30",True
"9,10,30,70",4,"First 10 child of three-stone-9-10-30-child-proof.csv; 3-stone parent 9,10,30 is LOSS; 4-stone child fully classified WIN but its 5-stone children not classified. LOPO-unused source",True,WIN; 5-stone children not fully classified,three-stone-9-10-30-child-proof.csv,"source_index=9, parent_three_stone=9,10,30",True
