parent,literal_child,canonical_child,exact_outcome,memo_rank,memo,source_file,source_commit,all_sources,occurrences
"0,1,13",0-1-10-13,0-1-10-13,LOSS,26,998246,results/10x10/two-stone-90-61-child-proof.csv,f22b72d 2026-08-05 Record split proofs for two-stone LOSS roots,results/10x10/two-stone-90-61-child-proof.csv,1
"0,10,13",0-10-13-63,0-1-31-36,LOSS,1,996182,results/10x10/blind-probe-rankings.csv,b5172a4 2026-08-09 Add blind validation of fixed probe rules with child-level parallel exact search,results/10x10/blind-probe-rankings.csv; results/10x10/four-stone-subsets-of-medium-loss.csv; results/10x10/probe-features.csv; results/10x10/search-cost-outcomes.csv; results/10x10/two-stone-90-66-child-proof.csv,5
"0,10,13",0-1-10-13,0-1-10-13,LOSS,36,998246,results/10x10/two-stone-90-61-child-proof.csv,f22b72d 2026-08-05 Record split proofs for two-stone LOSS roots,results/10x10/two-stone-90-61-child-proof.csv,1
"0,10,13",0-10-13-15,0-1-31-51,LOSS,52,998407,results/10x10/two-stone-90-61-child-proof.csv,f22b72d 2026-08-05 Record split proofs for two-stone LOSS roots,results/10x10/two-stone-90-61-child-proof.csv,1
"0,13,21",0-13-21-63,0-12-31-36,LOSS,21,997767,results/10x10/blind-probe-rankings.csv,b5172a4 2026-08-09 Add blind validation of fixed probe rules with child-level parallel exact search,results/10x10/blind-probe-rankings.csv; results/10x10/two-stone-90-66-child-proof.csv,2
"0,13,21",0-13-21-26,0-12-31-62,LOSS,40,998185,results/10x10/two-stone-90-61-child-proof.csv,f22b72d 2026-08-05 Record split proofs for two-stone LOSS roots,results/10x10/two-stone-90-61-child-proof.csv,1
"0,13,34",0-13-34-35,0-13-34-35,LOSS,45,998224,results/10x10/two-stone-90-61-child-proof.csv,f22b72d 2026-08-05 Record split proofs for two-stone LOSS roots,results/10x10/two-stone-90-61-child-proof.csv,1
"0,13,34",0-13-24-34,0-13-24-34,LOSS,47,998244,results/10x10/two-stone-90-61-child-proof.csv,f22b72d 2026-08-05 Record split proofs for two-stone LOSS roots,results/10x10/two-stone-90-61-child-proof.csv,1
"0,13,44",0-13-44-88,0-13-44-88,LOSS,1,995673,results/10x10/two-stone-90-61-child-proof.csv,f22b72d 2026-08-05 Record split proofs for two-stone LOSS roots,results/10x10/two-stone-90-61-child-proof.csv,1
"0,13,44",0-13-22-44,0-13-22-44,LOSS,17,997375,results/10x10/two-stone-90-61-child-proof.csv,f22b72d 2026-08-05 Record split proofs for two-stone LOSS roots,results/10x10/two-stone-90-61-child-proof.csv,1
"0,13,44",0-13-17-44,0-13-17-44,LOSS,33,997728,results/10x10/two-stone-90-61-child-proof.csv,f22b72d 2026-08-05 Record split proofs for two-stone LOSS roots,results/10x10/two-stone-90-61-child-proof.csv,1
"0,17,31",0-17-31-38,0-13-71-83,LOSS,1,996608,results/10x10/two-stone-90-61-child-proof.csv,f22b72d 2026-08-05 Record split proofs for two-stone LOSS roots,results/10x10/two-stone-90-61-child-proof.csv,1
"0,2,13",0-2-13-55,0-2-13-55,LOSS,16,997983,results/10x10/two-stone-90-61-child-proof.csv,f22b72d 2026-08-05 Record split proofs for two-stone LOSS roots,results/10x10/two-stone-90-61-child-proof.csv,1
"0,3,13",0-3-13-83,0-3-13-83,LOSS,1,996031,results/10x10/two-stone-90-61-child-proof.csv,f22b72d 2026-08-05 Record split proofs for two-stone LOSS roots,results/10x10/two-stone-90-61-child-proof.csv,1
"0,36,50",0-36-50-57,0-36-50-57,LOSS,1,995370,results/10x10/two-stone-90-66-child-proof.csv,"9ca5980 2026-08-06 Add split proof for the 90,66 two-stone LOSS",results/10x10/two-stone-90-66-child-proof.csv,1
"0,36,50",0-31-36-50,0-31-36-50,LOSS,2,995955,results/10x10/two-stone-90-61-child-proof.csv,f22b72d 2026-08-05 Record split proofs for two-stone LOSS roots,results/10x10/two-stone-90-61-child-proof.csv; results/10x10/two-stone-90-66-child-proof.csv,2
"0,36,50",0-36-50-59,0-36-50-59,LOSS,4,996404,results/10x10/two-stone-90-66-child-proof.csv,"9ca5980 2026-08-06 Add split proof for the 90,66 two-stone LOSS",results/10x10/two-stone-90-66-child-proof.csv,1
"0,36,50",0-30-36-50,0-3-5-63,LOSS,32,997671,results/10x10/two-stone-90-66-child-proof.csv,"9ca5980 2026-08-06 Add split proof for the 90,66 two-stone LOSS",results/10x10/two-stone-90-66-child-proof.csv,1
"0,7,31",0-7-31-64,0-13-46-70,LOSS,3,995884,results/10x10/two-stone-90-61-child-proof.csv,f22b72d 2026-08-05 Record split proofs for two-stone LOSS roots,results/10x10/two-stone-90-61-child-proof.csv,1
"0,7,31",0-7-31-97,0-13-70-79,LOSS,5,996501,results/10x10/two-stone-90-61-child-proof.csv,f22b72d 2026-08-05 Record split proofs for two-stone LOSS roots,results/10x10/two-stone-90-61-child-proof.csv,1
"0,7,31",0-7-31-52,0-13-25-70,LOSS,74,998413,results/10x10/two-stone-90-61-child-proof.csv,f22b72d 2026-08-05 Record split proofs for two-stone LOSS roots,results/10x10/two-stone-90-61-child-proof.csv,1
"0,7,31",0-7-18-31,0-13-70-81,LOSS,80,998469,results/10x10/two-stone-90-61-child-proof.csv,f22b72d 2026-08-05 Record split proofs for two-stone LOSS roots,results/10x10/two-stone-90-61-child-proof.csv,1
"9,33,54",9-33-54-63,0-36-55-66,LOSS,1,993737,results/10x10/two-stone-90-66-child-proof.csv,"9ca5980 2026-08-06 Add split proof for the 90,66 two-stone LOSS",results/10x10/two-stone-90-66-child-proof.csv,1
"9,33,54",9-33-54-90,0-36-44-99,LOSS,9,995240,results/10x10/two-stone-90-66-child-proof.csv,"9ca5980 2026-08-06 Add split proof for the 90,66 two-stone LOSS",results/10x10/two-stone-90-66-child-proof.csv,1
"9,33,54",9-21-33-54,0-28-36-55,LOSS,21,995945,results/10x10/two-stone-90-66-child-proof.csv,"9ca5980 2026-08-06 Add split proof for the 90,66 two-stone LOSS",results/10x10/two-stone-90-66-child-proof.csv,1
"9,33,54",9-33-54-87,0-28-55-63,LOSS,22,996026,results/10x10/two-stone-90-66-child-proof.csv,"9ca5980 2026-08-06 Add split proof for the 90,66 two-stone LOSS",results/10x10/two-stone-90-66-child-proof.csv,1
"9,33,54",9-14-33-54,0-15-36-55,LOSS,28,996154,results/10x10/two-stone-90-66-child-proof.csv,"9ca5980 2026-08-06 Add split proof for the 90,66 two-stone LOSS",results/10x10/two-stone-90-66-child-proof.csv,1
"9,33,54",9-18-33-54,0-11-36-55,LOSS,30,996335,results/10x10/two-stone-90-66-child-proof.csv,"9ca5980 2026-08-06 Add split proof for the 90,66 two-stone LOSS",results/10x10/two-stone-90-66-child-proof.csv,1
"9,33,54",9-33-46-54,0-34-55-63,LOSS,42,996729,results/10x10/two-stone-90-66-child-proof.csv,"9ca5980 2026-08-06 Add split proof for the 90,66 two-stone LOSS",results/10x10/two-stone-90-66-child-proof.csv,1
"9,33,54",9-33-54-89,0-36-55-80,LOSS,43,996734,results/10x10/two-stone-90-66-child-proof.csv,"9ca5980 2026-08-06 Add split proof for the 90,66 two-stone LOSS",results/10x10/two-stone-90-66-child-proof.csv,1
"9,33,54",9-10-33-54,0-19-36-55,LOSS,63,997301,results/10x10/two-stone-90-66-child-proof.csv,"9ca5980 2026-08-06 Add split proof for the 90,66 two-stone LOSS",results/10x10/two-stone-90-66-child-proof.csv,1
"9,33,54",9-29-33-54,0-2-55-63,LOSS,75,997721,results/10x10/two-stone-90-66-child-proof.csv,"9ca5980 2026-08-06 Add split proof for the 90,66 two-stone LOSS",results/10x10/two-stone-90-66-child-proof.csv,1
"9,33,54",9-20-33-54,0-29-36-55,LOSS,92,998629,results/10x10/two-stone-90-66-child-proof.csv,"9ca5980 2026-08-06 Add split proof for the 90,66 two-stone LOSS",results/10x10/two-stone-90-66-child-proof.csv,1
