parent,m_candidates,l_exact_loss,k_preknown_loss,preknown_memo_ranks,was_rank1_preknown,first_loss_rank_before,random_median_before,auc_before,m_remaining,l_remaining_loss,first_loss_rank_after,random_median_after,relation_after,auc_after
"0,36,50",92,17,4,"[1, 2, 4, 32]",True,1,4,0.9207843137254902,88,13,2,5,better,0.9138461538461539
"9,33,54",92,82,11,"[1, 9, 21, 22, 28, 30, 42, 43, 63, 75, 92]",True,1,1,0.802439024390244,81,71,1,1,tie,0.8014084507042254
"0,1,13",92,4,1,[26],False,1,15,0.7954545454545454,91,3,1,19,better,0.8143939393939394
"0,7,31",92,12,4,"[3, 5, 74, 80]",False,1,5,0.79375,88,8,1,8,better,0.8953125
"0,17,31",92,1,1,[1],True,1,46,1.0,91,0,,,no_remaining_loss,
"0,13,34",92,22,2,"[45, 47]",False,1,3,0.5818181818181818,90,20,1,3,better,0.5871428571428572
"0,13,44",92,16,3,"[1, 17, 33]",True,1,4,0.7105263157894737,89,13,1,5,better,0.6761133603238867
"0,2,13",94,2,1,[16],False,6,28,0.8967391304347826,93,1,6,47,better,0.9456521739130435
"0,3,13",94,1,1,[1],True,1,47,1.0,93,0,,,no_remaining_loss,
"0,10,13",94,5,3,"[1, 36, 52]",True,1,12,0.8157303370786517,91,2,2,27,better,0.9831460674157303
"0,13,21",94,11,2,"[21, 40]",False,1,6,0.6998904709748083,92,9,1,7,better,0.6974564926372155
