parent,state
"2,9,33","2,9,33,67"
"2,9,33","2,9,33,87"
"2,9,33","2,9,33,47"
"4,9,33","4,9,33,87"
"4,9,33","4,9,33,65"
"4,9,33","4,9,33,43"
"4,9,33","4,9,33,86"
"4,9,33","4,9,33,64"
"4,9,33","4,9,33,42"
"4,9,33","4,9,33,63"
"4,9,33","4,9,33,85"
"4,9,33","4,9,33,41"
"4,9,33","4,9,33,62"
"4,9,33","4,9,33,84"
"4,9,33","4,9,33,40"
"4,9,33","4,9,33,61"
"4,9,33","4,9,33,83"
"4,9,33","4,9,33,39"
"4,9,33","4,9,33,60"
"4,9,33","4,9,33,82"
"4,9,33","4,9,33,38"
"4,9,33","4,9,33,58"
"4,9,33","4,9,33,81"
"4,9,33","4,9,33,37"
"4,9,33","4,9,33,57"
"4,9,33","4,9,33,80"
"4,9,33","4,9,33,36"
"4,9,33","4,9,33,56"
"4,9,33","4,9,33,79"
"4,9,33","4,9,33,99"
"4,9,33","4,9,33,35"
"4,9,33","4,9,33,55"
"4,9,33","4,9,33,78"
"4,9,33","4,9,33,98"
"4,9,33","4,9,33,34"
"4,9,33","4,9,33,53"
"4,9,33","4,9,33,77"
"4,9,33","4,9,32,33"
"4,9,33","4,9,33,97"
"4,9,33","4,9,33,52"
"4,9,33","4,9,33,76"
"4,9,33","4,9,31,33"
"4,9,33","4,9,33,96"
"4,9,33","4,9,33,51"
"4,9,33","4,9,30,33"
"4,9,33","4,9,33,75"
"4,9,33","4,9,33,95"
"4,9,33","4,9,33,50"
"4,9,33","4,9,29,33"
"4,9,33","4,9,33,94"
"4,9,33","4,9,33,74"
"4,9,33","4,9,33,49"
"4,9,33","4,9,33,93"
"4,9,33","4,9,33,73"
"4,9,33","4,9,28,33"
"4,9,33","4,9,33,48"
"4,9,33","4,9,33,72"
"4,9,33","4,9,33,92"
"4,9,33","4,9,27,33"
"9,12,33","9,12,33,87"
"9,12,33","9,12,33,67"
"9,12,33","9,12,33,47"
"9,12,33","9,12,33,66"
"9,12,33","9,12,33,86"
"9,12,33","9,12,33,44"
"9,12,33","9,12,33,65"
"9,12,33","9,12,33,85"
"9,19,33","9,19,33,87"
"9,19,33","9,19,33,47"
"9,19,33","9,19,33,67"
"9,19,33","9,19,33,86"
"9,19,33","9,19,33,44"
"9,19,33","9,19,33,66"
"9,19,33","9,19,33,85"
"9,19,33","9,19,33,43"
"9,19,33","9,19,33,65"
"9,19,33","9,19,33,84"
"9,19,33","9,19,33,42"
"9,19,33","9,19,33,64"
"9,19,33","9,19,33,83"
"9,19,33","9,19,33,41"
"9,19,33","9,19,33,63"
"9,19,33","9,19,33,82"
"9,19,33","9,19,33,40"
"9,19,33","9,19,33,62"
"9,19,33","9,19,33,81"
"9,19,33","9,19,33,39"
"9,19,33","9,19,33,61"
"9,19,33","9,19,33,80"
"9,19,33","9,19,33,37"
"9,19,33","9,19,33,60"
"9,19,33","9,19,33,99"
"9,19,33","9,19,33,79"
"9,19,33","9,19,33,36"
"9,19,33","9,19,33,59"
"9,19,33","9,19,33,98"
"9,19,33","9,19,33,78"
"9,19,33","9,19,33,35"
"9,19,33","9,19,33,58"
"9,19,33","9,19,33,97"
"9,19,33","9,19,33,77"
"9,19,33","9,19,33,34"
"9,19,33","9,19,33,57"
"9,19,33","9,19,33,96"
"9,19,33","9,19,33,76"
"9,19,33","9,19,32,33"
"9,19,33","9,19,33,56"
"9,19,33","9,19,33,95"
"9,19,33","9,19,33,75"
"9,19,33","9,19,31,33"
"0,31,36","0,31,36,87"
"0,31,36","0,31,36,67"
"0,31,36","0,31,36,47"
"0,36,44","0,36,44,87"
"0,36,44","0,36,44,67"
"0,36,44","0,36,44,47"
"0,36,44","0,36,44,86"
"0,36,44","0,36,44,66"
"0,36,44","0,36,44,46"
