stones,pair,n_total,n_loss,pair_n,pair_loss,p_loss_given_pair,p_loss_given_nopair,base_rate,enrichment,fisher_p,preregistered
3,"61,66",536,8,17,0,0.0,0.0154,0.0149,,1,True
3,"90,91",536,8,6,2,0.3333,0.0113,0.0149,22.333,0.00284,True
3,"13,91",536,8,6,0,0.0,0.0151,0.0149,,1,True
3,"8,30",536,8,57,2,0.0351,0.0125,0.0149,2.351,0.205,False
3,"9,30",536,8,62,2,0.0323,0.0127,0.0149,2.161,0.234,False
4,"61,66",367,16,15,12,0.8,0.0114,0.0436,18.35,7.72e-17,True
4,"90,91",367,16,15,1,0.0667,0.0426,0.0436,1.529,0.494,True
4,"13,91",367,16,15,1,0.0667,0.0426,0.0436,1.529,0.494,True
4,"61,69",367,16,16,5,0.3125,0.0313,0.0436,7.168,0.000266,False
4,"66,69",367,16,15,5,0.3333,0.0312,0.0436,7.646,0.000188,False
5,"61,66",56,11,20,0,0.0,0.3056,0.1964,,0.00479,True
5,"90,91",56,11,20,8,0.4,0.0833,0.1964,2.036,0.0108,True
5,"13,91",56,11,20,9,0.45,0.0556,0.1964,2.291,0.000756,True
5,"2,91",56,11,20,8,0.4,0.0833,0.1964,2.036,0.0108,False
5,"73,91",56,11,20,8,0.4,0.0833,0.1964,2.036,0.0108,False
6,"61,66",28,3,15,3,0.2,0.0,0.1071,1.867,0.226,True
6,"90,91",28,3,15,1,0.0667,0.1538,0.1071,0.622,0.583,True
6,"13,91",28,3,15,1,0.0667,0.1538,0.1071,0.622,0.583,True
6,"61,69",28,3,15,3,0.2,0.0,0.1071,1.867,0.226,False
6,"61,90",28,3,15,3,0.2,0.0,0.1071,1.867,0.226,False
7,"61,66",8,0,6,0,0.0,0.0,0.0,,1,True
7,"90,91",8,0,6,0,0.0,0.0,0.0,,1,True
7,"13,91",8,0,6,0,0.0,0.0,0.0,,1,True
8,"61,66",1,1,1,1,1.0,,1.0,1.0,,True
8,"90,91",1,1,1,1,1.0,,1.0,1.0,,True
8,"13,91",1,1,1,1,1.0,,1.0,1.0,,True
8,"2,13",1,1,1,1,1.0,,1.0,1.0,,False
8,"2,61",1,1,1,1,1.0,,1.0,1.0,,False
8,"2,66",1,1,1,1,1.0,,1.0,1.0,,False
14,"61,66",1,0,0,0,,0.0,0.0,,,True
14,"90,91",1,0,0,0,,0.0,0.0,,,True
14,"13,91",1,0,0,0,,0.0,0.0,,,True
