parent,state,true_outcome,outcome,visited,maxdepth,memo,seconds,depth_visited_0,depth_visited_1,depth_visited_10,depth_visited_11,depth_visited_12,depth_visited_13,depth_visited_14,depth_visited_15,depth_visited_16,depth_visited_17,depth_visited_18,depth_visited_19,depth_visited_2,depth_visited_3,depth_visited_4,depth_visited_5,depth_visited_6,depth_visited_7,depth_visited_8,depth_visited_9,memo_capacity_d10,memo_capacity_d11,memo_capacity_d12,memo_capacity_d13,memo_capacity_d14,memo_capacity_d15,memo_capacity_d16,memo_capacity_d17,memo_capacity_d18,memo_capacity_d19,memo_capacity_d20,memo_capacity_d21,memo_capacity_d9,memo_used_d10,memo_used_d11,memo_used_d12,memo_used_d13,memo_used_d14,memo_used_d15,memo_used_d16,memo_used_d17,memo_used_d18,memo_used_d19,memo_used_d20,memo_used_d21,memo_used_d9
"9,33,54",9,LOSS,PROBE,1000000,18,998761,7.95263,0,1,23808,82114,197708,284556,266777,118625,19517,996,96,0,1,1,1,1,16,80,1039,4663,4194304,8388608,2097152,16777216,2097152,33554432,8388608,16777216,2097152,8388608,1048576,65536,1048576,23807,82113,0,197708,0,284556,0,266777,0,118625,19517,996,4662
"9,33,54",9,LOSS,PROBE,1000000,18,998761,7.69325,0,1,23808,82114,197708,284556,266777,118625,19517,996,96,0,1,1,1,1,16,80,1039,4663,4194304,8388608,2097152,16777216,2097152,33554432,8388608,16777216,2097152,8388608,1048576,65536,1048576,23807,82113,0,197708,0,284556,0,266777,0,118625,19517,996,4662
"0,7,31",0,LOSS,PROBE,1000000,18,998761,7.32904,0,1,23808,82114,197708,284556,266777,118625,19517,996,96,0,1,1,1,1,16,80,1039,4663,4194304,8388608,2097152,16777216,2097152,33554432,8388608,16777216,2097152,8388608,1048576,65536,1048576,23807,82113,0,197708,0,284556,0,266777,0,118625,19517,996,4662
"0,3,13",0,WIN,PROBE,1000000,18,998761,11.3547,0,1,23808,82114,197708,284556,266777,118625,19517,996,96,0,1,1,1,1,16,80,1039,4663,4194304,8388608,2097152,16777216,2097152,33554432,8388608,16777216,2097152,8388608,1048576,65536,1048576,23807,82113,0,197708,0,284556,0,266777,0,118625,19517,996,4662
"0,3,13",0,WIN,PROBE,1000000,18,998761,7.77954,0,1,23808,82114,197708,284556,266777,118625,19517,996,96,0,1,1,1,1,16,80,1039,4663,4194304,8388608,2097152,16777216,2097152,33554432,8388608,16777216,2097152,8388608,1048576,65536,1048576,23807,82113,0,197708,0,284556,0,266777,0,118625,19517,996,4662
"0,13,44",0,WIN,PROBE,1000000,18,998761,11.6388,0,1,23808,82114,197708,284556,266777,118625,19517,996,96,0,1,1,1,1,16,80,1039,4663,4194304,8388608,2097152,16777216,2097152,33554432,8388608,16777216,2097152,8388608,1048576,65536,1048576,23807,82113,0,197708,0,284556,0,266777,0,118625,19517,996,4662
"9,33,54",9,LOSS,PROBE,1000000,18,998761,8.81177,0,1,23808,82114,197708,284556,266777,118625,19517,996,96,0,1,1,1,1,16,80,1039,4663,4194304,8388608,2097152,16777216,2097152,33554432,8388608,16777216,2097152,8388608,1048576,65536,1048576,23807,82113,0,197708,0,284556,0,266777,0,118625,19517,996,4662
"0,10,13",0,WIN,PROBE,1000000,18,998761,11.4528,0,1,23808,82114,197708,284556,266777,118625,19517,996,96,0,1,1,1,1,16,80,1039,4663,4194304,8388608,2097152,16777216,2097152,33554432,8388608,16777216,2097152,8388608,1048576,65536,1048576,23807,82113,0,197708,0,284556,0,266777,0,118625,19517,996,4662
"0,36,50",0,WIN,PROBE,1000000,18,998761,8.65181,0,1,23808,82114,197708,284556,266777,118625,19517,996,96,0,1,1,1,1,16,80,1039,4663,4194304,8388608,2097152,16777216,2097152,33554432,8388608,16777216,2097152,8388608,1048576,65536,1048576,23807,82113,0,197708,0,284556,0,266777,0,118625,19517,996,4662
"0,2,13",0,WIN,PROBE,1000000,18,998761,13.0549,0,1,23808,82114,197708,284556,266777,118625,19517,996,96,0,1,1,1,1,16,80,1039,4663,4194304,8388608,2097152,16777216,2097152,33554432,8388608,16777216,2097152,8388608,1048576,65536,1048576,23807,82113,0,197708,0,284556,0,266777,0,118625,19517,996,4662
"0,36,50",0,LOSS,PROBE,1000000,18,998761,9.98747,0,1,23808,82114,197708,284556,266777,118625,19517,996,96,0,1,1,1,1,16,80,1039,4663,4194304,8388608,2097152,16777216,2097152,33554432,8388608,16777216,2097152,8388608,1048576,65536,1048576,23807,82113,0,197708,0,284556,0,266777,0,118625,19517,996,4662
"0,3,13",0,WIN,PROBE,1000000,18,998761,13.9959,0,1,23808,82114,197708,284556,266777,118625,19517,996,96,0,1,1,1,1,16,80,1039,4663,4194304,8388608,2097152,16777216,2097152,33554432,8388608,16777216,2097152,8388608,1048576,65536,1048576,23807,82113,0,197708,0,284556,0,266777,0,118625,19517,996,4662
"0,1,13",0,WIN,PROBE,1000000,18,998761,7.87104,0,1,23808,82114,197708,284556,266777,118625,19517,996,96,0,1,1,1,1,16,80,1039,4663,4194304,8388608,2097152,16777216,2097152,33554432,8388608,16777216,2097152,8388608,1048576,65536,1048576,23807,82113,0,197708,0,284556,0,266777,0,118625,19517,996,4662
"0,13,34",0,WIN,PROBE,1000000,18,998761,7.98148,0,1,23808,82114,197708,284556,266777,118625,19517,996,96,0,1,1,1,1,16,80,1039,4663,4194304,8388608,2097152,16777216,2097152,33554432,8388608,16777216,2097152,8388608,1048576,65536,1048576,23807,82113,0,197708,0,284556,0,266777,0,118625,19517,996,4662
"0,13,34",0,WIN,PROBE,1000000,18,998761,8.53018,0,1,23808,82114,197708,284556,266777,118625,19517,996,96,0,1,1,1,1,16,80,1039,4663,4194304,8388608,2097152,16777216,2097152,33554432,8388608,16777216,2097152,8388608,1048576,65536,1048576,23807,82113,0,197708,0,284556,0,266777,0,118625,19517,996,4662
"9,33,54",9,LOSS,PROBE,1000000,18,998761,8.61665,0,1,23808,82114,197708,284556,266777,118625,19517,996,96,0,1,1,1,1,16,80,1039,4663,4194304,8388608,2097152,16777216,2097152,33554432,8388608,16777216,2097152,8388608,1048576,65536,1048576,23807,82113,0,197708,0,284556,0,266777,0,118625,19517,996,4662
"0,36,50",0,LOSS,PROBE,1000000,18,998761,7.02982,0,1,23808,82114,197708,284556,266777,118625,19517,996,96,0,1,1,1,1,16,80,1039,4663,4194304,8388608,2097152,16777216,2097152,33554432,8388608,16777216,2097152,8388608,1048576,65536,1048576,23807,82113,0,197708,0,284556,0,266777,0,118625,19517,996,4662
"9,33,54",9,WIN,PROBE,1000000,18,998761,8.8028,0,1,23808,82114,197708,284556,266777,118625,19517,996,96,0,1,1,1,1,16,80,1039,4663,4194304,8388608,2097152,16777216,2097152,33554432,8388608,16777216,2097152,8388608,1048576,65536,1048576,23807,82113,0,197708,0,284556,0,266777,0,118625,19517,996,4662
"0,13,34",0,WIN,PROBE,1000000,18,998761,7.28179,0,1,23808,82114,197708,284556,266777,118625,19517,996,96,0,1,1,1,1,16,80,1039,4663,4194304,8388608,2097152,16777216,2097152,33554432,8388608,16777216,2097152,8388608,1048576,65536,1048576,23807,82113,0,197708,0,284556,0,266777,0,118625,19517,996,4662
"0,10,13",0,WIN,PROBE,1000000,18,998761,11.6071,0,1,23808,82114,197708,284556,266777,118625,19517,996,96,0,1,1,1,1,16,80,1039,4663,4194304,8388608,2097152,16777216,2097152,33554432,8388608,16777216,2097152,8388608,1048576,65536,1048576,23807,82113,0,197708,0,284556,0,266777,0,118625,19517,996,4662
"0,1,13",0,WIN,PROBE,1000000,18,998761,7.45309,0,1,23808,82114,197708,284556,266777,118625,19517,996,96,0,1,1,1,1,16,80,1039,4663,4194304,8388608,2097152,16777216,2097152,33554432,8388608,16777216,2097152,8388608,1048576,65536,1048576,23807,82113,0,197708,0,284556,0,266777,0,118625,19517,996,4662
"0,17,31",0,WIN,PROBE,1000000,18,998761,19.0584,0,1,23808,82114,197708,284556,266777,118625,19517,996,96,0,1,1,1,1,16,80,1039,4663,4194304,8388608,2097152,16777216,2097152,33554432,8388608,16777216,2097152,8388608,1048576,65536,1048576,23807,82113,0,197708,0,284556,0,266777,0,118625,19517,996,4662
"0,17,31",0,WIN,PROBE,1000000,18,998761,12.9556,0,1,23808,82114,197708,284556,266777,118625,19517,996,96,0,1,1,1,1,16,80,1039,4663,4194304,8388608,2097152,16777216,2097152,33554432,8388608,16777216,2097152,8388608,1048576,65536,1048576,23807,82113,0,197708,0,284556,0,266777,0,118625,19517,996,4662
"0,13,44",0,LOSS,PROBE,1000000,18,998761,8.74998,0,1,23808,82114,197708,284556,266777,118625,19517,996,96,0,1,1,1,1,16,80,1039,4663,4194304,8388608,2097152,16777216,2097152,33554432,8388608,16777216,2097152,8388608,1048576,65536,1048576,23807,82113,0,197708,0,284556,0,266777,0,118625,19517,996,4662
"9,33,54",9,LOSS,PROBE,1000000,18,998761,8.65885,0,1,23808,82114,197708,284556,266777,118625,19517,996,96,0,1,1,1,1,16,80,1039,4663,4194304,8388608,2097152,16777216,2097152,33554432,8388608,16777216,2097152,8388608,1048576,65536,1048576,23807,82113,0,197708,0,284556,0,266777,0,118625,19517,996,4662
"0,13,34",0,WIN,PROBE,1000000,18,998761,13.5028,0,1,23808,82114,197708,284556,266777,118625,19517,996,96,0,1,1,1,1,16,80,1039,4663,4194304,8388608,2097152,16777216,2097152,33554432,8388608,16777216,2097152,8388608,1048576,65536,1048576,23807,82113,0,197708,0,284556,0,266777,0,118625,19517,996,4662
"0,36,50",0,WIN,PROBE,1000000,18,998761,11.4025,0,1,23808,82114,197708,284556,266777,118625,19517,996,96,0,1,1,1,1,16,80,1039,4663,4194304,8388608,2097152,16777216,2097152,33554432,8388608,16777216,2097152,8388608,1048576,65536,1048576,23807,82113,0,197708,0,284556,0,266777,0,118625,19517,996,4662
"0,13,44",0,WIN,PROBE,1000000,18,998761,8.97035,0,1,23808,82114,197708,284556,266777,118625,19517,996,96,0,1,1,1,1,16,80,1039,4663,4194304,8388608,2097152,16777216,2097152,33554432,8388608,16777216,2097152,8388608,1048576,65536,1048576,23807,82113,0,197708,0,284556,0,266777,0,118625,19517,996,4662
"0,13,21",0,WIN,PROBE,1000000,18,998761,15.1866,0,1,23808,82114,197708,284556,266777,118625,19517,996,96,0,1,1,1,1,16,80,1039,4663,4194304,8388608,2097152,16777216,2097152,33554432,8388608,16777216,2097152,8388608,1048576,65536,1048576,23807,82113,0,197708,0,284556,0,266777,0,118625,19517,996,4662
"9,33,54",9,LOSS,PROBE,1000000,18,998761,8.09597,0,1,23808,82114,197708,284556,266777,118625,19517,996,96,0,1,1,1,1,16,80,1039,4663,4194304,8388608,2097152,16777216,2097152,33554432,8388608,16777216,2097152,8388608,1048576,65536,1048576,23807,82113,0,197708,0,284556,0,266777,0,118625,19517,996,4662
"9,33,54",9,LOSS,PROBE,1000000,18,998761,9.26482,0,1,23808,82114,197708,284556,266777,118625,19517,996,96,0,1,1,1,1,16,80,1039,4663,4194304,8388608,2097152,16777216,2097152,33554432,8388608,16777216,2097152,8388608,1048576,65536,1048576,23807,82113,0,197708,0,284556,0,266777,0,118625,19517,996,4662
"0,13,44",0,LOSS,PROBE,1000000,18,998761,10.8657,0,1,23808,82114,197708,284556,266777,118625,19517,996,96,0,1,1,1,1,16,80,1039,4663,4194304,8388608,2097152,16777216,2097152,33554432,8388608,16777216,2097152,8388608,1048576,65536,1048576,23807,82113,0,197708,0,284556,0,266777,0,118625,19517,996,4662
"9,33,54",9,LOSS,PROBE,1000000,18,998761,12.1369,0,1,23808,82114,197708,284556,266777,118625,19517,996,96,0,1,1,1,1,16,80,1039,4663,4194304,8388608,2097152,16777216,2097152,33554432,8388608,16777216,2097152,8388608,1048576,65536,1048576,23807,82113,0,197708,0,284556,0,266777,0,118625,19517,996,4662
"9,33,54",9,LOSS,PROBE,1000000,18,998761,15.1984,0,1,23808,82114,197708,284556,266777,118625,19517,996,96,0,1,1,1,1,16,80,1039,4663,4194304,8388608,2097152,16777216,2097152,33554432,8388608,16777216,2097152,8388608,1048576,65536,1048576,23807,82113,0,197708,0,284556,0,266777,0,118625,19517,996,4662
"9,33,54",9,LOSS,PROBE,1000000,18,998761,9.22618,0,1,23808,82114,197708,284556,266777,118625,19517,996,96,0,1,1,1,1,16,80,1039,4663,4194304,8388608,2097152,16777216,2097152,33554432,8388608,16777216,2097152,8388608,1048576,65536,1048576,23807,82113,0,197708,0,284556,0,266777,0,118625,19517,996,4662
"0,13,21",0,LOSS,PROBE,1000000,18,998761,11.3582,0,1,23808,82114,197708,284556,266777,118625,19517,996,96,0,1,1,1,1,16,80,1039,4663,4194304,8388608,2097152,16777216,2097152,33554432,8388608,16777216,2097152,8388608,1048576,65536,1048576,23807,82113,0,197708,0,284556,0,266777,0,118625,19517,996,4662
"9,33,54",9,LOSS,PROBE,1000000,18,998761,9.78831,0,1,23808,82114,197708,284556,266777,118625,19517,996,96,0,1,1,1,1,16,80,1039,4663,4194304,8388608,2097152,16777216,2097152,33554432,8388608,16777216,2097152,8388608,1048576,65536,1048576,23807,82113,0,197708,0,284556,0,266777,0,118625,19517,996,4662
"0,3,13",0,WIN,PROBE,1000000,18,998761,9.35323,0,1,23808,82114,197708,284556,266777,118625,19517,996,96,0,1,1,1,1,16,80,1039,4663,4194304,8388608,2097152,16777216,2097152,33554432,8388608,16777216,2097152,8388608,1048576,65536,1048576,23807,82113,0,197708,0,284556,0,266777,0,118625,19517,996,4662
"0,13,34",0,WIN,PROBE,1000000,18,998761,9.81682,0,1,23808,82114,197708,284556,266777,118625,19517,996,96,0,1,1,1,1,16,80,1039,4663,4194304,8388608,2097152,16777216,2097152,33554432,8388608,16777216,2097152,8388608,1048576,65536,1048576,23807,82113,0,197708,0,284556,0,266777,0,118625,19517,996,4662
"9,33,54",9,LOSS,PROBE,1000000,18,998761,9.15117,0,1,23808,82114,197708,284556,266777,118625,19517,996,96,0,1,1,1,1,16,80,1039,4663,4194304,8388608,2097152,16777216,2097152,33554432,8388608,16777216,2097152,8388608,1048576,65536,1048576,23807,82113,0,197708,0,284556,0,266777,0,118625,19517,996,4662
"0,36,50",0,WIN,PROBE,1000000,18,998761,8.39634,0,1,23808,82114,197708,284556,266777,118625,19517,996,96,0,1,1,1,1,16,80,1039,4663,4194304,8388608,2097152,16777216,2097152,33554432,8388608,16777216,2097152,8388608,1048576,65536,1048576,23807,82113,0,197708,0,284556,0,266777,0,118625,19517,996,4662
"9,33,54",9,LOSS,PROBE,1000000,18,998761,11.4332,0,1,23808,82114,197708,284556,266777,118625,19517,996,96,0,1,1,1,1,16,80,1039,4663,4194304,8388608,2097152,16777216,2097152,33554432,8388608,16777216,2097152,8388608,1048576,65536,1048576,23807,82113,0,197708,0,284556,0,266777,0,118625,19517,996,4662
"0,13,34",0,LOSS,PROBE,1000000,18,998761,9.40678,0,1,23808,82114,197708,284556,266777,118625,19517,996,96,0,1,1,1,1,16,80,1039,4663,4194304,8388608,2097152,16777216,2097152,33554432,8388608,16777216,2097152,8388608,1048576,65536,1048576,23807,82113,0,197708,0,284556,0,266777,0,118625,19517,996,4662
"0,13,21",0,LOSS,PROBE,1000000,18,998761,8.56896,0,1,23808,82114,197708,284556,266777,118625,19517,996,96,0,1,1,1,1,16,80,1039,4663,4194304,8388608,2097152,16777216,2097152,33554432,8388608,16777216,2097152,8388608,1048576,65536,1048576,23807,82113,0,197708,0,284556,0,266777,0,118625,19517,996,4662
"0,7,31",0,LOSS,PROBE,1000000,18,998761,6.93946,0,1,23808,82114,197708,284556,266777,118625,19517,996,96,0,1,1,1,1,16,80,1039,4663,4194304,8388608,2097152,16777216,2097152,33554432,8388608,16777216,2097152,8388608,1048576,65536,1048576,23807,82113,0,197708,0,284556,0,266777,0,118625,19517,996,4662
"0,2,13",0,WIN,PROBE,1000000,18,998761,14.6693,0,1,23808,82114,197708,284556,266777,118625,19517,996,96,0,1,1,1,1,16,80,1039,4663,4194304,8388608,2097152,16777216,2097152,33554432,8388608,16777216,2097152,8388608,1048576,65536,1048576,23807,82113,0,197708,0,284556,0,266777,0,118625,19517,996,4662
"0,36,50",0,LOSS,PROBE,1000000,18,998761,13.1203,0,1,23808,82114,197708,284556,266777,118625,19517,996,96,0,1,1,1,1,16,80,1039,4663,4194304,8388608,2097152,16777216,2097152,33554432,8388608,16777216,2097152,8388608,1048576,65536,1048576,23807,82113,0,197708,0,284556,0,266777,0,118625,19517,996,4662
"0,10,13",0,WIN,PROBE,1000000,18,998761,11.3935,0,1,23808,82114,197708,284556,266777,118625,19517,996,96,0,1,1,1,1,16,80,1039,4663,4194304,8388608,2097152,16777216,2097152,33554432,8388608,16777216,2097152,8388608,1048576,65536,1048576,23807,82113,0,197708,0,284556,0,266777,0,118625,19517,996,4662
"0,17,31",0,WIN,PROBE,1000000,18,998761,8.77856,0,1,23808,82114,197708,284556,266777,118625,19517,996,96,0,1,1,1,1,16,80,1039,4663,4194304,8388608,2097152,16777216,2097152,33554432,8388608,16777216,2097152,8388608,1048576,65536,1048576,23807,82113,0,197708,0,284556,0,266777,0,118625,19517,996,4662
"0,1,13",0,WIN,PROBE,1000000,18,998761,9.36619,0,1,23808,82114,197708,284556,266777,118625,19517,996,96,0,1,1,1,1,16,80,1039,4663,4194304,8388608,2097152,16777216,2097152,33554432,8388608,16777216,2097152,8388608,1048576,65536,1048576,23807,82113,0,197708,0,284556,0,266777,0,118625,19517,996,4662
"0,3,13",0,WIN,PROBE,1000000,18,998761,9.72399,0,1,23808,82114,197708,284556,266777,118625,19517,996,96,0,1,1,1,1,16,80,1039,4663,4194304,8388608,2097152,16777216,2097152,33554432,8388608,16777216,2097152,8388608,1048576,65536,1048576,23807,82113,0,197708,0,284556,0,266777,0,118625,19517,996,4662
"0,36,50",0,WIN,PROBE,1000000,18,998761,10.1343,0,1,23808,82114,197708,284556,266777,118625,19517,996,96,0,1,1,1,1,16,80,1039,4663,4194304,8388608,2097152,16777216,2097152,33554432,8388608,16777216,2097152,8388608,1048576,65536,1048576,23807,82113,0,197708,0,284556,0,266777,0,118625,19517,996,4662
"0,2,13",0,WIN,PROBE,1000000,18,998761,10.1916,0,1,23808,82114,197708,284556,266777,118625,19517,996,96,0,1,1,1,1,16,80,1039,4663,4194304,8388608,2097152,16777216,2097152,33554432,8388608,16777216,2097152,8388608,1048576,65536,1048576,23807,82113,0,197708,0,284556,0,266777,0,118625,19517,996,4662
"0,13,34",0,LOSS,PROBE,1000000,18,998761,12.7325,0,1,23808,82114,197708,284556,266777,118625,19517,996,96,0,1,1,1,1,16,80,1039,4663,4194304,8388608,2097152,16777216,2097152,33554432,8388608,16777216,2097152,8388608,1048576,65536,1048576,23807,82113,0,197708,0,284556,0,266777,0,118625,19517,996,4662
"9,33,54",9,LOSS,PROBE,1000000,18,998761,9.02145,0,1,23808,82114,197708,284556,266777,118625,19517,996,96,0,1,1,1,1,16,80,1039,4663,4194304,8388608,2097152,16777216,2097152,33554432,8388608,16777216,2097152,8388608,1048576,65536,1048576,23807,82113,0,197708,0,284556,0,266777,0,118625,19517,996,4662
"9,33,54",9,LOSS,PROBE,1000000,18,998761,13.3149,0,1,23808,82114,197708,284556,266777,118625,19517,996,96,0,1,1,1,1,16,80,1039,4663,4194304,8388608,2097152,16777216,2097152,33554432,8388608,16777216,2097152,8388608,1048576,65536,1048576,23807,82113,0,197708,0,284556,0,266777,0,118625,19517,996,4662
"0,13,34",0,LOSS,PROBE,1000000,18,998761,14.7399,0,1,23808,82114,197708,284556,266777,118625,19517,996,96,0,1,1,1,1,16,80,1039,4663,4194304,8388608,2097152,16777216,2097152,33554432,8388608,16777216,2097152,8388608,1048576,65536,1048576,23807,82113,0,197708,0,284556,0,266777,0,118625,19517,996,4662
"0,3,13",0,WIN,PROBE,1000000,18,998761,13.7014,0,1,23808,82114,197708,284556,266777,118625,19517,996,96,0,1,1,1,1,16,80,1039,4663,4194304,8388608,2097152,16777216,2097152,33554432,8388608,16777216,2097152,8388608,1048576,65536,1048576,23807,82113,0,197708,0,284556,0,266777,0,118625,19517,996,4662
"9,33,54",9,LOSS,PROBE,1000000,18,998761,13.634,0,1,23808,82114,197708,284556,266777,118625,19517,996,96,0,1,1,1,1,16,80,1039,4663,4194304,8388608,2097152,16777216,2097152,33554432,8388608,16777216,2097152,8388608,1048576,65536,1048576,23807,82113,0,197708,0,284556,0,266777,0,118625,19517,996,4662
"0,3,13",0,WIN,PROBE,1000000,18,998761,12.2891,0,1,23808,82114,197708,284556,266777,118625,19517,996,96,0,1,1,1,1,16,80,1039,4663,4194304,8388608,2097152,16777216,2097152,33554432,8388608,16777216,2097152,8388608,1048576,65536,1048576,23807,82113,0,197708,0,284556,0,266777,0,118625,19517,996,4662
"9,33,54",9,LOSS,PROBE,1000000,18,998761,8.43349,0,1,23808,82114,197708,284556,266777,118625,19517,996,96,0,1,1,1,1,16,80,1039,4663,4194304,8388608,2097152,16777216,2097152,33554432,8388608,16777216,2097152,8388608,1048576,65536,1048576,23807,82113,0,197708,0,284556,0,266777,0,118625,19517,996,4662
"0,13,21",0,LOSS,PROBE,1000000,18,998761,10.026,0,1,23808,82114,197708,284556,266777,118625,19517,996,96,0,1,1,1,1,16,80,1039,4663,4194304,8388608,2097152,16777216,2097152,33554432,8388608,16777216,2097152,8388608,1048576,65536,1048576,23807,82113,0,197708,0,284556,0,266777,0,118625,19517,996,4662
"0,13,34",0,LOSS,PROBE,1000000,18,998761,10.3613,0,1,23808,82114,197708,284556,266777,118625,19517,996,96,0,1,1,1,1,16,80,1039,4663,4194304,8388608,2097152,16777216,2097152,33554432,8388608,16777216,2097152,8388608,1048576,65536,1048576,23807,82113,0,197708,0,284556,0,266777,0,118625,19517,996,4662
"0,36,50",0,LOSS,PROBE,1000000,18,998761,7.86479,0,1,23808,82114,197708,284556,266777,118625,19517,996,96,0,1,1,1,1,16,80,1039,4663,4194304,8388608,2097152,16777216,2097152,33554432,8388608,16777216,2097152,8388608,1048576,65536,1048576,23807,82113,0,197708,0,284556,0,266777,0,118625,19517,996,4662
"0,2,13",0,WIN,PROBE,1000000,18,998761,7.86938,0,1,23808,82114,197708,284556,266777,118625,19517,996,96,0,1,1,1,1,16,80,1039,4663,4194304,8388608,2097152,16777216,2097152,33554432,8388608,16777216,2097152,8388608,1048576,65536,1048576,23807,82113,0,197708,0,284556,0,266777,0,118625,19517,996,4662
"9,33,54",9,LOSS,PROBE,1000000,18,998761,8.23552,0,1,23808,82114,197708,284556,266777,118625,19517,996,96,0,1,1,1,1,16,80,1039,4663,4194304,8388608,2097152,16777216,2097152,33554432,8388608,16777216,2097152,8388608,1048576,65536,1048576,23807,82113,0,197708,0,284556,0,266777,0,118625,19517,996,4662
"0,2,13",0,WIN,PROBE,1000000,18,998761,16.3202,0,1,23808,82114,197708,284556,266777,118625,19517,996,96,0,1,1,1,1,16,80,1039,4663,4194304,8388608,2097152,16777216,2097152,33554432,8388608,16777216,2097152,8388608,1048576,65536,1048576,23807,82113,0,197708,0,284556,0,266777,0,118625,19517,996,4662
"0,13,21",0,WIN,PROBE,1000000,18,998761,8.74303,0,1,23808,82114,197708,284556,266777,118625,19517,996,96,0,1,1,1,1,16,80,1039,4663,4194304,8388608,2097152,16777216,2097152,33554432,8388608,16777216,2097152,8388608,1048576,65536,1048576,23807,82113,0,197708,0,284556,0,266777,0,118625,19517,996,4662
"0,36,50",0,WIN,PROBE,1000000,18,998761,8.93743,0,1,23808,82114,197708,284556,266777,118625,19517,996,96,0,1,1,1,1,16,80,1039,4663,4194304,8388608,2097152,16777216,2097152,33554432,8388608,16777216,2097152,8388608,1048576,65536,1048576,23807,82113,0,197708,0,284556,0,266777,0,118625,19517,996,4662
"9,33,54",9,LOSS,PROBE,1000000,18,998761,8.85647,0,1,23808,82114,197708,284556,266777,118625,19517,996,96,0,1,1,1,1,16,80,1039,4663,4194304,8388608,2097152,16777216,2097152,33554432,8388608,16777216,2097152,8388608,1048576,65536,1048576,23807,82113,0,197708,0,284556,0,266777,0,118625,19517,996,4662
"0,1,13",0,WIN,PROBE,1000000,18,998761,10.8266,0,1,23808,82114,197708,284556,266777,118625,19517,996,96,0,1,1,1,1,16,80,1039,4663,4194304,8388608,2097152,16777216,2097152,33554432,8388608,16777216,2097152,8388608,1048576,65536,1048576,23807,82113,0,197708,0,284556,0,266777,0,118625,19517,996,4662
"9,33,54",9,LOSS,PROBE,1000000,18,998761,12.2893,0,1,23808,82114,197708,284556,266777,118625,19517,996,96,0,1,1,1,1,16,80,1039,4663,4194304,8388608,2097152,16777216,2097152,33554432,8388608,16777216,2097152,8388608,1048576,65536,1048576,23807,82113,0,197708,0,284556,0,266777,0,118625,19517,996,4662
"0,10,13",0,LOSS,PROBE,1000000,18,998761,13.3841,0,1,23808,82114,197708,284556,266777,118625,19517,996,96,0,1,1,1,1,16,80,1039,4663,4194304,8388608,2097152,16777216,2097152,33554432,8388608,16777216,2097152,8388608,1048576,65536,1048576,23807,82113,0,197708,0,284556,0,266777,0,118625,19517,996,4662
"0,36,50",0,WIN,PROBE,1000000,18,998761,7.661,0,1,23808,82114,197708,284556,266777,118625,19517,996,96,0,1,1,1,1,16,80,1039,4663,4194304,8388608,2097152,16777216,2097152,33554432,8388608,16777216,2097152,8388608,1048576,65536,1048576,23807,82113,0,197708,0,284556,0,266777,0,118625,19517,996,4662
"9,33,54",9,LOSS,PROBE,1000000,18,998761,12.0615,0,1,23808,82114,197708,284556,266777,118625,19517,996,96,0,1,1,1,1,16,80,1039,4663,4194304,8388608,2097152,16777216,2097152,33554432,8388608,16777216,2097152,8388608,1048576,65536,1048576,23807,82113,0,197708,0,284556,0,266777,0,118625,19517,996,4662
"9,33,54",9,LOSS,PROBE,1000000,18,998761,11.0451,0,1,23808,82114,197708,284556,266777,118625,19517,996,96,0,1,1,1,1,16,80,1039,4663,4194304,8388608,2097152,16777216,2097152,33554432,8388608,16777216,2097152,8388608,1048576,65536,1048576,23807,82113,0,197708,0,284556,0,266777,0,118625,19517,996,4662
"0,13,34",0,LOSS,PROBE,1000000,18,998761,8.51284,0,1,23808,82114,197708,284556,266777,118625,19517,996,96,0,1,1,1,1,16,80,1039,4663,4194304,8388608,2097152,16777216,2097152,33554432,8388608,16777216,2097152,8388608,1048576,65536,1048576,23807,82113,0,197708,0,284556,0,266777,0,118625,19517,996,4662
"0,2,13",0,WIN,PROBE,1000000,18,998761,9.82621,0,1,23808,82114,197708,284556,266777,118625,19517,996,96,0,1,1,1,1,16,80,1039,4663,4194304,8388608,2097152,16777216,2097152,33554432,8388608,16777216,2097152,8388608,1048576,65536,1048576,23807,82113,0,197708,0,284556,0,266777,0,118625,19517,996,4662
"0,13,34",0,LOSS,PROBE,1000000,18,998761,14.0438,0,1,23808,82114,197708,284556,266777,118625,19517,996,96,0,1,1,1,1,16,80,1039,4663,4194304,8388608,2097152,16777216,2097152,33554432,8388608,16777216,2097152,8388608,1048576,65536,1048576,23807,82113,0,197708,0,284556,0,266777,0,118625,19517,996,4662
"9,33,54",9,LOSS,PROBE,1000000,18,998761,10.6628,0,1,23808,82114,197708,284556,266777,118625,19517,996,96,0,1,1,1,1,16,80,1039,4663,4194304,8388608,2097152,16777216,2097152,33554432,8388608,16777216,2097152,8388608,1048576,65536,1048576,23807,82113,0,197708,0,284556,0,266777,0,118625,19517,996,4662
"0,13,44",0,LOSS,PROBE,1000000,18,998761,8.31946,0,1,23808,82114,197708,284556,266777,118625,19517,996,96,0,1,1,1,1,16,80,1039,4663,4194304,8388608,2097152,16777216,2097152,33554432,8388608,16777216,2097152,8388608,1048576,65536,1048576,23807,82113,0,197708,0,284556,0,266777,0,118625,19517,996,4662
"9,33,54",9,LOSS,PROBE,1000000,18,998761,8.41069,0,1,23808,82114,197708,284556,266777,118625,19517,996,96,0,1,1,1,1,16,80,1039,4663,4194304,8388608,2097152,16777216,2097152,33554432,8388608,16777216,2097152,8388608,1048576,65536,1048576,23807,82113,0,197708,0,284556,0,266777,0,118625,19517,996,4662
"0,13,44",0,LOSS,PROBE,1000000,18,998761,12.4981,0,1,23808,82114,197708,284556,266777,118625,19517,996,96,0,1,1,1,1,16,80,1039,4663,4194304,8388608,2097152,16777216,2097152,33554432,8388608,16777216,2097152,8388608,1048576,65536,1048576,23807,82113,0,197708,0,284556,0,266777,0,118625,19517,996,4662
"0,36,50",0,WIN,PROBE,1000000,18,998761,9.25273,0,1,23808,82114,197708,284556,266777,118625,19517,996,96,0,1,1,1,1,16,80,1039,4663,4194304,8388608,2097152,16777216,2097152,33554432,8388608,16777216,2097152,8388608,1048576,65536,1048576,23807,82113,0,197708,0,284556,0,266777,0,118625,19517,996,4662
"0,3,13",0,WIN,PROBE,1000000,18,998761,15.1022,0,1,23808,82114,197708,284556,266777,118625,19517,996,96,0,1,1,1,1,16,80,1039,4663,4194304,8388608,2097152,16777216,2097152,33554432,8388608,16777216,2097152,8388608,1048576,65536,1048576,23807,82113,0,197708,0,284556,0,266777,0,118625,19517,996,4662
"0,7,31",0,WIN,PROBE,1000000,18,998761,8.45649,0,1,23808,82114,197708,284556,266777,118625,19517,996,96,0,1,1,1,1,16,80,1039,4663,4194304,8388608,2097152,16777216,2097152,33554432,8388608,16777216,2097152,8388608,1048576,65536,1048576,23807,82113,0,197708,0,284556,0,266777,0,118625,19517,996,4662
"0,2,13",0,WIN,PROBE,1000000,18,998761,10.5189,0,1,23808,82114,197708,284556,266777,118625,19517,996,96,0,1,1,1,1,16,80,1039,4663,4194304,8388608,2097152,16777216,2097152,33554432,8388608,16777216,2097152,8388608,1048576,65536,1048576,23807,82113,0,197708,0,284556,0,266777,0,118625,19517,996,4662
"0,13,34",0,LOSS,PROBE,1000000,18,998761,8.29805,0,1,23808,82114,197708,284556,266777,118625,19517,996,96,0,1,1,1,1,16,80,1039,4663,4194304,8388608,2097152,16777216,2097152,33554432,8388608,16777216,2097152,8388608,1048576,65536,1048576,23807,82113,0,197708,0,284556,0,266777,0,118625,19517,996,4662
"9,33,54",9,LOSS,PROBE,1000000,18,998761,8.39048,0,1,23808,82114,197708,284556,266777,118625,19517,996,96,0,1,1,1,1,16,80,1039,4663,4194304,8388608,2097152,16777216,2097152,33554432,8388608,16777216,2097152,8388608,1048576,65536,1048576,23807,82113,0,197708,0,284556,0,266777,0,118625,19517,996,4662
"0,3,13",0,WIN,PROBE,1000000,18,998761,11.0516,0,1,23808,82114,197708,284556,266777,118625,19517,996,96,0,1,1,1,1,16,80,1039,4663,4194304,8388608,2097152,16777216,2097152,33554432,8388608,16777216,2097152,8388608,1048576,65536,1048576,23807,82113,0,197708,0,284556,0,266777,0,118625,19517,996,4662
"0,10,13",0,WIN,PROBE,1000000,18,998761,9.40131,0,1,23808,82114,197708,284556,266777,118625,19517,996,96,0,1,1,1,1,16,80,1039,4663,4194304,8388608,2097152,16777216,2097152,33554432,8388608,16777216,2097152,8388608,1048576,65536,1048576,23807,82113,0,197708,0,284556,0,266777,0,118625,19517,996,4662
"0,36,50",0,LOSS,PROBE,1000000,18,998761,8.60573,0,1,23808,82114,197708,284556,266777,118625,19517,996,96,0,1,1,1,1,16,80,1039,4663,4194304,8388608,2097152,16777216,2097152,33554432,8388608,16777216,2097152,8388608,1048576,65536,1048576,23807,82113,0,197708,0,284556,0,266777,0,118625,19517,996,4662
"0,7,31",0,LOSS,PROBE,1000000,18,998761,10.0526,0,1,23808,82114,197708,284556,266777,118625,19517,996,96,0,1,1,1,1,16,80,1039,4663,4194304,8388608,2097152,16777216,2097152,33554432,8388608,16777216,2097152,8388608,1048576,65536,1048576,23807,82113,0,197708,0,284556,0,266777,0,118625,19517,996,4662
"0,13,44",0,WIN,PROBE,1000000,18,998761,8.89567,0,1,23808,82114,197708,284556,266777,118625,19517,996,96,0,1,1,1,1,16,80,1039,4663,4194304,8388608,2097152,16777216,2097152,33554432,8388608,16777216,2097152,8388608,1048576,65536,1048576,23807,82113,0,197708,0,284556,0,266777,0,118625,19517,996,4662
"0,7,31",0,LOSS,PROBE,1000000,18,998761,12.3904,0,1,23808,82114,197708,284556,266777,118625,19517,996,96,0,1,1,1,1,16,80,1039,4663,4194304,8388608,2097152,16777216,2097152,33554432,8388608,16777216,2097152,8388608,1048576,65536,1048576,23807,82113,0,197708,0,284556,0,266777,0,118625,19517,996,4662
"0,2,13",0,WIN,PROBE,1000000,18,998761,9.65182,0,1,23808,82114,197708,284556,266777,118625,19517,996,96,0,1,1,1,1,16,80,1039,4663,4194304,8388608,2097152,16777216,2097152,33554432,8388608,16777216,2097152,8388608,1048576,65536,1048576,23807,82113,0,197708,0,284556,0,266777,0,118625,19517,996,4662
"9,33,54",5,LOSS,PROBE,1000000,18,998555,6.77348,0,1,27366,88909,203629,281427,256064,114773,19969,1167,100,0,1,1,1,1,19,88,1228,5256,4194304,8388608,2097152,16777216,2097152,33554432,8388608,16777216,2097152,8388608,1048576,65536,1048576,27365,88908,0,203628,0,281426,0,256064,0,114773,19969,1167,5255
"9,33,54",9,LOSS,PROBE,1000000,18,998761,9.95352,0,1,23808,82114,197708,284556,266777,118625,19517,996,96,0,1,1,1,1,16,80,1039,4663,4194304,8388608,2097152,16777216,2097152,33554432,8388608,16777216,2097152,8388608,1048576,65536,1048576,23807,82113,0,197708,0,284556,0,266777,0,118625,19517,996,4662
"0,3,13",0,WIN,PROBE,1000000,18,998761,7.78529,0,1,23808,82114,197708,284556,266777,118625,19517,996,96,0,1,1,1,1,16,80,1039,4663,4194304,8388608,2097152,16777216,2097152,33554432,8388608,16777216,2097152,8388608,1048576,65536,1048576,23807,82113,0,197708,0,284556,0,266777,0,118625,19517,996,4662
"0,36,50",0,LOSS,PROBE,1000000,18,998761,10.3205,0,1,23808,82114,197708,284556,266777,118625,19517,996,96,0,1,1,1,1,16,80,1039,4663,4194304,8388608,2097152,16777216,2097152,33554432,8388608,16777216,2097152,8388608,1048576,65536,1048576,23807,82113,0,197708,0,284556,0,266777,0,118625,19517,996,4662
"0,13,21",0,WIN,PROBE,1000000,18,998761,12.7807,0,1,23808,82114,197708,284556,266777,118625,19517,996,96,0,1,1,1,1,16,80,1039,4663,4194304,8388608,2097152,16777216,2097152,33554432,8388608,16777216,2097152,8388608,1048576,65536,1048576,23807,82113,0,197708,0,284556,0,266777,0,118625,19517,996,4662
"0,2,13",0,WIN,PROBE,1000000,18,998761,16.965,0,1,23808,82114,197708,284556,266777,118625,19517,996,96,0,1,1,1,1,16,80,1039,4663,4194304,8388608,2097152,16777216,2097152,33554432,8388608,16777216,2097152,8388608,1048576,65536,1048576,23807,82113,0,197708,0,284556,0,266777,0,118625,19517,996,4662
"0,7,31",0,LOSS,PROBE,1000000,18,998761,10.448,0,1,23808,82114,197708,284556,266777,118625,19517,996,96,0,1,1,1,1,16,80,1039,4663,4194304,8388608,2097152,16777216,2097152,33554432,8388608,16777216,2097152,8388608,1048576,65536,1048576,23807,82113,0,197708,0,284556,0,266777,0,118625,19517,996,4662
"0,2,13",0,WIN,PROBE,1000000,18,998761,11.1155,0,1,23808,82114,197708,284556,266777,118625,19517,996,96,0,1,1,1,1,16,80,1039,4663,4194304,8388608,2097152,16777216,2097152,33554432,8388608,16777216,2097152,8388608,1048576,65536,1048576,23807,82113,0,197708,0,284556,0,266777,0,118625,19517,996,4662
"0,3,13",0,WIN,PROBE,1000000,18,998761,18.713,0,1,23808,82114,197708,284556,266777,118625,19517,996,96,0,1,1,1,1,16,80,1039,4663,4194304,8388608,2097152,16777216,2097152,33554432,8388608,16777216,2097152,8388608,1048576,65536,1048576,23807,82113,0,197708,0,284556,0,266777,0,118625,19517,996,4662
"0,13,44",0,LOSS,PROBE,1000000,18,998761,11.9693,0,1,23808,82114,197708,284556,266777,118625,19517,996,96,0,1,1,1,1,16,80,1039,4663,4194304,8388608,2097152,16777216,2097152,33554432,8388608,16777216,2097152,8388608,1048576,65536,1048576,23807,82113,0,197708,0,284556,0,266777,0,118625,19517,996,4662
"0,13,34",0,LOSS,PROBE,1000000,18,998761,9.62196,0,1,23808,82114,197708,284556,266777,118625,19517,996,96,0,1,1,1,1,16,80,1039,4663,4194304,8388608,2097152,16777216,2097152,33554432,8388608,16777216,2097152,8388608,1048576,65536,1048576,23807,82113,0,197708,0,284556,0,266777,0,118625,19517,996,4662
"9,33,54",9,LOSS,PROBE,1000000,18,998761,6.80375,0,1,23808,82114,197708,284556,266777,118625,19517,996,96,0,1,1,1,1,16,80,1039,4663,4194304,8388608,2097152,16777216,2097152,33554432,8388608,16777216,2097152,8388608,1048576,65536,1048576,23807,82113,0,197708,0,284556,0,266777,0,118625,19517,996,4662
"9,33,54",9,LOSS,PROBE,1000000,18,998761,10.3823,0,1,23808,82114,197708,284556,266777,118625,19517,996,96,0,1,1,1,1,16,80,1039,4663,4194304,8388608,2097152,16777216,2097152,33554432,8388608,16777216,2097152,8388608,1048576,65536,1048576,23807,82113,0,197708,0,284556,0,266777,0,118625,19517,996,4662
"0,36,50",0,LOSS,PROBE,1000000,18,998761,11.001,0,1,23808,82114,197708,284556,266777,118625,19517,996,96,0,1,1,1,1,16,80,1039,4663,4194304,8388608,2097152,16777216,2097152,33554432,8388608,16777216,2097152,8388608,1048576,65536,1048576,23807,82113,0,197708,0,284556,0,266777,0,118625,19517,996,4662
"9,33,54",9,LOSS,PROBE,1000000,18,998761,16.393,0,1,23808,82114,197708,284556,266777,118625,19517,996,96,0,1,1,1,1,16,80,1039,4663,4194304,8388608,2097152,16777216,2097152,33554432,8388608,16777216,2097152,8388608,1048576,65536,1048576,23807,82113,0,197708,0,284556,0,266777,0,118625,19517,996,4662
"9,33,54",9,LOSS,PROBE,1000000,18,998761,10.8814,0,1,23808,82114,197708,284556,266777,118625,19517,996,96,0,1,1,1,1,16,80,1039,4663,4194304,8388608,2097152,16777216,2097152,33554432,8388608,16777216,2097152,8388608,1048576,65536,1048576,23807,82113,0,197708,0,284556,0,266777,0,118625,19517,996,4662
"0,2,13",0,WIN,PROBE,1000000,18,998761,6.61731,0,1,23808,82114,197708,284556,266777,118625,19517,996,96,0,1,1,1,1,16,80,1039,4663,4194304,8388608,2097152,16777216,2097152,33554432,8388608,16777216,2097152,8388608,1048576,65536,1048576,23807,82113,0,197708,0,284556,0,266777,0,118625,19517,996,4662
"0,13,34",0,WIN,PROBE,1000000,18,998761,8.56262,0,1,23808,82114,197708,284556,266777,118625,19517,996,96,0,1,1,1,1,16,80,1039,4663,4194304,8388608,2097152,16777216,2097152,33554432,8388608,16777216,2097152,8388608,1048576,65536,1048576,23807,82113,0,197708,0,284556,0,266777,0,118625,19517,996,4662
"0,10,13",0,WIN,PROBE,1000000,18,998761,6.77568,0,1,23808,82114,197708,284556,266777,118625,19517,996,96,0,1,1,1,1,16,80,1039,4663,4194304,8388608,2097152,16777216,2097152,33554432,8388608,16777216,2097152,8388608,1048576,65536,1048576,23807,82113,0,197708,0,284556,0,266777,0,118625,19517,996,4662
"0,3,13",0,WIN,PROBE,1000000,18,998761,10.9087,0,1,23808,82114,197708,284556,266777,118625,19517,996,96,0,1,1,1,1,16,80,1039,4663,4194304,8388608,2097152,16777216,2097152,33554432,8388608,16777216,2097152,8388608,1048576,65536,1048576,23807,82113,0,197708,0,284556,0,266777,0,118625,19517,996,4662
"9,33,54",9,LOSS,PROBE,1000000,18,998761,7.53356,0,1,23808,82114,197708,284556,266777,118625,19517,996,96,0,1,1,1,1,16,80,1039,4663,4194304,8388608,2097152,16777216,2097152,33554432,8388608,16777216,2097152,8388608,1048576,65536,1048576,23807,82113,0,197708,0,284556,0,266777,0,118625,19517,996,4662
"0,36,50",0,LOSS,PROBE,1000000,18,998761,10.9456,0,1,23808,82114,197708,284556,266777,118625,19517,996,96,0,1,1,1,1,16,80,1039,4663,4194304,8388608,2097152,16777216,2097152,33554432,8388608,16777216,2097152,8388608,1048576,65536,1048576,23807,82113,0,197708,0,284556,0,266777,0,118625,19517,996,4662
"9,33,54",9,LOSS,PROBE,1000000,18,998761,10.866,0,1,23808,82114,197708,284556,266777,118625,19517,996,96,0,1,1,1,1,16,80,1039,4663,4194304,8388608,2097152,16777216,2097152,33554432,8388608,16777216,2097152,8388608,1048576,65536,1048576,23807,82113,0,197708,0,284556,0,266777,0,118625,19517,996,4662
"0,7,31",0,WIN,PROBE,1000000,18,998761,9.14392,0,1,23808,82114,197708,284556,266777,118625,19517,996,96,0,1,1,1,1,16,80,1039,4663,4194304,8388608,2097152,16777216,2097152,33554432,8388608,16777216,2097152,8388608,1048576,65536,1048576,23807,82113,0,197708,0,284556,0,266777,0,118625,19517,996,4662
"0,3,13",0,LOSS,PROBE,1000000,18,998761,10.1848,0,1,23808,82114,197708,284556,266777,118625,19517,996,96,0,1,1,1,1,16,80,1039,4663,4194304,8388608,2097152,16777216,2097152,33554432,8388608,16777216,2097152,8388608,1048576,65536,1048576,23807,82113,0,197708,0,284556,0,266777,0,118625,19517,996,4662
"0,1,13",0,WIN,PROBE,1000000,18,998761,7.74693,0,1,23808,82114,197708,284556,266777,118625,19517,996,96,0,1,1,1,1,16,80,1039,4663,4194304,8388608,2097152,16777216,2097152,33554432,8388608,16777216,2097152,8388608,1048576,65536,1048576,23807,82113,0,197708,0,284556,0,266777,0,118625,19517,996,4662
"9,33,54",9,LOSS,PROBE,1000000,18,998761,8.96626,0,1,23808,82114,197708,284556,266777,118625,19517,996,96,0,1,1,1,1,16,80,1039,4663,4194304,8388608,2097152,16777216,2097152,33554432,8388608,16777216,2097152,8388608,1048576,65536,1048576,23807,82113,0,197708,0,284556,0,266777,0,118625,19517,996,4662
"0,13,34",0,LOSS,PROBE,1000000,18,998761,9.78215,0,1,23808,82114,197708,284556,266777,118625,19517,996,96,0,1,1,1,1,16,80,1039,4663,4194304,8388608,2097152,16777216,2097152,33554432,8388608,16777216,2097152,8388608,1048576,65536,1048576,23807,82113,0,197708,0,284556,0,266777,0,118625,19517,996,4662
"0,10,13",0,WIN,PROBE,1000000,18,998761,8.8015,0,1,23808,82114,197708,284556,266777,118625,19517,996,96,0,1,1,1,1,16,80,1039,4663,4194304,8388608,2097152,16777216,2097152,33554432,8388608,16777216,2097152,8388608,1048576,65536,1048576,23807,82113,0,197708,0,284556,0,266777,0,118625,19517,996,4662
"9,33,54",9,LOSS,PROBE,1000000,18,998761,8.84266,0,1,23808,82114,197708,284556,266777,118625,19517,996,96,0,1,1,1,1,16,80,1039,4663,4194304,8388608,2097152,16777216,2097152,33554432,8388608,16777216,2097152,8388608,1048576,65536,1048576,23807,82113,0,197708,0,284556,0,266777,0,118625,19517,996,4662
"0,1,13",0,WIN,PROBE,1000000,18,998761,17.7703,0,1,23808,82114,197708,284556,266777,118625,19517,996,96,0,1,1,1,1,16,80,1039,4663,4194304,8388608,2097152,16777216,2097152,33554432,8388608,16777216,2097152,8388608,1048576,65536,1048576,23807,82113,0,197708,0,284556,0,266777,0,118625,19517,996,4662
"9,33,54",9,LOSS,PROBE,1000000,18,998761,7.18641,0,1,23808,82114,197708,284556,266777,118625,19517,996,96,0,1,1,1,1,16,80,1039,4663,4194304,8388608,2097152,16777216,2097152,33554432,8388608,16777216,2097152,8388608,1048576,65536,1048576,23807,82113,0,197708,0,284556,0,266777,0,118625,19517,996,4662
"0,7,31",0,WIN,PROBE,1000000,18,998761,13.7606,0,1,23808,82114,197708,284556,266777,118625,19517,996,96,0,1,1,1,1,16,80,1039,4663,4194304,8388608,2097152,16777216,2097152,33554432,8388608,16777216,2097152,8388608,1048576,65536,1048576,23807,82113,0,197708,0,284556,0,266777,0,118625,19517,996,4662
"9,33,54",9,LOSS,PROBE,1000000,18,998761,8.17628,0,1,23808,82114,197708,284556,266777,118625,19517,996,96,0,1,1,1,1,16,80,1039,4663,4194304,8388608,2097152,16777216,2097152,33554432,8388608,16777216,2097152,8388608,1048576,65536,1048576,23807,82113,0,197708,0,284556,0,266777,0,118625,19517,996,4662
"0,2,13",0,LOSS,PROBE,1000000,18,998761,12.3285,0,1,23808,82114,197708,284556,266777,118625,19517,996,96,0,1,1,1,1,16,80,1039,4663,4194304,8388608,2097152,16777216,2097152,33554432,8388608,16777216,2097152,8388608,1048576,65536,1048576,23807,82113,0,197708,0,284556,0,266777,0,118625,19517,996,4662
"9,33,54",9,LOSS,PROBE,1000000,18,998761,6.73645,0,1,23808,82114,197708,284556,266777,118625,19517,996,96,0,1,1,1,1,16,80,1039,4663,4194304,8388608,2097152,16777216,2097152,33554432,8388608,16777216,2097152,8388608,1048576,65536,1048576,23807,82113,0,197708,0,284556,0,266777,0,118625,19517,996,4662
"0,13,34",0,LOSS,PROBE,1000000,18,998761,7.51652,0,1,23808,82114,197708,284556,266777,118625,19517,996,96,0,1,1,1,1,16,80,1039,4663,4194304,8388608,2097152,16777216,2097152,33554432,8388608,16777216,2097152,8388608,1048576,65536,1048576,23807,82113,0,197708,0,284556,0,266777,0,118625,19517,996,4662
"0,13,44",0,LOSS,PROBE,1000000,18,998761,11.8547,0,1,23808,82114,197708,284556,266777,118625,19517,996,96,0,1,1,1,1,16,80,1039,4663,4194304,8388608,2097152,16777216,2097152,33554432,8388608,16777216,2097152,8388608,1048576,65536,1048576,23807,82113,0,197708,0,284556,0,266777,0,118625,19517,996,4662
"0,13,34",0,LOSS,PROBE,1000000,18,998761,13.0421,0,1,23808,82114,197708,284556,266777,118625,19517,996,96,0,1,1,1,1,16,80,1039,4663,4194304,8388608,2097152,16777216,2097152,33554432,8388608,16777216,2097152,8388608,1048576,65536,1048576,23807,82113,0,197708,0,284556,0,266777,0,118625,19517,996,4662
"0,17,31",0,WIN,PROBE,1000000,18,998761,8.06905,0,1,23808,82114,197708,284556,266777,118625,19517,996,96,0,1,1,1,1,16,80,1039,4663,4194304,8388608,2097152,16777216,2097152,33554432,8388608,16777216,2097152,8388608,1048576,65536,1048576,23807,82113,0,197708,0,284556,0,266777,0,118625,19517,996,4662
"0,13,21",0,WIN,PROBE,1000000,18,998761,7.59137,0,1,23808,82114,197708,284556,266777,118625,19517,996,96,0,1,1,1,1,16,80,1039,4663,4194304,8388608,2097152,16777216,2097152,33554432,8388608,16777216,2097152,8388608,1048576,65536,1048576,23807,82113,0,197708,0,284556,0,266777,0,118625,19517,996,4662
"0,17,31",0,WIN,PROBE,1000000,18,998761,11.3944,0,1,23808,82114,197708,284556,266777,118625,19517,996,96,0,1,1,1,1,16,80,1039,4663,4194304,8388608,2097152,16777216,2097152,33554432,8388608,16777216,2097152,8388608,1048576,65536,1048576,23807,82113,0,197708,0,284556,0,266777,0,118625,19517,996,4662
"0,13,44",0,LOSS,PROBE,1000000,18,998761,7.27844,0,1,23808,82114,197708,284556,266777,118625,19517,996,96,0,1,1,1,1,16,80,1039,4663,4194304,8388608,2097152,16777216,2097152,33554432,8388608,16777216,2097152,8388608,1048576,65536,1048576,23807,82113,0,197708,0,284556,0,266777,0,118625,19517,996,4662
"0,36,50",0,WIN,PROBE,1000000,18,998761,11.1814,0,1,23808,82114,197708,284556,266777,118625,19517,996,96,0,1,1,1,1,16,80,1039,4663,4194304,8388608,2097152,16777216,2097152,33554432,8388608,16777216,2097152,8388608,1048576,65536,1048576,23807,82113,0,197708,0,284556,0,266777,0,118625,19517,996,4662
"0,36,50",0,LOSS,PROBE,1000000,18,998761,6.94681,0,1,23808,82114,197708,284556,266777,118625,19517,996,96,0,1,1,1,1,16,80,1039,4663,4194304,8388608,2097152,16777216,2097152,33554432,8388608,16777216,2097152,8388608,1048576,65536,1048576,23807,82113,0,197708,0,284556,0,266777,0,118625,19517,996,4662
"9,33,54",9,LOSS,PROBE,1000000,18,998761,9.77103,0,1,23808,82114,197708,284556,266777,118625,19517,996,96,0,1,1,1,1,16,80,1039,4663,4194304,8388608,2097152,16777216,2097152,33554432,8388608,16777216,2097152,8388608,1048576,65536,1048576,23807,82113,0,197708,0,284556,0,266777,0,118625,19517,996,4662
"0,1,13",0,WIN,PROBE,1000000,18,998761,8.08203,0,1,23808,82114,197708,284556,266777,118625,19517,996,96,0,1,1,1,1,16,80,1039,4663,4194304,8388608,2097152,16777216,2097152,33554432,8388608,16777216,2097152,8388608,1048576,65536,1048576,23807,82113,0,197708,0,284556,0,266777,0,118625,19517,996,4662
"0,10,13",0,WIN,PROBE,1000000,18,998761,8.90441,0,1,23808,82114,197708,284556,266777,118625,19517,996,96,0,1,1,1,1,16,80,1039,4663,4194304,8388608,2097152,16777216,2097152,33554432,8388608,16777216,2097152,8388608,1048576,65536,1048576,23807,82113,0,197708,0,284556,0,266777,0,118625,19517,996,4662
"0,13,21",0,WIN,PROBE,1000000,18,998761,13.6959,0,1,23808,82114,197708,284556,266777,118625,19517,996,96,0,1,1,1,1,16,80,1039,4663,4194304,8388608,2097152,16777216,2097152,33554432,8388608,16777216,2097152,8388608,1048576,65536,1048576,23807,82113,0,197708,0,284556,0,266777,0,118625,19517,996,4662
"0,36,50",0,LOSS,PROBE,1000000,18,998761,13.0934,0,1,23808,82114,197708,284556,266777,118625,19517,996,96,0,1,1,1,1,16,80,1039,4663,4194304,8388608,2097152,16777216,2097152,33554432,8388608,16777216,2097152,8388608,1048576,65536,1048576,23807,82113,0,197708,0,284556,0,266777,0,118625,19517,996,4662
"0,13,21",0,LOSS,PROBE,1000000,18,998761,13.5344,0,1,23808,82114,197708,284556,266777,118625,19517,996,96,0,1,1,1,1,16,80,1039,4663,4194304,8388608,2097152,16777216,2097152,33554432,8388608,16777216,2097152,8388608,1048576,65536,1048576,23807,82113,0,197708,0,284556,0,266777,0,118625,19517,996,4662
"0,13,34",0,WIN,PROBE,1000000,18,998761,12.8057,0,1,23808,82114,197708,284556,266777,118625,19517,996,96,0,1,1,1,1,16,80,1039,4663,4194304,8388608,2097152,16777216,2097152,33554432,8388608,16777216,2097152,8388608,1048576,65536,1048576,23807,82113,0,197708,0,284556,0,266777,0,118625,19517,996,4662
"0,36,50",0,WIN,PROBE,1000000,18,998761,9.7024,0,1,23808,82114,197708,284556,266777,118625,19517,996,96,0,1,1,1,1,16,80,1039,4663,4194304,8388608,2097152,16777216,2097152,33554432,8388608,16777216,2097152,8388608,1048576,65536,1048576,23807,82113,0,197708,0,284556,0,266777,0,118625,19517,996,4662
"0,7,31",0,WIN,PROBE,1000000,18,998761,9.25532,0,1,23808,82114,197708,284556,266777,118625,19517,996,96,0,1,1,1,1,16,80,1039,4663,4194304,8388608,2097152,16777216,2097152,33554432,8388608,16777216,2097152,8388608,1048576,65536,1048576,23807,82113,0,197708,0,284556,0,266777,0,118625,19517,996,4662
"0,13,44",0,WIN,PROBE,1000000,18,998761,9.8277,0,1,23808,82114,197708,284556,266777,118625,19517,996,96,0,1,1,1,1,16,80,1039,4663,4194304,8388608,2097152,16777216,2097152,33554432,8388608,16777216,2097152,8388608,1048576,65536,1048576,23807,82113,0,197708,0,284556,0,266777,0,118625,19517,996,4662
"0,36,50",0,LOSS,PROBE,1000000,18,998761,13.1492,0,1,23808,82114,197708,284556,266777,118625,19517,996,96,0,1,1,1,1,16,80,1039,4663,4194304,8388608,2097152,16777216,2097152,33554432,8388608,16777216,2097152,8388608,1048576,65536,1048576,23807,82113,0,197708,0,284556,0,266777,0,118625,19517,996,4662
"0,1,13",0,LOSS,PROBE,1000000,18,998761,9.84057,0,1,23808,82114,197708,284556,266777,118625,19517,996,96,0,1,1,1,1,16,80,1039,4663,4194304,8388608,2097152,16777216,2097152,33554432,8388608,16777216,2097152,8388608,1048576,65536,1048576,23807,82113,0,197708,0,284556,0,266777,0,118625,19517,996,4662
"0,13,21",0,LOSS,PROBE,1000000,18,998761,9.69825,0,1,23808,82114,197708,284556,266777,118625,19517,996,96,0,1,1,1,1,16,80,1039,4663,4194304,8388608,2097152,16777216,2097152,33554432,8388608,16777216,2097152,8388608,1048576,65536,1048576,23807,82113,0,197708,0,284556,0,266777,0,118625,19517,996,4662
"0,13,34",0,LOSS,PROBE,1000000,18,998761,7.84432,0,1,23808,82114,197708,284556,266777,118625,19517,996,96,0,1,1,1,1,16,80,1039,4663,4194304,8388608,2097152,16777216,2097152,33554432,8388608,16777216,2097152,8388608,1048576,65536,1048576,23807,82113,0,197708,0,284556,0,266777,0,118625,19517,996,4662
"0,13,34",0,LOSS,PROBE,1000000,18,998761,10.2,0,1,23808,82114,197708,284556,266777,118625,19517,996,96,0,1,1,1,1,16,80,1039,4663,4194304,8388608,2097152,16777216,2097152,33554432,8388608,16777216,2097152,8388608,1048576,65536,1048576,23807,82113,0,197708,0,284556,0,266777,0,118625,19517,996,4662
"0,2,13",0,WIN,PROBE,1000000,18,998761,7.85672,0,1,23808,82114,197708,284556,266777,118625,19517,996,96,0,1,1,1,1,16,80,1039,4663,4194304,8388608,2097152,16777216,2097152,33554432,8388608,16777216,2097152,8388608,1048576,65536,1048576,23807,82113,0,197708,0,284556,0,266777,0,118625,19517,996,4662
"0,2,13",0,WIN,PROBE,1000000,18,998761,8.42993,0,1,23808,82114,197708,284556,266777,118625,19517,996,96,0,1,1,1,1,16,80,1039,4663,4194304,8388608,2097152,16777216,2097152,33554432,8388608,16777216,2097152,8388608,1048576,65536,1048576,23807,82113,0,197708,0,284556,0,266777,0,118625,19517,996,4662
"0,10,13",0,WIN,PROBE,1000000,18,998761,8.65365,0,1,23808,82114,197708,284556,266777,118625,19517,996,96,0,1,1,1,1,16,80,1039,4663,4194304,8388608,2097152,16777216,2097152,33554432,8388608,16777216,2097152,8388608,1048576,65536,1048576,23807,82113,0,197708,0,284556,0,266777,0,118625,19517,996,4662
"0,1,13",0,WIN,PROBE,1000000,18,998761,12.2506,0,1,23808,82114,197708,284556,266777,118625,19517,996,96,0,1,1,1,1,16,80,1039,4663,4194304,8388608,2097152,16777216,2097152,33554432,8388608,16777216,2097152,8388608,1048576,65536,1048576,23807,82113,0,197708,0,284556,0,266777,0,118625,19517,996,4662
"9,33,54",9,LOSS,PROBE,1000000,18,998761,11.6329,0,1,23808,82114,197708,284556,266777,118625,19517,996,96,0,1,1,1,1,16,80,1039,4663,4194304,8388608,2097152,16777216,2097152,33554432,8388608,16777216,2097152,8388608,1048576,65536,1048576,23807,82113,0,197708,0,284556,0,266777,0,118625,19517,996,4662
"0,17,31",0,WIN,PROBE,1000000,18,998761,6.57815,0,1,23808,82114,197708,284556,266777,118625,19517,996,96,0,1,1,1,1,16,80,1039,4663,4194304,8388608,2097152,16777216,2097152,33554432,8388608,16777216,2097152,8388608,1048576,65536,1048576,23807,82113,0,197708,0,284556,0,266777,0,118625,19517,996,4662
"9,33,54",9,LOSS,PROBE,1000000,18,998761,8.08342,0,1,23808,82114,197708,284556,266777,118625,19517,996,96,0,1,1,1,1,16,80,1039,4663,4194304,8388608,2097152,16777216,2097152,33554432,8388608,16777216,2097152,8388608,1048576,65536,1048576,23807,82113,0,197708,0,284556,0,266777,0,118625,19517,996,4662
"0,36,50",0,LOSS,PROBE,1000000,18,998761,9.25512,0,1,23808,82114,197708,284556,266777,118625,19517,996,96,0,1,1,1,1,16,80,1039,4663,4194304,8388608,2097152,16777216,2097152,33554432,8388608,16777216,2097152,8388608,1048576,65536,1048576,23807,82113,0,197708,0,284556,0,266777,0,118625,19517,996,4662
"0,13,34",0,LOSS,PROBE,1000000,18,998761,8.49615,0,1,23808,82114,197708,284556,266777,118625,19517,996,96,0,1,1,1,1,16,80,1039,4663,4194304,8388608,2097152,16777216,2097152,33554432,8388608,16777216,2097152,8388608,1048576,65536,1048576,23807,82113,0,197708,0,284556,0,266777,0,118625,19517,996,4662
"0,10,13",0,WIN,PROBE,1000000,18,998761,10.6464,0,1,23808,82114,197708,284556,266777,118625,19517,996,96,0,1,1,1,1,16,80,1039,4663,4194304,8388608,2097152,16777216,2097152,33554432,8388608,16777216,2097152,8388608,1048576,65536,1048576,23807,82113,0,197708,0,284556,0,266777,0,118625,19517,996,4662
"0,13,34",0,WIN,PROBE,1000000,18,998761,8.54885,0,1,23808,82114,197708,284556,266777,118625,19517,996,96,0,1,1,1,1,16,80,1039,4663,4194304,8388608,2097152,16777216,2097152,33554432,8388608,16777216,2097152,8388608,1048576,65536,1048576,23807,82113,0,197708,0,284556,0,266777,0,118625,19517,996,4662
"9,33,54",9,LOSS,PROBE,1000000,18,998761,10.1739,0,1,23808,82114,197708,284556,266777,118625,19517,996,96,0,1,1,1,1,16,80,1039,4663,4194304,8388608,2097152,16777216,2097152,33554432,8388608,16777216,2097152,8388608,1048576,65536,1048576,23807,82113,0,197708,0,284556,0,266777,0,118625,19517,996,4662
"9,33,54",9,LOSS,PROBE,1000000,18,998761,6.91518,0,1,23808,82114,197708,284556,266777,118625,19517,996,96,0,1,1,1,1,16,80,1039,4663,4194304,8388608,2097152,16777216,2097152,33554432,8388608,16777216,2097152,8388608,1048576,65536,1048576,23807,82113,0,197708,0,284556,0,266777,0,118625,19517,996,4662
"0,10,13",0,WIN,PROBE,1000000,18,998761,5.26785,0,1,23808,82114,197708,284556,266777,118625,19517,996,96,0,1,1,1,1,16,80,1039,4663,4194304,8388608,2097152,16777216,2097152,33554432,8388608,16777216,2097152,8388608,1048576,65536,1048576,23807,82113,0,197708,0,284556,0,266777,0,118625,19517,996,4662
"0,13,34",0,WIN,PROBE,1000000,18,998761,7.76617,0,1,23808,82114,197708,284556,266777,118625,19517,996,96,0,1,1,1,1,16,80,1039,4663,4194304,8388608,2097152,16777216,2097152,33554432,8388608,16777216,2097152,8388608,1048576,65536,1048576,23807,82113,0,197708,0,284556,0,266777,0,118625,19517,996,4662
"0,1,13",0,WIN,PROBE,1000000,18,998761,5.32413,0,1,23808,82114,197708,284556,266777,118625,19517,996,96,0,1,1,1,1,16,80,1039,4663,4194304,8388608,2097152,16777216,2097152,33554432,8388608,16777216,2097152,8388608,1048576,65536,1048576,23807,82113,0,197708,0,284556,0,266777,0,118625,19517,996,4662
"9,33,54",9,LOSS,PROBE,1000000,18,998761,7.11785,0,1,23808,82114,197708,284556,266777,118625,19517,996,96,0,1,1,1,1,16,80,1039,4663,4194304,8388608,2097152,16777216,2097152,33554432,8388608,16777216,2097152,8388608,1048576,65536,1048576,23807,82113,0,197708,0,284556,0,266777,0,118625,19517,996,4662
"0,13,44",0,WIN,PROBE,1000000,18,998761,5.36371,0,1,23808,82114,197708,284556,266777,118625,19517,996,96,0,1,1,1,1,16,80,1039,4663,4194304,8388608,2097152,16777216,2097152,33554432,8388608,16777216,2097152,8388608,1048576,65536,1048576,23807,82113,0,197708,0,284556,0,266777,0,118625,19517,996,4662
"9,33,54",9,LOSS,PROBE,1000000,18,998761,5.85077,0,1,23808,82114,197708,284556,266777,118625,19517,996,96,0,1,1,1,1,16,80,1039,4663,4194304,8388608,2097152,16777216,2097152,33554432,8388608,16777216,2097152,8388608,1048576,65536,1048576,23807,82113,0,197708,0,284556,0,266777,0,118625,19517,996,4662
"0,17,31",0,WIN,PROBE,1000000,18,998761,4.807,0,1,23808,82114,197708,284556,266777,118625,19517,996,96,0,1,1,1,1,16,80,1039,4663,4194304,8388608,2097152,16777216,2097152,33554432,8388608,16777216,2097152,8388608,1048576,65536,1048576,23807,82113,0,197708,0,284556,0,266777,0,118625,19517,996,4662
"0,1,13",0,WIN,PROBE,1000000,18,998761,5.19995,0,1,23808,82114,197708,284556,266777,118625,19517,996,96,0,1,1,1,1,16,80,1039,4663,4194304,8388608,2097152,16777216,2097152,33554432,8388608,16777216,2097152,8388608,1048576,65536,1048576,23807,82113,0,197708,0,284556,0,266777,0,118625,19517,996,4662
"0,13,21",0,WIN,PROBE,1000000,18,998761,4.49636,0,1,23808,82114,197708,284556,266777,118625,19517,996,96,0,1,1,1,1,16,80,1039,4663,4194304,8388608,2097152,16777216,2097152,33554432,8388608,16777216,2097152,8388608,1048576,65536,1048576,23807,82113,0,197708,0,284556,0,266777,0,118625,19517,996,4662
"0,13,44",0,LOSS,PROBE,1000000,18,998761,5.63513,0,1,23808,82114,197708,284556,266777,118625,19517,996,96,0,1,1,1,1,16,80,1039,4663,4194304,8388608,2097152,16777216,2097152,33554432,8388608,16777216,2097152,8388608,1048576,65536,1048576,23807,82113,0,197708,0,284556,0,266777,0,118625,19517,996,4662
"0,17,31",0,WIN,PROBE,1000000,18,998761,4.65141,0,1,23808,82114,197708,284556,266777,118625,19517,996,96,0,1,1,1,1,16,80,1039,4663,4194304,8388608,2097152,16777216,2097152,33554432,8388608,16777216,2097152,8388608,1048576,65536,1048576,23807,82113,0,197708,0,284556,0,266777,0,118625,19517,996,4662
"9,33,54",9,LOSS,PROBE,1000000,18,998761,4.56728,0,1,23808,82114,197708,284556,266777,118625,19517,996,96,0,1,1,1,1,16,80,1039,4663,4194304,8388608,2097152,16777216,2097152,33554432,8388608,16777216,2097152,8388608,1048576,65536,1048576,23807,82113,0,197708,0,284556,0,266777,0,118625,19517,996,4662
"9,33,54",8,LOSS,PROBE,1000000,18,998761,4.92854,0,1,23808,82114,197708,284556,266777,118625,19517,996,96,0,1,1,1,1,16,80,1039,4663,4194304,8388608,2097152,16777216,2097152,33554432,8388608,16777216,2097152,8388608,1048576,65536,1048576,23807,82113,0,197708,0,284556,0,266777,0,118625,19517,996,4662
"0,10,13",0,WIN,PROBE,1000000,18,998761,4.40308,0,1,23808,82114,197708,284556,266777,118625,19517,996,96,0,1,1,1,1,16,80,1039,4663,4194304,8388608,2097152,16777216,2097152,33554432,8388608,16777216,2097152,8388608,1048576,65536,1048576,23807,82113,0,197708,0,284556,0,266777,0,118625,19517,996,4662
"0,10,13",0,WIN,PROBE,1000000,18,998761,5.18299,0,1,23808,82114,197708,284556,266777,118625,19517,996,96,0,1,1,1,1,16,80,1039,4663,4194304,8388608,2097152,16777216,2097152,33554432,8388608,16777216,2097152,8388608,1048576,65536,1048576,23807,82113,0,197708,0,284556,0,266777,0,118625,19517,996,4662
"0,13,21",0,WIN,PROBE,1000000,18,998761,4.54109,0,1,23808,82114,197708,284556,266777,118625,19517,996,96,0,1,1,1,1,16,80,1039,4663,4194304,8388608,2097152,16777216,2097152,33554432,8388608,16777216,2097152,8388608,1048576,65536,1048576,23807,82113,0,197708,0,284556,0,266777,0,118625,19517,996,4662
"0,3,13",0,WIN,PROBE,1000000,18,998761,5.33958,0,1,23808,82114,197708,284556,266777,118625,19517,996,96,0,1,1,1,1,16,80,1039,4663,4194304,8388608,2097152,16777216,2097152,33554432,8388608,16777216,2097152,8388608,1048576,65536,1048576,23807,82113,0,197708,0,284556,0,266777,0,118625,19517,996,4662
"9,33,54",9,LOSS,PROBE,1000000,18,998761,4.58365,0,1,23808,82114,197708,284556,266777,118625,19517,996,96,0,1,1,1,1,16,80,1039,4663,4194304,8388608,2097152,16777216,2097152,33554432,8388608,16777216,2097152,8388608,1048576,65536,1048576,23807,82113,0,197708,0,284556,0,266777,0,118625,19517,996,4662
"0,13,44",0,WIN,PROBE,1000000,18,998761,5.35075,0,1,23808,82114,197708,284556,266777,118625,19517,996,96,0,1,1,1,1,16,80,1039,4663,4194304,8388608,2097152,16777216,2097152,33554432,8388608,16777216,2097152,8388608,1048576,65536,1048576,23807,82113,0,197708,0,284556,0,266777,0,118625,19517,996,4662
"0,17,31",0,WIN,PROBE,1000000,18,998761,5.05271,0,1,23808,82114,197708,284556,266777,118625,19517,996,96,0,1,1,1,1,16,80,1039,4663,4194304,8388608,2097152,16777216,2097152,33554432,8388608,16777216,2097152,8388608,1048576,65536,1048576,23807,82113,0,197708,0,284556,0,266777,0,118625,19517,996,4662
"0,13,34",0,LOSS,PROBE,1000000,18,998761,4.98734,0,1,23808,82114,197708,284556,266777,118625,19517,996,96,0,1,1,1,1,16,80,1039,4663,4194304,8388608,2097152,16777216,2097152,33554432,8388608,16777216,2097152,8388608,1048576,65536,1048576,23807,82113,0,197708,0,284556,0,266777,0,118625,19517,996,4662
"0,36,50",0,WIN,PROBE,1000000,18,998761,5.68397,0,1,23808,82114,197708,284556,266777,118625,19517,996,96,0,1,1,1,1,16,80,1039,4663,4194304,8388608,2097152,16777216,2097152,33554432,8388608,16777216,2097152,8388608,1048576,65536,1048576,23807,82113,0,197708,0,284556,0,266777,0,118625,19517,996,4662
"9,33,54",9,WIN,PROBE,1000000,18,998761,4.65931,0,1,23808,82114,197708,284556,266777,118625,19517,996,96,0,1,1,1,1,16,80,1039,4663,4194304,8388608,2097152,16777216,2097152,33554432,8388608,16777216,2097152,8388608,1048576,65536,1048576,23807,82113,0,197708,0,284556,0,266777,0,118625,19517,996,4662
"9,33,54",9,LOSS,PROBE,1000000,18,998761,5.05974,0,1,23808,82114,197708,284556,266777,118625,19517,996,96,0,1,1,1,1,16,80,1039,4663,4194304,8388608,2097152,16777216,2097152,33554432,8388608,16777216,2097152,8388608,1048576,65536,1048576,23807,82113,0,197708,0,284556,0,266777,0,118625,19517,996,4662
"0,13,44",0,LOSS,PROBE,1000000,18,998761,5.04565,0,1,23808,82114,197708,284556,266777,118625,19517,996,96,0,1,1,1,1,16,80,1039,4663,4194304,8388608,2097152,16777216,2097152,33554432,8388608,16777216,2097152,8388608,1048576,65536,1048576,23807,82113,0,197708,0,284556,0,266777,0,118625,19517,996,4662
"0,3,13",0,WIN,PROBE,1000000,18,998761,4.73745,0,1,23808,82114,197708,284556,266777,118625,19517,996,96,0,1,1,1,1,16,80,1039,4663,4194304,8388608,2097152,16777216,2097152,33554432,8388608,16777216,2097152,8388608,1048576,65536,1048576,23807,82113,0,197708,0,284556,0,266777,0,118625,19517,996,4662
"0,7,31",0,WIN,PROBE,1000000,18,998761,5.09151,0,1,23808,82114,197708,284556,266777,118625,19517,996,96,0,1,1,1,1,16,80,1039,4663,4194304,8388608,2097152,16777216,2097152,33554432,8388608,16777216,2097152,8388608,1048576,65536,1048576,23807,82113,0,197708,0,284556,0,266777,0,118625,19517,996,4662
"0,2,13",0,WIN,PROBE,1000000,18,998761,4.76191,0,1,23808,82114,197708,284556,266777,118625,19517,996,96,0,1,1,1,1,16,80,1039,4663,4194304,8388608,2097152,16777216,2097152,33554432,8388608,16777216,2097152,8388608,1048576,65536,1048576,23807,82113,0,197708,0,284556,0,266777,0,118625,19517,996,4662
"0,3,13",0,WIN,PROBE,1000000,18,998761,5.61241,0,1,23808,82114,197708,284556,266777,118625,19517,996,96,0,1,1,1,1,16,80,1039,4663,4194304,8388608,2097152,16777216,2097152,33554432,8388608,16777216,2097152,8388608,1048576,65536,1048576,23807,82113,0,197708,0,284556,0,266777,0,118625,19517,996,4662
"0,17,31",0,WIN,PROBE,1000000,18,998761,4.61909,0,1,23808,82114,197708,284556,266777,118625,19517,996,96,0,1,1,1,1,16,80,1039,4663,4194304,8388608,2097152,16777216,2097152,33554432,8388608,16777216,2097152,8388608,1048576,65536,1048576,23807,82113,0,197708,0,284556,0,266777,0,118625,19517,996,4662
"9,33,54",0,LOSS,PROBE,1000000,18,998761,4.22287,0,1,23808,82114,197708,284556,266777,118625,19517,996,96,0,1,1,1,1,16,80,1039,4663,4194304,8388608,2097152,16777216,2097152,33554432,8388608,16777216,2097152,8388608,1048576,65536,1048576,23807,82113,0,197708,0,284556,0,266777,0,118625,19517,996,4662
