removed_a,removed_b,state,outcome,visited,maxdepth,cumulative_memo,solver_seconds,batch_witness_unique,batch_witness_bytes,batch_wall_seconds,max_rss_kb
90,61,"2,73,69,66,13,91",WIN,168084,18,167947,1.40248,4104439,98506568,22.46,961256
90,2,"61,73,69,66,13,91",WIN,141705,17,309463,1.96833,4104439,98506568,22.46,961256
90,73,"61,2,69,66,13,91",WIN,244844,18,554093,2.85621,4104439,98506568,22.46,961256
90,69,"61,2,73,66,13,91",WIN,52998,17,607025,3.07757,4104439,98506568,22.46,961256
90,66,"61,2,73,69,13,91",WIN,114845,17,721783,3.57136,4104439,98506568,22.46,961256
90,13,"61,2,73,69,66,91",WIN,158347,17,880020,4.10458,4104439,98506568,22.46,961256
90,91,"61,2,73,69,66,13",WIN,140158,18,1019983,4.53885,4104439,98506568,22.46,961256
61,2,"90,73,69,66,13,91",WIN,310914,18,1330738,5.50162,4104439,98506568,22.46,961256
61,73,"90,2,69,66,13,91",WIN,227954,18,1558602,6.20506,4104439,98506568,22.46,961256
61,69,"90,2,73,66,13,91",WIN,451037,18,2009392,7.58971,4104439,98506568,22.46,961256
61,66,"90,2,73,69,13,91",WIN,201345,18,2210624,8.20017,4104439,98506568,22.46,961256
61,13,"90,2,73,69,66,91",WIN,181003,18,2391515,8.75064,4104439,98506568,22.46,961256
61,91,"90,2,73,69,66,13",WIN,273551,18,2664921,9.68056,4104439,98506568,22.46,961256
2,73,"90,61,69,66,13,91",LOSS,530112,17,3194408,11.3369,4104439,98506568,22.46,961256
2,69,"90,61,73,66,13,91",WIN,50931,17,3245266,11.4949,4104439,98506568,22.46,961256
2,66,"90,61,73,69,13,91",WIN,51400,17,3296607,11.6545,4104439,98506568,22.46,961256
2,13,"90,61,73,69,66,91",WIN,109647,17,3406065,11.9891,4104439,98506568,22.46,961256
2,91,"90,61,73,69,66,13",WIN,216360,18,3622086,12.6445,4104439,98506568,22.46,961256
73,69,"90,61,2,66,13,91",WIN,127448,18,3749435,13.025,4104439,98506568,22.46,961256
73,66,"90,61,2,69,13,91",WIN,243831,18,3993143,13.7541,4104439,98506568,22.46,961256
73,13,"90,61,2,69,66,91",WIN,368458,17,4361227,14.9431,4104439,98506568,22.46,961256
73,91,"90,61,2,69,66,13",LOSS,467339,17,4828180,16.3703,4104439,98506568,22.46,961256
69,66,"90,61,2,73,13,91",WIN,225375,18,5053412,17.0692,4104439,98506568,22.46,961256
69,13,"90,61,2,73,66,91",WIN,105650,17,5158980,17.3994,4104439,98506568,22.46,961256
69,91,"90,61,2,73,66,13",WIN,133423,17,5292248,17.8092,4104439,98506568,22.46,961256
66,13,"90,61,2,73,69,91",WIN,120214,17,5412390,18.1775,4104439,98506568,22.46,961256
66,91,"90,61,2,73,69,13",WIN,411503,18,5823585,19.4434,4104439,98506568,22.46,961256
13,91,"90,61,2,73,69,66",LOSS,383690,18,6206836,20.7309,4104439,98506568,22.46,961256
