index,state,outcome,source,loss_child,visited,maxdepth,memo,seconds
0,"0,1,13",WIN,HAS_EXACT_LOSS_CHILD,"0,1,10,13",,,,
1,"0,7,31",WIN,HAS_EXACT_LOSS_CHILD,"0,7,31,64",,,,
2,"0,17,31",WIN,HAS_EXACT_LOSS_CHILD,"9,12,31,38",,,,
3,"0,13,34",WIN,HAS_EXACT_LOSS_CHILD,"0,13,24,34",,,,
4,"0,31,36",WIN,HAS_EXACT_LOSS_CHILD,"0,24,31,36",,,,
5,"0,13,44",WIN,HAS_EXACT_LOSS_CHILD,"0,13,22,44",,,,
6,"0,2,13",WIN,HAS_EXACT_LOSS_CHILD,"7,9,16,54",,,,
7,"0,3,13",WIN,HAS_EXACT_LOSS_CHILD,"0,30,31,38",,,,
8,"0,10,13",WIN,HAS_EXACT_LOSS_CHILD,"0,1,10,13",,,,
9,"0,13,21",WIN,HAS_EXACT_LOSS_CHILD,"0,13,21,26",,,,
10,"0,13,22",WIN,HAS_EXACT_LOSS_CHILD,"0,13,22,44",,,,
11,"0,13,24",WIN,HAS_EXACT_LOSS_CHILD,"0,13,24,34",,,,
12,"0,4,31",WIN,HAS_EXACT_LOSS_CHILD,"0,13,40,47",,,,
13,"0,24,31",WIN,HAS_EXACT_LOSS_CHILD,"0,24,31,36",,,,
14,"0,13,33",WIN,HAS_EXACT_LOSS_CHILD,"0,31,33,36",,,,
15,"9,30,38",WIN,HAS_EXACT_LOSS_CHILD,"9,30,33,38",,,,
16,"9,38,41",WIN,HAS_EXACT_LOSS_CHILD,"0,31,41,48",,,,
17,"9,16,54",WIN,HAS_EXACT_LOSS_CHILD,"7,9,16,54",,,,
18,"9,16,33",WIN,HAS_EXACT_LOSS_CHILD,"0,13,36,63",,,,
19,"9,16,34",WIN,HAS_EXACT_LOSS_CHILD,"0,13,34,35",,,,
20,"9,16,42",WIN,HAS_EXACT_LOSS_CHILD,"0,13,40,47",,,,
21,"9,16,43",WIN,HAS_EXACT_LOSS_CHILD,"0,7,31,64",,,,
22,"9,38,62",WIN,HAS_EXACT_LOSS_CHILD,"9,33,38,62",,,,
23,"9,16,63",WIN,HAS_EXACT_LOSS_CHILD,"9,16,27,63",,,,
24,"9,16,70",WIN,HAS_EXACT_LOSS_CHILD,"0,13,70,79",,,,
25,"9,38,70",WIN,HAS_EXACT_LOSS_CHILD,"0,31,70,79",,,,
26,"9,16,72",WIN,HAS_EXACT_LOSS_CHILD,"9,16,27,72",,,,
27,"0,4,13",WIN,HAS_EXACT_LOSS_CHILD,"0,31,36,40",,,,
28,"0,5,13",WIN,HAS_EXACT_LOSS_CHILD,"0,31,36,50",,,,
29,"0,7,13",WIN,HAS_EXACT_LOSS_CHILD,"0,31,70,79",,,,
30,"0,8,13",WIN,HAS_EXACT_LOSS_CHILD,"0,8,13,53",,,,
31,"0,9,13",WIN,HAS_EXACT_LOSS_CHILD,"0,9,13,83",,,,
32,"0,11,13",WIN,HAS_EXACT_LOSS_CHILD,"9,16,18,72",,,,
33,"0,12,13",WIN,HAS_EXACT_LOSS_CHILD,"0,21,31,36",,,,
34,"0,13,14",WIN,HAS_EXACT_LOSS_CHILD,"0,31,41,48",,,,
35,"0,13,15",WIN,HAS_EXACT_LOSS_CHILD,"0,10,13,15",,,,
36,"0,13,16",WIN,HAS_EXACT_LOSS_CHILD,"0,31,36,61",,,,
37,"0,13,23",WIN,HAS_EXACT_LOSS_CHILD,"0,31,32,36",,,,
38,"9,16,23",WIN,HAS_EXACT_LOSS_CHILD,"0,13,21,26",,,,
39,"0,13,30",WIN,HAS_EXACT_LOSS_CHILD,"0,3,31,36",,,,
40,"9,16,30",WIN,HAS_EXACT_LOSS_CHILD,"9,16,30,37",,,,
41,"0,5,31",WIN,HAS_EXACT_LOSS_CHILD,"0,13,50,57",,,,
42,"0,6,31",WIN,HAS_EXACT_LOSS_CHILD,"0,13,60,68",,,,
43,"0,8,31",WIN,HAS_EXACT_LOSS_CHILD,"0,8,31,36",,,,
44,"0,9,31",WIN,HAS_EXACT_LOSS_CHILD,"0,9,31,36",,,,
45,"0,31,34",WIN,HAS_EXACT_LOSS_CHILD,"0,31,34,36",,,,
46,"0,31,35",WIN,HAS_EXACT_LOSS_CHILD,"0,31,35,36",,,,
47,"0,31,37",WIN,HAS_EXACT_LOSS_CHILD,"0,31,36,37",,,,
48,"0,31,38",WIN,HAS_EXACT_LOSS_CHILD,"9,12,31,38",,,,
49,"9,16,52",WIN,HAS_EXACT_LOSS_CHILD,"0,13,50,57",,,,
50,"9,16,61",WIN,HAS_EXACT_LOSS_CHILD,"9,16,47,61",,,,
51,"9,16,81",WIN,HAS_EXACT_LOSS_CHILD,"9,16,45,81",,,,
52,"9,16,90",WIN,HAS_EXACT_LOSS_CHILD,"9,16,54,90",,,,
53,"0,6,13",WIN,HAS_EXACT_LOSS_CHILD,"0,31,36,60",,,,
54,"9,10,16",WIN,HAS_EXACT_LOSS_CHILD,"9,10,16,54",,,,
55,"9,11,16",WIN,HAS_EXACT_LOSS_CHILD,"0,13,18,63",,,,
56,"9,12,16",WIN,HAS_EXACT_LOSS_CHILD,"0,13,17,44",,,,
57,"0,13,20",WIN,HAS_EXACT_LOSS_CHILD,"0,2,31,38",,,,
58,"9,16,20",WIN,HAS_EXACT_LOSS_CHILD,"0,13,29,63",,,,
59,"9,16,21",WIN,HAS_EXACT_LOSS_CHILD,"9,16,21,61",,,,
60,"9,16,22",WIN,HAS_EXACT_LOSS_CHILD,"0,13,27,63",,,,
61,"9,16,24",WIN,HAS_EXACT_LOSS_CHILD,"0,7,31,52",,,,
62,"0,13,31",WIN,HAS_EXACT_LOSS_CHILD,"0,13,31,36",,,,
63,"0,14,31",WIN,HAS_EXACT_LOSS_CHILD,"0,14,31,36",,,,
64,"0,15,31",WIN,HAS_EXACT_LOSS_CHILD,"9,14,38,54",,,,
65,"0,16,31",WIN,HAS_EXACT_LOSS_CHILD,"9,13,31,38",,,,
66,"9,16,31",WIN,HAS_EXACT_LOSS_CHILD,"0,13,31,38",,,,
67,"0,18,31",WIN,HAS_EXACT_LOSS_CHILD,"0,7,18,31",,,,
68,"0,19,31",WIN,HAS_EXACT_LOSS_CHILD,"9,10,38,54",,,,
69,"0,23,31",WIN,HAS_EXACT_LOSS_CHILD,"0,23,31,36",,,,
70,"0,25,31",WIN,HAS_EXACT_LOSS_CHILD,"0,25,31,36",,,,
71,"0,26,31",WIN,HAS_EXACT_LOSS_CHILD,"0,26,31,36",,,,
72,"0,27,31",WIN,HAS_EXACT_LOSS_CHILD,"0,27,31,36",,,,
73,"0,28,31",WIN,HAS_EXACT_LOSS_CHILD,"0,21,28,31",,,,
74,"0,29,31",WIN,HAS_EXACT_LOSS_CHILD,"0,22,29,31",,,,
75,"9,16,32",WIN,HAS_EXACT_LOSS_CHILD,"0,13,30,37",,,,
76,"9,16,40",WIN,HAS_EXACT_LOSS_CHILD,"0,13,49,63",,,,
77,"9,38,40",WIN,HAS_EXACT_LOSS_CHILD,"9,38,40,47",,,,
78,"9,16,41",WIN,HAS_EXACT_LOSS_CHILD,"0,31,39,84",,,,
79,"9,38,42",WIN,HAS_EXACT_LOSS_CHILD,"9,33,38,42",,,,
80,"9,38,43",WIN,HAS_EXACT_LOSS_CHILD,"9,33,38,43",,,,
81,"9,16,44",WIN,HAS_EXACT_LOSS_CHILD,"0,31,36,54",,,,
82,"9,38,44",WIN,HAS_EXACT_LOSS_CHILD,"9,33,38,44",,,,
83,"9,16,50",WIN,HAS_EXACT_LOSS_CHILD,"0,13,50,59",,,,
84,"9,38,50",WIN,HAS_EXACT_LOSS_CHILD,"5,9,38,50",,,,
85,"9,16,51",WIN,HAS_EXACT_LOSS_CHILD,"0,13,58,63",,,,
86,"9,38,51",WIN,HAS_EXACT_LOSS_CHILD,"9,33,38,51",,,,
87,"9,38,52",WIN,HAS_EXACT_LOSS_CHILD,"0,31,50,57",,,,
88,"9,16,53",WIN,HAS_EXACT_LOSS_CHILD,"9,16,43,53",,,,
89,"9,38,53",WIN,HAS_EXACT_LOSS_CHILD,"9,33,38,53",,,,
90,"9,16,60",WIN,HAS_EXACT_LOSS_CHILD,"9,16,60,66",,,,
91,"9,38,60",WIN,HAS_EXACT_LOSS_CHILD,"9,33,38,60",,,,
92,"9,38,61",WIN,HAS_EXACT_LOSS_CHILD,"9,38,61,72",,,,
93,"9,16,62",WIN,HAS_EXACT_LOSS_CHILD,"9,16,62,66",,,,
94,"9,16,71",WIN,HAS_EXACT_LOSS_CHILD,"9,31,38,82",,,,
95,"9,38,71",WIN,HAS_EXACT_LOSS_CHILD,"9,31,38,71",,,,
96,"9,16,80",WIN,HAS_EXACT_LOSS_CHILD,"9,16,66,80",,,,
97,"9,38,80",WIN,HAS_EXACT_LOSS_CHILD,"9,33,38,80",,,,
